<?xml version="1.0" encoding="UTF-8"?>
<kml xmlns="http://www.opengis.net/kml/2.2">
<Document>
<name>Combined Coordinates - Part 3</name>
<description>Combined coordinates from Google Earth KML files (Part 3 of 3)</description>
<Style id="defaultStyle">
    <IconStyle>
        <scale>0.8</scale>
        <Icon>
            <href>http://maps.google.com/mapfiles/kml/paddle/red-circle.png</href>
        </Icon>
    </IconStyle>
</Style>
<Placemark>
    <name>CR1189 BELLS 1600611893</name>
    <description>(731) 549-7798  02/13/11 17:23:00</description>
    <styleUrl>#defaultStyle</styleUrl>
    <Point>
        <coordinates>-89.0861561565,35.7620018497,500.0</coordinates>
    </Point>
</Placemark>
<Placemark>
    <name>CR1189 BELLS 1600611893</name>
    <description>(731) 549-7798  02/13/11 17:23:00</description>
    <styleUrl>#defaultStyle</styleUrl>
    <Point>
        <coordinates>-89.084525223,35.762736131,500.0</coordinates>
    </Point>
</Placemark>
<Placemark>
    <name>CR1189 BELLS 1600611893</name>
    <description>(731) 549-7798  02/13/11 17:23:00</description>
    <styleUrl>#defaultStyle</styleUrl>
    <Point>
        <coordinates>-89.0828637325,35.7634237406,500.0</coordinates>
    </Point>
</Placemark>
<Placemark>
    <name>CR1189 BELLS 1600611893</name>
    <description>(731) 549-7798  02/13/11 17:23:00</description>
    <styleUrl>#defaultStyle</styleUrl>
    <Point>
        <coordinates>-89.0811737091,35.7640638394,500.0</coordinates>
    </Point>
</Placemark>
<Placemark>
    <name>CR1189 BELLS 1600611893</name>
    <description>(731) 549-7798  02/13/11 17:23:00</description>
    <styleUrl>#defaultStyle</styleUrl>
    <Point>
        <coordinates>-89.079457212,35.7646556465,500.0</coordinates>
    </Point>
</Placemark>
<Placemark>
    <name>CR1189 BELLS 1600611893</name>
    <description>(731) 549-7798  02/13/11 17:23:00</description>
    <styleUrl>#defaultStyle</styleUrl>
    <Point>
        <coordinates>-89.0777163323,35.7651984397,500.0</coordinates>
    </Point>
</Placemark>
<Placemark>
    <name>CR1189 BELLS 1600611893</name>
    <description>(731) 549-7798  02/13/11 17:23:00</description>
    <styleUrl>#defaultStyle</styleUrl>
    <Point>
        <coordinates>-89.0759531911,35.7656915567,500.0</coordinates>
    </Point>
</Placemark>
<Placemark>
    <name>CR1189 BELLS 1600611893</name>
    <description>(731) 549-7798  02/13/11 17:23:00</description>
    <styleUrl>#defaultStyle</styleUrl>
    <Point>
        <coordinates>-89.0741699365,35.7661343958,500.0</coordinates>
    </Point>
</Placemark>
<Placemark>
    <name>CR1189 BELLS 1600611893</name>
    <description>(731) 549-7798  02/13/11 17:23:00</description>
    <styleUrl>#defaultStyle</styleUrl>
    <Point>
        <coordinates>-89.0723687412,35.7665264166,500.0</coordinates>
    </Point>
</Placemark>
<Placemark>
    <name>CR1189 BELLS 1600611893</name>
    <description>(731) 549-7798  02/13/11 17:23:00</description>
    <styleUrl>#defaultStyle</styleUrl>
    <Point>
        <coordinates>-89.0705517995,35.7668671408,500.0</coordinates>
    </Point>
</Placemark>
<Placemark>
    <name>CR1189 BELLS 1600611893</name>
    <description>(731) 549-7798  02/13/11 17:23:00</description>
    <styleUrl>#defaultStyle</styleUrl>
    <Point>
        <coordinates>-89.0687213253,35.7671561525,500.0</coordinates>
    </Point>
</Placemark>
<Placemark>
    <name>CR1189 BELLS 1600611893</name>
    <description>(731) 549-7798  02/13/11 17:23:00</description>
    <styleUrl>#defaultStyle</styleUrl>
    <Point>
        <coordinates>-89.0668795485,35.7673930991,500.0</coordinates>
    </Point>
</Placemark>
<Placemark>
    <name>CR1189 BELLS 1600611893</name>
    <description>(731) 549-7798  02/13/11 17:23:00</description>
    <styleUrl>#defaultStyle</styleUrl>
    <Point>
        <coordinates>-89.0650287132,35.7675776914,500.0</coordinates>
    </Point>
</Placemark>
<Placemark>
    <name>CR1189 BELLS 1600611893</name>
    <description>(731) 549-7798  02/13/11 17:23:00</description>
    <styleUrl>#defaultStyle</styleUrl>
    <Point>
        <coordinates>-89.0631710744,35.7677097042,500.0</coordinates>
    </Point>
</Placemark>
<Placemark>
    <name>CR1189 BELLS 1600611893</name>
    <description>(731) 549-7798  02/13/11 17:23:00</description>
    <styleUrl>#defaultStyle</styleUrl>
    <Point>
        <coordinates>-89.0613088952,35.7677889764,500.0</coordinates>
    </Point>
</Placemark>
<Placemark>
    <name>CR1189 BELLS 1600611893</name>
    <description>(731) 549-7798  02/13/11 17:23:00</description>
    <styleUrl>#defaultStyle</styleUrl>
    <Point>
        <coordinates>-89.0594444444,35.7678154112,500.0</coordinates>
    </Point>
</Placemark>
<Placemark>
    <name>RECTOR 2500612011</name>
    <description>(731) 549-7798  02/20/11 15:22:00</description>
    <styleUrl>#defaultStyle</styleUrl>
    <Point>
        <coordinates>-90.4097222222,36.2538888889,500.0</coordinates>
    </Point>
</Placemark>
<Placemark>
    <name>RECTOR 2500612011</name>
    <description>(731) 549-7798  02/20/11 15:22:00</description>
    <styleUrl>#defaultStyle</styleUrl>
    <Point>
        <coordinates>-90.4509225072,36.2817601408,500.0</coordinates>
    </Point>
</Placemark>
<Placemark>
    <name>RECTOR 2500612011</name>
    <description>(731) 549-7798  02/20/11 15:22:00</description>
    <styleUrl>#defaultStyle</styleUrl>
    <Point>
        <coordinates>-90.4496908939,36.2829030781,500.0</coordinates>
    </Point>
</Placemark>
<Placemark>
    <name>RECTOR 2500612011</name>
    <description>(731) 549-7798  02/20/11 15:22:00</description>
    <styleUrl>#defaultStyle</styleUrl>
    <Point>
        <coordinates>-90.448410585,36.2840106612,500.0</coordinates>
    </Point>
</Placemark>
<Placemark>
    <name>RECTOR 2500612011</name>
    <description>(731) 549-7798  02/20/11 15:22:00</description>
    <styleUrl>#defaultStyle</styleUrl>
    <Point>
        <coordinates>-90.4470831403,36.2850815389,500.0</coordinates>
    </Point>
</Placemark>
<Placemark>
    <name>RECTOR 2500612011</name>
    <description>(731) 549-7798  02/20/11 15:22:00</description>
    <styleUrl>#defaultStyle</styleUrl>
    <Point>
        <coordinates>-90.445710177,36.2861144051,500.0</coordinates>
    </Point>
</Placemark>
<Placemark>
    <name>RECTOR 2500612011</name>
    <description>(731) 549-7798  02/20/11 15:22:00</description>
    <styleUrl>#defaultStyle</styleUrl>
    <Point>
        <coordinates>-90.4442933679,36.2871079998,500.0</coordinates>
    </Point>
</Placemark>
<Placemark>
    <name>RECTOR 2500612011</name>
    <description>(731) 549-7798  02/20/11 15:22:00</description>
    <styleUrl>#defaultStyle</styleUrl>
    <Point>
        <coordinates>-90.4428344391,36.2880611111,500.0</coordinates>
    </Point>
</Placemark>
<Placemark>
    <name>RECTOR 2500612011</name>
    <description>(731) 549-7798  02/20/11 15:22:00</description>
    <styleUrl>#defaultStyle</styleUrl>
    <Point>
        <coordinates>-90.4413351682,36.2889725761,500.0</coordinates>
    </Point>
</Placemark>
<Placemark>
    <name>RECTOR 2500612011</name>
    <description>(731) 549-7798  02/20/11 15:22:00</description>
    <styleUrl>#defaultStyle</styleUrl>
    <Point>
        <coordinates>-90.4397973817,36.2898412829,500.0</coordinates>
    </Point>
</Placemark>
<Placemark>
    <name>RECTOR 2500612011</name>
    <description>(731) 549-7798  02/20/11 15:22:00</description>
    <styleUrl>#defaultStyle</styleUrl>
    <Point>
        <coordinates>-90.4382229533,36.2906661717,500.0</coordinates>
    </Point>
</Placemark>
<Placemark>
    <name>RECTOR 2500612011</name>
    <description>(731) 549-7798  02/20/11 15:22:00</description>
    <styleUrl>#defaultStyle</styleUrl>
    <Point>
        <coordinates>-90.436613801,36.2914462361,500.0</coordinates>
    </Point>
</Placemark>
<Placemark>
    <name>RECTOR 2500612011</name>
    <description>(731) 549-7798  02/20/11 15:22:00</description>
    <styleUrl>#defaultStyle</styleUrl>
    <Point>
        <coordinates>-90.4349718855,36.2921805243,500.0</coordinates>
    </Point>
</Placemark>
<Placemark>
    <name>RECTOR 2500612011</name>
    <description>(731) 549-7798  02/20/11 15:22:00</description>
    <styleUrl>#defaultStyle</styleUrl>
    <Point>
        <coordinates>-90.4332992071,36.2928681405,500.0</coordinates>
    </Point>
</Placemark>
<Placemark>
    <name>RECTOR 2500612011</name>
    <description>(731) 549-7798  02/20/11 15:22:00</description>
    <styleUrl>#defaultStyle</styleUrl>
    <Point>
        <coordinates>-90.4315978037,36.2935082455,500.0</coordinates>
    </Point>
</Placemark>
<Placemark>
    <name>RECTOR 2500612011</name>
    <description>(731) 549-7798  02/20/11 15:22:00</description>
    <styleUrl>#defaultStyle</styleUrl>
    <Point>
        <coordinates>-90.4298697483,36.2941000584,500.0</coordinates>
    </Point>
</Placemark>
<Placemark>
    <name>RECTOR 2500612011</name>
    <description>(731) 549-7798  02/20/11 15:22:00</description>
    <styleUrl>#defaultStyle</styleUrl>
    <Point>
        <coordinates>-90.4281171462,36.294642857,500.0</coordinates>
    </Point>
</Placemark>
<Placemark>
    <name>RECTOR 2500612011</name>
    <description>(731) 549-7798  02/20/11 15:22:00</description>
    <styleUrl>#defaultStyle</styleUrl>
    <Point>
        <coordinates>-90.4263421327,36.295135979,500.0</coordinates>
    </Point>
</Placemark>
<Placemark>
    <name>RECTOR 2500612011</name>
    <description>(731) 549-7798  02/20/11 15:22:00</description>
    <styleUrl>#defaultStyle</styleUrl>
    <Point>
        <coordinates>-90.4245468703,36.2955788226,500.0</coordinates>
    </Point>
</Placemark>
<Placemark>
    <name>RECTOR 2500612011</name>
    <description>(731) 549-7798  02/20/11 15:22:00</description>
    <styleUrl>#defaultStyle</styleUrl>
    <Point>
        <coordinates>-90.4227335464,36.2959708475,500.0</coordinates>
    </Point>
</Placemark>
<Placemark>
    <name>RECTOR 2500612011</name>
    <description>(731) 549-7798  02/20/11 15:22:00</description>
    <styleUrl>#defaultStyle</styleUrl>
    <Point>
        <coordinates>-90.4209043701,36.2963115752,500.0</coordinates>
    </Point>
</Placemark>
<Placemark>
    <name>RECTOR 2500612011</name>
    <description>(731) 549-7798  02/20/11 15:22:00</description>
    <styleUrl>#defaultStyle</styleUrl>
    <Point>
        <coordinates>-90.4190615701,36.2966005899,500.0</coordinates>
    </Point>
</Placemark>
<Placemark>
    <name>RECTOR 2500612011</name>
    <description>(731) 549-7798  02/20/11 15:22:00</description>
    <styleUrl>#defaultStyle</styleUrl>
    <Point>
        <coordinates>-90.4172073916,36.2968375391,500.0</coordinates>
    </Point>
</Placemark>
<Placemark>
    <name>RECTOR 2500612011</name>
    <description>(731) 549-7798  02/20/11 15:22:00</description>
    <styleUrl>#defaultStyle</styleUrl>
    <Point>
        <coordinates>-90.4153440934,36.2970221333,500.0</coordinates>
    </Point>
</Placemark>
<Placemark>
    <name>RECTOR 2500612011</name>
    <description>(731) 549-7798  02/20/11 15:22:00</description>
    <styleUrl>#defaultStyle</styleUrl>
    <Point>
        <coordinates>-90.4134739459,36.2971541476,500.0</coordinates>
    </Point>
</Placemark>
<Placemark>
    <name>RECTOR 2500612011</name>
    <description>(731) 549-7798  02/20/11 15:22:00</description>
    <styleUrl>#defaultStyle</styleUrl>
    <Point>
        <coordinates>-90.4115992275,36.2972334206,500.0</coordinates>
    </Point>
</Placemark>
<Placemark>
    <name>RECTOR 2500612011</name>
    <description>(731) 549-7798  02/20/11 15:22:00</description>
    <styleUrl>#defaultStyle</styleUrl>
    <Point>
        <coordinates>-90.4097222222,36.2972598557,500.0</coordinates>
    </Point>
</Placemark>
<Placemark>
    <name>RECTOR 2500612011</name>
    <description>(731) 549-7798  02/20/11 15:22:00</description>
    <styleUrl>#defaultStyle</styleUrl>
    <Point>
        <coordinates>-90.407845217,36.2972334206,500.0</coordinates>
    </Point>
</Placemark>
<Placemark>
    <name>RECTOR 2500612011</name>
    <description>(731) 549-7798  02/20/11 15:22:00</description>
    <styleUrl>#defaultStyle</styleUrl>
    <Point>
        <coordinates>-90.4059704985,36.2971541476,500.0</coordinates>
    </Point>
</Placemark>
<Placemark>
    <name>RECTOR 2500612011</name>
    <description>(731) 549-7798  02/20/11 15:22:00</description>
    <styleUrl>#defaultStyle</styleUrl>
    <Point>
        <coordinates>-90.404100351,36.2970221333,500.0</coordinates>
    </Point>
</Placemark>
<Placemark>
    <name>RECTOR 2500612011</name>
    <description>(731) 549-7798  02/20/11 15:22:00</description>
    <styleUrl>#defaultStyle</styleUrl>
    <Point>
        <coordinates>-90.4022370529,36.2968375391,500.0</coordinates>
    </Point>
</Placemark>
<Placemark>
    <name>RECTOR 2500612011</name>
    <description>(731) 549-7798  02/20/11 15:22:00</description>
    <styleUrl>#defaultStyle</styleUrl>
    <Point>
        <coordinates>-90.4003828743,36.2966005899,500.0</coordinates>
    </Point>
</Placemark>
<Placemark>
    <name>RECTOR 2500612011</name>
    <description>(731) 549-7798  02/20/11 15:22:00</description>
    <styleUrl>#defaultStyle</styleUrl>
    <Point>
        <coordinates>-90.3985400743,36.2963115752,500.0</coordinates>
    </Point>
</Placemark>
<Placemark>
    <name>RECTOR 2500612011</name>
    <description>(731) 549-7798  02/20/11 15:22:00</description>
    <styleUrl>#defaultStyle</styleUrl>
    <Point>
        <coordinates>-90.3967108981,36.2959708475,500.0</coordinates>
    </Point>
</Placemark>
<Placemark>
    <name>RECTOR 2500612011</name>
    <description>(731) 549-7798  02/20/11 15:22:00</description>
    <styleUrl>#defaultStyle</styleUrl>
    <Point>
        <coordinates>-90.3948975741,36.2955788226,500.0</coordinates>
    </Point>
</Placemark>
<Placemark>
    <name>RECTOR 2500612011</name>
    <description>(731) 549-7798  02/20/11 15:22:00</description>
    <styleUrl>#defaultStyle</styleUrl>
    <Point>
        <coordinates>-90.3931023118,36.295135979,500.0</coordinates>
    </Point>
</Placemark>
<Placemark>
    <name>RECTOR 2500612011</name>
    <description>(731) 549-7798  02/20/11 15:22:00</description>
    <styleUrl>#defaultStyle</styleUrl>
    <Point>
        <coordinates>-90.3913272982,36.294642857,500.0</coordinates>
    </Point>
</Placemark>
<Placemark>
    <name>RECTOR 2500612011</name>
    <description>(731) 549-7798  02/20/11 15:22:00</description>
    <styleUrl>#defaultStyle</styleUrl>
    <Point>
        <coordinates>-90.3895746961,36.2941000584,500.0</coordinates>
    </Point>
</Placemark>
<Placemark>
    <name>RECTOR 2500612011</name>
    <description>(731) 549-7798  02/20/11 15:22:00</description>
    <styleUrl>#defaultStyle</styleUrl>
    <Point>
        <coordinates>-90.3878466407,36.2935082455,500.0</coordinates>
    </Point>
</Placemark>
<Placemark>
    <name>RECTOR 2500612011</name>
    <description>(731) 549-7798  02/20/11 15:22:00</description>
    <styleUrl>#defaultStyle</styleUrl>
    <Point>
        <coordinates>-90.3861452373,36.2928681405,500.0</coordinates>
    </Point>
</Placemark>
<Placemark>
    <name>RECTOR 2500612011</name>
    <description>(731) 549-7798  02/20/11 15:22:00</description>
    <styleUrl>#defaultStyle</styleUrl>
    <Point>
        <coordinates>-90.384472559,36.2921805243,500.0</coordinates>
    </Point>
</Placemark>
<Placemark>
    <name>RECTOR 2500612011</name>
    <description>(731) 549-7798  02/20/11 15:22:00</description>
    <styleUrl>#defaultStyle</styleUrl>
    <Point>
        <coordinates>-90.3828306434,36.2914462361,500.0</coordinates>
    </Point>
</Placemark>
<Placemark>
    <name>RECTOR 2500612011</name>
    <description>(731) 549-7798  02/20/11 15:22:00</description>
    <styleUrl>#defaultStyle</styleUrl>
    <Point>
        <coordinates>-90.3812214912,36.2906661717,500.0</coordinates>
    </Point>
</Placemark>
<Placemark>
    <name>RECTOR 2500612011</name>
    <description>(731) 549-7798  02/20/11 15:22:00</description>
    <styleUrl>#defaultStyle</styleUrl>
    <Point>
        <coordinates>-90.3796470627,36.2898412829,500.0</coordinates>
    </Point>
</Placemark>
<Placemark>
    <name>RECTOR 2500612011</name>
    <description>(731) 549-7798  02/20/11 15:22:00</description>
    <styleUrl>#defaultStyle</styleUrl>
    <Point>
        <coordinates>-90.3781092763,36.2889725761,500.0</coordinates>
    </Point>
</Placemark>
<Placemark>
    <name>RECTOR 2500612011</name>
    <description>(731) 549-7798  02/20/11 15:22:00</description>
    <styleUrl>#defaultStyle</styleUrl>
    <Point>
        <coordinates>-90.3766100053,36.2880611111,500.0</coordinates>
    </Point>
</Placemark>
<Placemark>
    <name>RECTOR 2500612011</name>
    <description>(731) 549-7798  02/20/11 15:22:00</description>
    <styleUrl>#defaultStyle</styleUrl>
    <Point>
        <coordinates>-90.3751510766,36.2871079998,500.0</coordinates>
    </Point>
</Placemark>
<Placemark>
    <name>RECTOR 2500612011</name>
    <description>(731) 549-7798  02/20/11 15:22:00</description>
    <styleUrl>#defaultStyle</styleUrl>
    <Point>
        <coordinates>-90.3737342675,36.2861144051,500.0</coordinates>
    </Point>
</Placemark>
<Placemark>
    <name>RECTOR 2500612011</name>
    <description>(731) 549-7798  02/20/11 15:22:00</description>
    <styleUrl>#defaultStyle</styleUrl>
    <Point>
        <coordinates>-90.3723613042,36.2850815389,500.0</coordinates>
    </Point>
</Placemark>
<Placemark>
    <name>RECTOR 2500612011</name>
    <description>(731) 549-7798  02/20/11 15:22:00</description>
    <styleUrl>#defaultStyle</styleUrl>
    <Point>
        <coordinates>-90.3710338594,36.2840106612,500.0</coordinates>
    </Point>
</Placemark>
<Placemark>
    <name>RECTOR 2500612011</name>
    <description>(731) 549-7798  02/20/11 15:22:00</description>
    <styleUrl>#defaultStyle</styleUrl>
    <Point>
        <coordinates>-90.3697535505,36.2829030781,500.0</coordinates>
    </Point>
</Placemark>
<Placemark>
    <name>RECTOR 2500612011</name>
    <description>(731) 549-7798  02/20/11 15:22:00</description>
    <styleUrl>#defaultStyle</styleUrl>
    <Point>
        <coordinates>-90.3685219373,36.2817601408,500.0</coordinates>
    </Point>
</Placemark>
<Placemark>
    <name>RECTOR 2500612011</name>
    <description>(731) 549-7798  02/20/11 15:22:00</description>
    <styleUrl>#defaultStyle</styleUrl>
    <Point>
        <coordinates>-90.3673405203,36.2805832431,500.0</coordinates>
    </Point>
</Placemark>
<Placemark>
    <name>RECTOR 2500612011</name>
    <description>(731) 549-7798  02/20/11 15:22:00</description>
    <styleUrl>#defaultStyle</styleUrl>
    <Point>
        <coordinates>-90.3662107389,36.2793738205,500.0</coordinates>
    </Point>
</Placemark>
<Placemark>
    <name>RECTOR 2500612011</name>
    <description>(731) 549-7798  02/20/11 15:22:00</description>
    <styleUrl>#defaultStyle</styleUrl>
    <Point>
        <coordinates>-90.3651339695,36.2781333479,500.0</coordinates>
    </Point>
</Placemark>
<Placemark>
    <name>RECTOR 2500612011</name>
    <description>(731) 549-7798  02/20/11 15:22:00</description>
    <styleUrl>#defaultStyle</styleUrl>
    <Point>
        <coordinates>-90.3641115241,36.2768633382,500.0</coordinates>
    </Point>
</Placemark>
<Placemark>
    <name>RECTOR 2500612011</name>
    <description>(731) 549-7798  02/20/11 15:22:00</description>
    <styleUrl>#defaultStyle</styleUrl>
    <Point>
        <coordinates>-90.3631446483,36.2755653399,500.0</coordinates>
    </Point>
</Placemark>
<Placemark>
    <name>RECTOR 2500612011</name>
    <description>(731) 549-7798  02/20/11 15:22:00</description>
    <styleUrl>#defaultStyle</styleUrl>
    <Point>
        <coordinates>-90.3622345201,36.2742409358,500.0</coordinates>
    </Point>
</Placemark>
<Placemark>
    <name>RECTOR 2500612011</name>
    <description>(731) 549-7798  02/20/11 15:22:00</description>
    <styleUrl>#defaultStyle</styleUrl>
    <Point>
        <coordinates>-90.3613822483,36.272891741,500.0</coordinates>
    </Point>
</Placemark>
<Placemark>
    <name>RECTOR 2500612011</name>
    <description>(731) 549-7798  02/20/11 15:22:00</description>
    <styleUrl>#defaultStyle</styleUrl>
    <Point>
        <coordinates>-90.3605888713,36.2715194003,500.0</coordinates>
    </Point>
</Placemark>
<Placemark>
    <name>RECTOR 2500612011</name>
    <description>(731) 549-7798  02/20/11 15:22:00</description>
    <styleUrl>#defaultStyle</styleUrl>
    <Point>
        <coordinates>-90.3598553558,36.270125587,500.0</coordinates>
    </Point>
</Placemark>
<Placemark>
    <name>RECTOR 2500612011</name>
    <description>(731) 549-7798  02/20/11 15:22:00</description>
    <styleUrl>#defaultStyle</styleUrl>
    <Point>
        <coordinates>-90.3591825953,36.2687120002,500.0</coordinates>
    </Point>
</Placemark>
<Placemark>
    <name>NS3165 PEGRAM 1602031653</name>
    <description>(731) 549-0408  02/04/11 19:43:00</description>
    <styleUrl>#defaultStyle</styleUrl>
    <Point>
        <coordinates>-87.0266666667,36.1211487446,500.0</coordinates>
    </Point>
</Placemark>
<Placemark>
    <name>NS3165 PEGRAM 1602031653</name>
    <description>(731) 549-0408  02/04/11 19:43:00</description>
    <styleUrl>#defaultStyle</styleUrl>
    <Point>
        <coordinates>-87.0247938739,36.1211223096,500.0</coordinates>
    </Point>
</Placemark>
<Placemark>
    <name>NS3165 PEGRAM 1602031653</name>
    <description>(731) 549-0408  02/04/11 19:43:00</description>
    <styleUrl>#defaultStyle</styleUrl>
    <Point>
        <coordinates>-87.0229233629,36.1210430368,500.0</coordinates>
    </Point>
</Placemark>
<Placemark>
    <name>NS3165 PEGRAM 1602031653</name>
    <description>(731) 549-0408  02/04/11 19:43:00</description>
    <styleUrl>#defaultStyle</styleUrl>
    <Point>
        <coordinates>-87.0210574126,36.1209110231,500.0</coordinates>
    </Point>
</Placemark>
<Placemark>
    <name>NS3165 PEGRAM 1602031653</name>
    <description>(731) 549-0408  02/04/11 19:43:00</description>
    <styleUrl>#defaultStyle</styleUrl>
    <Point>
        <coordinates>-87.0191982962,36.1207264294,500.0</coordinates>
    </Point>
</Placemark>
<Placemark>
    <name>NS3165 PEGRAM 1602031653</name>
    <description>(731) 549-0408  02/04/11 19:43:00</description>
    <styleUrl>#defaultStyle</styleUrl>
    <Point>
        <coordinates>-87.017348279,36.1204894812,500.0</coordinates>
    </Point>
</Placemark>
<Placemark>
    <name>NS3165 PEGRAM 1602031653</name>
    <description>(731) 549-0408  02/04/11 19:43:00</description>
    <styleUrl>#defaultStyle</styleUrl>
    <Point>
        <coordinates>-87.0155096147,36.1202004674,500.0</coordinates>
    </Point>
</Placemark>
<Placemark>
    <name>NS3165 PEGRAM 1602031653</name>
    <description>(731) 549-0408  02/04/11 19:43:00</description>
    <styleUrl>#defaultStyle</styleUrl>
    <Point>
        <coordinates>-87.0136845437,36.1198597409,500.0</coordinates>
    </Point>
</Placemark>
<Placemark>
    <name>NS3165 PEGRAM 1602031653</name>
    <description>(731) 549-0408  02/04/11 19:43:00</description>
    <styleUrl>#defaultStyle</styleUrl>
    <Point>
        <coordinates>-87.0118752894,36.1194677174,500.0</coordinates>
    </Point>
</Placemark>
<Placemark>
    <name>NS3165 PEGRAM 1602031653</name>
    <description>(731) 549-0408  02/04/11 19:43:00</description>
    <styleUrl>#defaultStyle</styleUrl>
    <Point>
        <coordinates>-87.0100840561,36.1190248753,500.0</coordinates>
    </Point>
</Placemark>
<Placemark>
    <name>NS3165 PEGRAM 1602031653</name>
    <description>(731) 549-0408  02/04/11 19:43:00</description>
    <styleUrl>#defaultStyle</styleUrl>
    <Point>
        <coordinates>-87.0083130262,36.118531755,500.0</coordinates>
    </Point>
</Placemark>
<Placemark>
    <name>NS3165 PEGRAM 1602031653</name>
    <description>(731) 549-0408  02/04/11 19:43:00</description>
    <styleUrl>#defaultStyle</styleUrl>
    <Point>
        <coordinates>-87.0065643575,36.1179889581,500.0</coordinates>
    </Point>
</Placemark>
<Placemark>
    <name>NS3165 PEGRAM 1602031653</name>
    <description>(731) 549-0408  02/04/11 19:43:00</description>
    <styleUrl>#defaultStyle</styleUrl>
    <Point>
        <coordinates>-87.0048401803,36.1173971472,500.0</coordinates>
    </Point>
</Placemark>
<Placemark>
    <name>NS3165 PEGRAM 1602031653</name>
    <description>(731) 549-0408  02/04/11 19:43:00</description>
    <styleUrl>#defaultStyle</styleUrl>
    <Point>
        <coordinates>-87.0031425954,36.1167570442,500.0</coordinates>
    </Point>
</Placemark>
<Placemark>
    <name>NS3165 PEGRAM 1602031653</name>
    <description>(731) 549-0408  02/04/11 19:43:00</description>
    <styleUrl>#defaultStyle</styleUrl>
    <Point>
        <coordinates>-87.001473671,36.1160694303,500.0</coordinates>
    </Point>
</Placemark>
<Placemark>
    <name>NS3165 PEGRAM 1602031653</name>
    <description>(731) 549-0408  02/04/11 19:43:00</description>
    <styleUrl>#defaultStyle</styleUrl>
    <Point>
        <coordinates>-86.9998354404,36.1153351444,500.0</coordinates>
    </Point>
</Placemark>
<Placemark>
    <name>NS3165 PEGRAM 1602031653</name>
    <description>(731) 549-0408  02/04/11 19:43:00</description>
    <styleUrl>#defaultStyle</styleUrl>
    <Point>
        <coordinates>-86.9982298995,36.1145550824,500.0</coordinates>
    </Point>
</Placemark>
<Placemark>
    <name>NS3165 PEGRAM 1602031653</name>
    <description>(731) 549-0408  02/04/11 19:43:00</description>
    <styleUrl>#defaultStyle</styleUrl>
    <Point>
        <coordinates>-86.9966590046,36.113730196,500.0</coordinates>
    </Point>
</Placemark>
<Placemark>
    <name>NS3165 PEGRAM 1602031653</name>
    <description>(731) 549-0408  02/04/11 19:43:00</description>
    <styleUrl>#defaultStyle</styleUrl>
    <Point>
        <coordinates>-86.9951246693,36.1128614918,500.0</coordinates>
    </Point>
</Placemark>
<Placemark>
    <name>NS3165 PEGRAM 1602031653</name>
    <description>(731) 549-0408  02/04/11 19:43:00</description>
    <styleUrl>#defaultStyle</styleUrl>
    <Point>
        <coordinates>-86.9936287632,36.1119500293,500.0</coordinates>
    </Point>
</Placemark>
<Placemark>
    <name>NS3165 PEGRAM 1602031653</name>
    <description>(731) 549-0408  02/04/11 19:43:00</description>
    <styleUrl>#defaultStyle</styleUrl>
    <Point>
        <coordinates>-86.9921731087,36.1109969207,500.0</coordinates>
    </Point>
</Placemark>
<Placemark>
    <name>NS3165 PEGRAM 1602031653</name>
    <description>(731) 549-0408  02/04/11 19:43:00</description>
    <styleUrl>#defaultStyle</styleUrl>
    <Point>
        <coordinates>-86.9907594793,36.1100033287,500.0</coordinates>
    </Point>
</Placemark>
<Placemark>
    <name>NS3165 PEGRAM 1602031653</name>
    <description>(731) 549-0408  02/04/11 19:43:00</description>
    <styleUrl>#defaultStyle</styleUrl>
    <Point>
        <coordinates>-86.9893895974,36.1089704652,500.0</coordinates>
    </Point>
</Placemark>
<Placemark>
    <name>NS3165 PEGRAM 1602031653</name>
    <description>(731) 549-0408  02/04/11 19:43:00</description>
    <styleUrl>#defaultStyle</styleUrl>
    <Point>
        <coordinates>-86.9880651318,36.1078995901,500.0</coordinates>
    </Point>
</Placemark>
<Placemark>
    <name>NS3165 PEGRAM 1602031653</name>
    <description>(731) 549-0408  02/04/11 19:43:00</description>
    <styleUrl>#defaultStyle</styleUrl>
    <Point>
        <coordinates>-86.9867876963,36.1067920098,500.0</coordinates>
    </Point>
</Placemark>
<Placemark>
    <name>NS3165 PEGRAM 1602031653</name>
    <description>(731) 549-0408  02/04/11 19:43:00</description>
    <styleUrl>#defaultStyle</styleUrl>
    <Point>
        <coordinates>-86.9855588471,36.1056490752,500.0</coordinates>
    </Point>
</Placemark>
<Placemark>
    <name>NS3165 PEGRAM 1602031653</name>
    <description>(731) 549-0408  02/04/11 19:43:00</description>
    <styleUrl>#defaultStyle</styleUrl>
    <Point>
        <coordinates>-86.9843800816,36.1044721801,500.0</coordinates>
    </Point>
</Placemark>
<Placemark>
    <name>NS3165 PEGRAM 1602031653</name>
    <description>(731) 549-0408  02/04/11 19:43:00</description>
    <styleUrl>#defaultStyle</styleUrl>
    <Point>
        <coordinates>-86.9832528357,36.1032627601,500.0</coordinates>
    </Point>
</Placemark>
<Placemark>
    <name>NS3165 PEGRAM 1602031653</name>
    <description>(731) 549-0408  02/04/11 19:43:00</description>
    <styleUrl>#defaultStyle</styleUrl>
    <Point>
        <coordinates>-86.982178483,36.1020222901,500.0</coordinates>
    </Point>
</Placemark>
<Placemark>
    <name>NS3165 PEGRAM 1602031653</name>
    <description>(731) 549-0408  02/04/11 19:43:00</description>
    <styleUrl>#defaultStyle</styleUrl>
    <Point>
        <coordinates>-86.9811583322,36.1007522827,500.0</coordinates>
    </Point>
</Placemark>
<Placemark>
    <name>NS3165 PEGRAM 1602031653</name>
    <description>(731) 549-0408  02/04/11 19:43:00</description>
    <styleUrl>#defaultStyle</styleUrl>
    <Point>
        <coordinates>-86.9801936263,36.0994542868,500.0</coordinates>
    </Point>
</Placemark>
<Placemark>
    <name>NS3165 PEGRAM 1602031653</name>
    <description>(731) 549-0408  02/04/11 19:43:00</description>
    <styleUrl>#defaultStyle</styleUrl>
    <Point>
        <coordinates>-86.9792855407,36.0981298851,500.0</coordinates>
    </Point>
</Placemark>
<Placemark>
    <name>NS3165 PEGRAM 1602031653</name>
    <description>(731) 549-0408  02/04/11 19:43:00</description>
    <styleUrl>#defaultStyle</styleUrl>
    <Point>
        <coordinates>-86.9784351817,36.0967806924,500.0</coordinates>
    </Point>
</Placemark>
<Placemark>
    <name>NS3165 PEGRAM 1602031653</name>
    <description>(731) 549-0408  02/04/11 19:43:00</description>
    <styleUrl>#defaultStyle</styleUrl>
    <Point>
        <coordinates>-86.9776435853,36.0954083538,500.0</coordinates>
    </Point>
</Placemark>
<Placemark>
    <name>NS3165 PEGRAM 1602031653</name>
    <description>(731) 549-0408  02/04/11 19:43:00</description>
    <styleUrl>#defaultStyle</styleUrl>
    <Point>
        <coordinates>-86.9769117159,36.0940145424,500.0</coordinates>
    </Point>
</Placemark>
<Placemark>
    <name>NS3165 PEGRAM 1602031653</name>
    <description>(731) 549-0408  02/04/11 19:43:00</description>
    <styleUrl>#defaultStyle</styleUrl>
    <Point>
        <coordinates>-86.9762404653,36.0926009575,500.0</coordinates>
    </Point>
</Placemark>
<Placemark>
    <name>NS3165 PEGRAM 1602031653</name>
    <description>(731) 549-0408  02/04/11 19:43:00</description>
    <styleUrl>#defaultStyle</styleUrl>
    <Point>
        <coordinates>-86.9756306513,36.0911693223,500.0</coordinates>
    </Point>
</Placemark>
<Placemark>
    <name>NS3165 PEGRAM 1602031653</name>
    <description>(731) 549-0408  02/04/11 19:43:00</description>
    <styleUrl>#defaultStyle</styleUrl>
    <Point>
        <coordinates>-86.9750830167,36.089721382,500.0</coordinates>
    </Point>
</Placemark>
<Placemark>
    <name>NS3165 PEGRAM 1602031653</name>
    <description>(731) 549-0408  02/04/11 19:43:00</description>
    <styleUrl>#defaultStyle</styleUrl>
    <Point>
        <coordinates>-86.9745982288,36.0882589014,500.0</coordinates>
    </Point>
</Placemark>
<Placemark>
    <name>NS3165 PEGRAM 1602031653</name>
    <description>(731) 549-0408  02/04/11 19:43:00</description>
    <styleUrl>#defaultStyle</styleUrl>
    <Point>
        <coordinates>-86.9741768783,36.0867836633,500.0</coordinates>
    </Point>
</Placemark>
<Placemark>
    <name>NS3165 PEGRAM 1602031653</name>
    <description>(731) 549-0408  02/04/11 19:43:00</description>
    <styleUrl>#defaultStyle</styleUrl>
    <Point>
        <coordinates>-86.9738194785,36.0852974656,500.0</coordinates>
    </Point>
</Placemark>
<Placemark>
    <name>NS3165 PEGRAM 1602031653</name>
    <description>(731) 549-0408  02/04/11 19:43:00</description>
    <styleUrl>#defaultStyle</styleUrl>
    <Point>
        <coordinates>-86.9735264648,36.0838021195,500.0</coordinates>
    </Point>
</Placemark>
<Placemark>
    <name>NS3165 PEGRAM 1602031653</name>
    <description>(731) 549-0408  02/04/11 19:43:00</description>
    <styleUrl>#defaultStyle</styleUrl>
    <Point>
        <coordinates>-86.9732981942,36.0822994475,500.0</coordinates>
    </Point>
</Placemark>
<Placemark>
    <name>NS3165 PEGRAM 1602031653</name>
    <description>(731) 549-0408  02/04/11 19:43:00</description>
    <styleUrl>#defaultStyle</styleUrl>
    <Point>
        <coordinates>-86.9731349448,36.0807912805,500.0</coordinates>
    </Point>
</Placemark>
<Placemark>
    <name>NS3165 PEGRAM 1602031653</name>
    <description>(731) 549-0408  02/04/11 19:43:00</description>
    <styleUrl>#defaultStyle</styleUrl>
    <Point>
        <coordinates>-86.9730369156,36.0792794565,500.0</coordinates>
    </Point>
</Placemark>
<Placemark>
    <name>NS3165 PEGRAM 1602031653</name>
    <description>(731) 549-0408  02/04/11 19:43:00</description>
    <styleUrl>#defaultStyle</styleUrl>
    <Point>
        <coordinates>-86.9730042259,36.0777658174,500.0</coordinates>
    </Point>
</Placemark>
<Placemark>
    <name>NS3165 PEGRAM 1602031653</name>
    <description>(731) 549-0408  02/04/11 19:43:00</description>
    <styleUrl>#defaultStyle</styleUrl>
    <Point>
        <coordinates>-86.9730369156,36.0762522074,500.0</coordinates>
    </Point>
</Placemark>
<Placemark>
    <name>NS3165 PEGRAM 1602031653</name>
    <description>(731) 549-0408  02/04/11 19:43:00</description>
    <styleUrl>#defaultStyle</styleUrl>
    <Point>
        <coordinates>-86.9731349448,36.0747404706,500.0</coordinates>
    </Point>
</Placemark>
<Placemark>
    <name>NS3165 PEGRAM 1602031653</name>
    <description>(731) 549-0408  02/04/11 19:43:00</description>
    <styleUrl>#defaultStyle</styleUrl>
    <Point>
        <coordinates>-86.9732981942,36.0732324487,500.0</coordinates>
    </Point>
</Placemark>
<Placemark>
    <name>NS3165 PEGRAM 1602031653</name>
    <description>(731) 549-0408  02/04/11 19:43:00</description>
    <styleUrl>#defaultStyle</styleUrl>
    <Point>
        <coordinates>-86.9735264648,36.0717299786,500.0</coordinates>
    </Point>
</Placemark>
<Placemark>
    <name>NS3165 PEGRAM 1602031653</name>
    <description>(731) 549-0408  02/04/11 19:43:00</description>
    <styleUrl>#defaultStyle</styleUrl>
    <Point>
        <coordinates>-86.9738194785,36.0702348905,500.0</coordinates>
    </Point>
</Placemark>
<Placemark>
    <name>NS3165 PEGRAM 1602031653</name>
    <description>(731) 549-0408  02/04/11 19:43:00</description>
    <styleUrl>#defaultStyle</styleUrl>
    <Point>
        <coordinates>-86.9741768783,36.0687490055,500.0</coordinates>
    </Point>
</Placemark>
<Placemark>
    <name>NS3165 PEGRAM 1602031653</name>
    <description>(731) 549-0408  02/04/11 19:43:00</description>
    <styleUrl>#defaultStyle</styleUrl>
    <Point>
        <coordinates>-86.9745982288,36.0672741333,500.0</coordinates>
    </Point>
</Placemark>
<Placemark>
    <name>NS3165 PEGRAM 1602031653</name>
    <description>(731) 549-0408  02/04/11 19:43:00</description>
    <styleUrl>#defaultStyle</styleUrl>
    <Point>
        <coordinates>-86.9750830167,36.0658120702,500.0</coordinates>
    </Point>
</Placemark>
<Placemark>
    <name>NS3165 PEGRAM 1602031653</name>
    <description>(731) 549-0408  02/04/11 19:43:00</description>
    <styleUrl>#defaultStyle</styleUrl>
    <Point>
        <coordinates>-86.9756306513,36.0643645967,500.0</coordinates>
    </Point>
</Placemark>
<Placemark>
    <name>NS3165 PEGRAM 1602031653</name>
    <description>(731) 549-0408  02/04/11 19:43:00</description>
    <styleUrl>#defaultStyle</styleUrl>
    <Point>
        <coordinates>-86.9762404653,36.0629334754,500.0</coordinates>
    </Point>
</Placemark>
<Placemark>
    <name>NS3165 PEGRAM 1602031653</name>
    <description>(731) 549-0408  02/04/11 19:43:00</description>
    <styleUrl>#defaultStyle</styleUrl>
    <Point>
        <coordinates>-86.9769117159,36.0615204491,500.0</coordinates>
    </Point>
</Placemark>
<Placemark>
    <name>NS3165 PEGRAM 1602031653</name>
    <description>(731) 549-0408  02/04/11 19:43:00</description>
    <styleUrl>#defaultStyle</styleUrl>
    <Point>
        <coordinates>-86.9776435853,36.0601272382,500.0</coordinates>
    </Point>
</Placemark>
<Placemark>
    <name>NS3165 PEGRAM 1602031653</name>
    <description>(731) 549-0408  02/04/11 19:43:00</description>
    <styleUrl>#defaultStyle</styleUrl>
    <Point>
        <coordinates>-86.9784351817,36.0587555391,500.0</coordinates>
    </Point>
</Placemark>
<Placemark>
    <name>NS3165 PEGRAM 1602031653</name>
    <description>(731) 549-0408  02/04/11 19:43:00</description>
    <styleUrl>#defaultStyle</styleUrl>
    <Point>
        <coordinates>-86.9792855407,36.0574070219,500.0</coordinates>
    </Point>
</Placemark>
<Placemark>
    <name>NS3165 PEGRAM 1602031653</name>
    <description>(731) 549-0408  02/04/11 19:43:00</description>
    <styleUrl>#defaultStyle</styleUrl>
    <Point>
        <coordinates>-86.9801936263,36.0560833281,500.0</coordinates>
    </Point>
</Placemark>
<Placemark>
    <name>NS3165 PEGRAM 1602031653</name>
    <description>(731) 549-0408  02/04/11 19:43:00</description>
    <styleUrl>#defaultStyle</styleUrl>
    <Point>
        <coordinates>-86.9811583322,36.0547860693,500.0</coordinates>
    </Point>
</Placemark>
<Placemark>
    <name>NS3165 PEGRAM 1602031653</name>
    <description>(731) 549-0408  02/04/11 19:43:00</description>
    <styleUrl>#defaultStyle</styleUrl>
    <Point>
        <coordinates>-86.982178483,36.0535168246,500.0</coordinates>
    </Point>
</Placemark>
<Placemark>
    <name>NS3165 PEGRAM 1602031653</name>
    <description>(731) 549-0408  02/04/11 19:43:00</description>
    <styleUrl>#defaultStyle</styleUrl>
    <Point>
        <coordinates>-86.9832528357,36.0522771391,500.0</coordinates>
    </Point>
</Placemark>
<Placemark>
    <name>NS3165 PEGRAM 1602031653</name>
    <description>(731) 549-0408  02/04/11 19:43:00</description>
    <styleUrl>#defaultStyle</styleUrl>
    <Point>
        <coordinates>-86.9843800816,36.0510685215,500.0</coordinates>
    </Point>
</Placemark>
<Placemark>
    <name>NS3165 PEGRAM 1602031653</name>
    <description>(731) 549-0408  02/04/11 19:43:00</description>
    <styleUrl>#defaultStyle</styleUrl>
    <Point>
        <coordinates>-86.9855588471,36.0498924431,500.0</coordinates>
    </Point>
</Placemark>
<Placemark>
    <name>NS3165 PEGRAM 1602031653</name>
    <description>(731) 549-0408  02/04/11 19:43:00</description>
    <styleUrl>#defaultStyle</styleUrl>
    <Point>
        <coordinates>-86.9867876963,36.0487503351,500.0</coordinates>
    </Point>
</Placemark>
<Placemark>
    <name>NS3165 PEGRAM 1602031653</name>
    <description>(731) 549-0408  02/04/11 19:43:00</description>
    <styleUrl>#defaultStyle</styleUrl>
    <Point>
        <coordinates>-86.9880651318,36.0476435876,500.0</coordinates>
    </Point>
</Placemark>
<Placemark>
    <name>NS3165 PEGRAM 1602031653</name>
    <description>(731) 549-0408  02/04/11 19:43:00</description>
    <styleUrl>#defaultStyle</styleUrl>
    <Point>
        <coordinates>-86.9893895974,36.0465735474,500.0</coordinates>
    </Point>
</Placemark>
<Placemark>
    <name>NS3165 PEGRAM 1602031653</name>
    <description>(731) 549-0408  02/04/11 19:43:00</description>
    <styleUrl>#defaultStyle</styleUrl>
    <Point>
        <coordinates>-86.9907594793,36.0455415167,500.0</coordinates>
    </Point>
</Placemark>
<Placemark>
    <name>NS3165 PEGRAM 1602031653</name>
    <description>(731) 549-0408  02/04/11 19:43:00</description>
    <styleUrl>#defaultStyle</styleUrl>
    <Point>
        <coordinates>-86.9921731087,36.0445487513,500.0</coordinates>
    </Point>
</Placemark>
<Placemark>
    <name>NS3165 PEGRAM 1602031653</name>
    <description>(731) 549-0408  02/04/11 19:43:00</description>
    <styleUrl>#defaultStyle</styleUrl>
    <Point>
        <coordinates>-86.9936287632,36.0435964593,500.0</coordinates>
    </Point>
</Placemark>
<Placemark>
    <name>NS3165 PEGRAM 1602031653</name>
    <description>(731) 549-0408  02/04/11 19:43:00</description>
    <styleUrl>#defaultStyle</styleUrl>
    <Point>
        <coordinates>-86.9951246693,36.0426857994,500.0</coordinates>
    </Point>
</Placemark>
<Placemark>
    <name>NS3165 PEGRAM 1602031653</name>
    <description>(731) 549-0408  02/04/11 19:43:00</description>
    <styleUrl>#defaultStyle</styleUrl>
    <Point>
        <coordinates>-86.9966590046,36.0418178795,500.0</coordinates>
    </Point>
</Placemark>
<Placemark>
    <name>NS3165 PEGRAM 1602031653</name>
    <description>(731) 549-0408  02/04/11 19:43:00</description>
    <styleUrl>#defaultStyle</styleUrl>
    <Point>
        <coordinates>-86.9982298995,36.0409937559,500.0</coordinates>
    </Point>
</Placemark>
<Placemark>
    <name>NS3165 PEGRAM 1602031653</name>
    <description>(731) 549-0408  02/04/11 19:43:00</description>
    <styleUrl>#defaultStyle</styleUrl>
    <Point>
        <coordinates>-86.9998354404,36.040214431,500.0</coordinates>
    </Point>
</Placemark>
<Placemark>
    <name>NS3165 PEGRAM 1602031653</name>
    <description>(731) 549-0408  02/04/11 19:43:00</description>
    <styleUrl>#defaultStyle</styleUrl>
    <Point>
        <coordinates>-87.001473671,36.039480853,500.0</coordinates>
    </Point>
</Placemark>
<Placemark>
    <name>NS3165 PEGRAM 1602031653</name>
    <description>(731) 549-0408  02/04/11 19:43:00</description>
    <styleUrl>#defaultStyle</styleUrl>
    <Point>
        <coordinates>-87.0031425954,36.0387939145,500.0</coordinates>
    </Point>
</Placemark>
<Placemark>
    <name>NS3165 PEGRAM 1602031653</name>
    <description>(731) 549-0408  02/04/11 19:43:00</description>
    <styleUrl>#defaultStyle</styleUrl>
    <Point>
        <coordinates>-87.0048401803,36.038154451,500.0</coordinates>
    </Point>
</Placemark>
<Placemark>
    <name>NS3165 PEGRAM 1602031653</name>
    <description>(731) 549-0408  02/04/11 19:43:00</description>
    <styleUrl>#defaultStyle</styleUrl>
    <Point>
        <coordinates>-87.0065643575,36.0375632406,500.0</coordinates>
    </Point>
</Placemark>
<Placemark>
    <name>NS3165 PEGRAM 1602031653</name>
    <description>(731) 549-0408  02/04/11 19:43:00</description>
    <styleUrl>#defaultStyle</styleUrl>
    <Point>
        <coordinates>-87.0083130262,36.0370210024,500.0</coordinates>
    </Point>
</Placemark>
<Placemark>
    <name>NS3165 PEGRAM 1602031653</name>
    <description>(731) 549-0408  02/04/11 19:43:00</description>
    <styleUrl>#defaultStyle</styleUrl>
    <Point>
        <coordinates>-87.0100840561,36.036528396,500.0</coordinates>
    </Point>
</Placemark>
<Placemark>
    <name>NS3165 PEGRAM 1602031653</name>
    <description>(731) 549-0408  02/04/11 19:43:00</description>
    <styleUrl>#defaultStyle</styleUrl>
    <Point>
        <coordinates>-87.0118752894,36.0360860208,500.0</coordinates>
    </Point>
</Placemark>
<Placemark>
    <name>NS3165 PEGRAM 1602031653</name>
    <description>(731) 549-0408  02/04/11 19:43:00</description>
    <styleUrl>#defaultStyle</styleUrl>
    <Point>
        <coordinates>-87.0136845437,36.0356944147,500.0</coordinates>
    </Point>
</Placemark>
<Placemark>
    <name>NS3165 PEGRAM 1602031653</name>
    <description>(731) 549-0408  02/04/11 19:43:00</description>
    <styleUrl>#defaultStyle</styleUrl>
    <Point>
        <coordinates>-87.0155096147,36.0353540541,500.0</coordinates>
    </Point>
</Placemark>
<Placemark>
    <name>NS3165 PEGRAM 1602031653</name>
    <description>(731) 549-0408  02/04/11 19:43:00</description>
    <styleUrl>#defaultStyle</styleUrl>
    <Point>
        <coordinates>-87.017348279,36.0350653531,500.0</coordinates>
    </Point>
</Placemark>
<Placemark>
    <name>NS3165 PEGRAM 1602031653</name>
    <description>(731) 549-0408  02/04/11 19:43:00</description>
    <styleUrl>#defaultStyle</styleUrl>
    <Point>
        <coordinates>-87.0191982962,36.0348286628,500.0</coordinates>
    </Point>
</Placemark>
<Placemark>
    <name>NS3165 PEGRAM 1602031653</name>
    <description>(731) 549-0408  02/04/11 19:43:00</description>
    <styleUrl>#defaultStyle</styleUrl>
    <Point>
        <coordinates>-87.0210574126,36.0346442711,500.0</coordinates>
    </Point>
</Placemark>
<Placemark>
    <name>NS3165 PEGRAM 1602031653</name>
    <description>(731) 549-0408  02/04/11 19:43:00</description>
    <styleUrl>#defaultStyle</styleUrl>
    <Point>
        <coordinates>-87.0229233629,36.0345124023,500.0</coordinates>
    </Point>
</Placemark>
<Placemark>
    <name>NS3165 PEGRAM 1602031653</name>
    <description>(731) 549-0408  02/04/11 19:43:00</description>
    <styleUrl>#defaultStyle</styleUrl>
    <Point>
        <coordinates>-87.0247938739,36.0344332168,500.0</coordinates>
    </Point>
</Placemark>
<Placemark>
    <name>NS3165 PEGRAM 1602031653</name>
    <description>(731) 549-0408  02/04/11 19:43:00</description>
    <styleUrl>#defaultStyle</styleUrl>
    <Point>
        <coordinates>-87.0266666667,36.034406811,500.0</coordinates>
    </Point>
</Placemark>
<Placemark>
    <name>NS3165 PEGRAM 1602031653</name>
    <description>(731) 549-0408  02/04/11 19:43:00</description>
    <styleUrl>#defaultStyle</styleUrl>
    <Point>
        <coordinates>-87.0285394594,36.0344332168,500.0</coordinates>
    </Point>
</Placemark>
<Placemark>
    <name>NS3165 PEGRAM 1602031653</name>
    <description>(731) 549-0408  02/04/11 19:43:00</description>
    <styleUrl>#defaultStyle</styleUrl>
    <Point>
        <coordinates>-87.0304099704,36.0345124023,500.0</coordinates>
    </Point>
</Placemark>
<Placemark>
    <name>NS3165 PEGRAM 1602031653</name>
    <description>(731) 549-0408  02/04/11 19:43:00</description>
    <styleUrl>#defaultStyle</styleUrl>
    <Point>
        <coordinates>-87.0322759208,36.0346442711,500.0</coordinates>
    </Point>
</Placemark>
<Placemark>
    <name>NS3165 PEGRAM 1602031653</name>
    <description>(731) 549-0408  02/04/11 19:43:00</description>
    <styleUrl>#defaultStyle</styleUrl>
    <Point>
        <coordinates>-87.0341350371,36.0348286628,500.0</coordinates>
    </Point>
</Placemark>
<Placemark>
    <name>NS3165 PEGRAM 1602031653</name>
    <description>(731) 549-0408  02/04/11 19:43:00</description>
    <styleUrl>#defaultStyle</styleUrl>
    <Point>
        <coordinates>-87.0359850544,36.0350653531,500.0</coordinates>
    </Point>
</Placemark>
<Placemark>
    <name>NS3165 PEGRAM 1602031653</name>
    <description>(731) 549-0408  02/04/11 19:43:00</description>
    <styleUrl>#defaultStyle</styleUrl>
    <Point>
        <coordinates>-87.0378237186,36.0353540541,500.0</coordinates>
    </Point>
</Placemark>
<Placemark>
    <name>NS3165 PEGRAM 1602031653</name>
    <description>(731) 549-0408  02/04/11 19:43:00</description>
    <styleUrl>#defaultStyle</styleUrl>
    <Point>
        <coordinates>-87.0396487896,36.0356944147,500.0</coordinates>
    </Point>
</Placemark>
<Placemark>
    <name>NS3165 PEGRAM 1602031653</name>
    <description>(731) 549-0408  02/04/11 19:43:00</description>
    <styleUrl>#defaultStyle</styleUrl>
    <Point>
        <coordinates>-87.0414580439,36.0360860208,500.0</coordinates>
    </Point>
</Placemark>
<Placemark>
    <name>NS3165 PEGRAM 1602031653</name>
    <description>(731) 549-0408  02/04/11 19:43:00</description>
    <styleUrl>#defaultStyle</styleUrl>
    <Point>
        <coordinates>-87.0432492772,36.036528396,500.0</coordinates>
    </Point>
</Placemark>
<Placemark>
    <name>NS3165 PEGRAM 1602031653</name>
    <description>(731) 549-0408  02/04/11 19:43:00</description>
    <styleUrl>#defaultStyle</styleUrl>
    <Point>
        <coordinates>-87.0450203071,36.0370210024,500.0</coordinates>
    </Point>
</Placemark>
<Placemark>
    <name>NS3165 PEGRAM 1602031653</name>
    <description>(731) 549-0408  02/04/11 19:43:00</description>
    <styleUrl>#defaultStyle</styleUrl>
    <Point>
        <coordinates>-87.0467689759,36.0375632406,500.0</coordinates>
    </Point>
</Placemark>
<Placemark>
    <name>NS3165 PEGRAM 1602031653</name>
    <description>(731) 549-0408  02/04/11 19:43:00</description>
    <styleUrl>#defaultStyle</styleUrl>
    <Point>
        <coordinates>-87.048493153,36.038154451,500.0</coordinates>
    </Point>
</Placemark>
<Placemark>
    <name>NS3165 PEGRAM 1602031653</name>
    <description>(731) 549-0408  02/04/11 19:43:00</description>
    <styleUrl>#defaultStyle</styleUrl>
    <Point>
        <coordinates>-87.0501907379,36.0387939145,500.0</coordinates>
    </Point>
</Placemark>
<Placemark>
    <name>NS3165 PEGRAM 1602031653</name>
    <description>(731) 549-0408  02/04/11 19:43:00</description>
    <styleUrl>#defaultStyle</styleUrl>
    <Point>
        <coordinates>-87.0518596623,36.039480853,500.0</coordinates>
    </Point>
</Placemark>
<Placemark>
    <name>NS3165 PEGRAM 1602031653</name>
    <description>(731) 549-0408  02/04/11 19:43:00</description>
    <styleUrl>#defaultStyle</styleUrl>
    <Point>
        <coordinates>-87.0534978929,36.040214431,500.0</coordinates>
    </Point>
</Placemark>
<Placemark>
    <name>NS3165 PEGRAM 1602031653</name>
    <description>(731) 549-0408  02/04/11 19:43:00</description>
    <styleUrl>#defaultStyle</styleUrl>
    <Point>
        <coordinates>-87.0551034338,36.0409937559,500.0</coordinates>
    </Point>
</Placemark>
<Placemark>
    <name>NS3165 PEGRAM 1602031653</name>
    <description>(731) 549-0408  02/04/11 19:43:00</description>
    <styleUrl>#defaultStyle</styleUrl>
    <Point>
        <coordinates>-87.0566743288,36.0418178795,500.0</coordinates>
    </Point>
</Placemark>
<Placemark>
    <name>NS3165 PEGRAM 1602031653</name>
    <description>(731) 549-0408  02/04/11 19:43:00</description>
    <styleUrl>#defaultStyle</styleUrl>
    <Point>
        <coordinates>-87.058208664,36.0426857994,500.0</coordinates>
    </Point>
</Placemark>
<Placemark>
    <name>NS3165 PEGRAM 1602031653</name>
    <description>(731) 549-0408  02/04/11 19:43:00</description>
    <styleUrl>#defaultStyle</styleUrl>
    <Point>
        <coordinates>-87.0597045701,36.0435964593,500.0</coordinates>
    </Point>
</Placemark>
<Placemark>
    <name>NS3165 PEGRAM 1602031653</name>
    <description>(731) 549-0408  02/04/11 19:43:00</description>
    <styleUrl>#defaultStyle</styleUrl>
    <Point>
        <coordinates>-87.0611602246,36.0445487513,500.0</coordinates>
    </Point>
</Placemark>
<Placemark>
    <name>NS3165 PEGRAM 1602031653</name>
    <description>(731) 549-0408  02/04/11 19:43:00</description>
    <styleUrl>#defaultStyle</styleUrl>
    <Point>
        <coordinates>-87.062573854,36.0455415167,500.0</coordinates>
    </Point>
</Placemark>
<Placemark>
    <name>NS3165 PEGRAM 1602031653</name>
    <description>(731) 549-0408  02/04/11 19:43:00</description>
    <styleUrl>#defaultStyle</styleUrl>
    <Point>
        <coordinates>-87.063943736,36.0465735474,500.0</coordinates>
    </Point>
</Placemark>
<Placemark>
    <name>NS3165 PEGRAM 1602031653</name>
    <description>(731) 549-0408  02/04/11 19:43:00</description>
    <styleUrl>#defaultStyle</styleUrl>
    <Point>
        <coordinates>-87.0652682016,36.0476435876,500.0</coordinates>
    </Point>
</Placemark>
<Placemark>
    <name>NS3165 PEGRAM 1602031653</name>
    <description>(731) 549-0408  02/04/11 19:43:00</description>
    <styleUrl>#defaultStyle</styleUrl>
    <Point>
        <coordinates>-87.0665456371,36.0487503351,500.0</coordinates>
    </Point>
</Placemark>
<Placemark>
    <name>NS3165 PEGRAM 1602031653</name>
    <description>(731) 549-0408  02/04/11 19:43:00</description>
    <styleUrl>#defaultStyle</styleUrl>
    <Point>
        <coordinates>-87.0677744862,36.0498924431,500.0</coordinates>
    </Point>
</Placemark>
<Placemark>
    <name>NS3165 PEGRAM 1602031653</name>
    <description>(731) 549-0408  02/04/11 19:43:00</description>
    <styleUrl>#defaultStyle</styleUrl>
    <Point>
        <coordinates>-87.0689532518,36.0510685215,500.0</coordinates>
    </Point>
</Placemark>
<Placemark>
    <name>NS3165 PEGRAM 1602031653</name>
    <description>(731) 549-0408  02/04/11 19:43:00</description>
    <styleUrl>#defaultStyle</styleUrl>
    <Point>
        <coordinates>-87.0700804976,36.0522771391,500.0</coordinates>
    </Point>
</Placemark>
<Placemark>
    <name>NS3165 PEGRAM 1602031653</name>
    <description>(731) 549-0408  02/04/11 19:43:00</description>
    <styleUrl>#defaultStyle</styleUrl>
    <Point>
        <coordinates>-87.0711548504,36.0535168246,500.0</coordinates>
    </Point>
</Placemark>
<Placemark>
    <name>NS3165 PEGRAM 1602031653</name>
    <description>(731) 549-0408  02/04/11 19:43:00</description>
    <styleUrl>#defaultStyle</styleUrl>
    <Point>
        <coordinates>-87.0721750011,36.0547860693,500.0</coordinates>
    </Point>
</Placemark>
<Placemark>
    <name>NS3165 PEGRAM 1602031653</name>
    <description>(731) 549-0408  02/04/11 19:43:00</description>
    <styleUrl>#defaultStyle</styleUrl>
    <Point>
        <coordinates>-87.073139707,36.0560833281,500.0</coordinates>
    </Point>
</Placemark>
<Placemark>
    <name>NS3165 PEGRAM 1602031653</name>
    <description>(731) 549-0408  02/04/11 19:43:00</description>
    <styleUrl>#defaultStyle</styleUrl>
    <Point>
        <coordinates>-87.0740477926,36.0574070219,500.0</coordinates>
    </Point>
</Placemark>
<Placemark>
    <name>NS3165 PEGRAM 1602031653</name>
    <description>(731) 549-0408  02/04/11 19:43:00</description>
    <styleUrl>#defaultStyle</styleUrl>
    <Point>
        <coordinates>-87.0748981517,36.0587555391,500.0</coordinates>
    </Point>
</Placemark>
<Placemark>
    <name>NS3165 PEGRAM 1602031653</name>
    <description>(731) 549-0408  02/04/11 19:43:00</description>
    <styleUrl>#defaultStyle</styleUrl>
    <Point>
        <coordinates>-87.0756897481,36.0601272382,500.0</coordinates>
    </Point>
</Placemark>
<Placemark>
    <name>NS3165 PEGRAM 1602031653</name>
    <description>(731) 549-0408  02/04/11 19:43:00</description>
    <styleUrl>#defaultStyle</styleUrl>
    <Point>
        <coordinates>-87.0764216174,36.0615204491,500.0</coordinates>
    </Point>
</Placemark>
<Placemark>
    <name>NS3165 PEGRAM 1602031653</name>
    <description>(731) 549-0408  02/04/11 19:43:00</description>
    <styleUrl>#defaultStyle</styleUrl>
    <Point>
        <coordinates>-87.077092868,36.0629334754,500.0</coordinates>
    </Point>
</Placemark>
<Placemark>
    <name>NS3165 PEGRAM 1602031653</name>
    <description>(731) 549-0408  02/04/11 19:43:00</description>
    <styleUrl>#defaultStyle</styleUrl>
    <Point>
        <coordinates>-87.0777026821,36.0643645967,500.0</coordinates>
    </Point>
</Placemark>
<Placemark>
    <name>NS3165 PEGRAM 1602031653</name>
    <description>(731) 549-0408  02/04/11 19:43:00</description>
    <styleUrl>#defaultStyle</styleUrl>
    <Point>
        <coordinates>-87.0782503166,36.0658120702,500.0</coordinates>
    </Point>
</Placemark>
<Placemark>
    <name>NS3165 PEGRAM 1602031653</name>
    <description>(731) 549-0408  02/04/11 19:43:00</description>
    <styleUrl>#defaultStyle</styleUrl>
    <Point>
        <coordinates>-87.0787351045,36.0672741333,500.0</coordinates>
    </Point>
</Placemark>
<Placemark>
    <name>NS3165 PEGRAM 1602031653</name>
    <description>(731) 549-0408  02/04/11 19:43:00</description>
    <styleUrl>#defaultStyle</styleUrl>
    <Point>
        <coordinates>-87.079156455,36.0687490055,500.0</coordinates>
    </Point>
</Placemark>
<Placemark>
    <name>NS3165 PEGRAM 1602031653</name>
    <description>(731) 549-0408  02/04/11 19:43:00</description>
    <styleUrl>#defaultStyle</styleUrl>
    <Point>
        <coordinates>-87.0795138549,36.0702348905,500.0</coordinates>
    </Point>
</Placemark>
<Placemark>
    <name>NS3165 PEGRAM 1602031653</name>
    <description>(731) 549-0408  02/04/11 19:43:00</description>
    <styleUrl>#defaultStyle</styleUrl>
    <Point>
        <coordinates>-87.0798068686,36.0717299786,500.0</coordinates>
    </Point>
</Placemark>
<Placemark>
    <name>NS3165 PEGRAM 1602031653</name>
    <description>(731) 549-0408  02/04/11 19:43:00</description>
    <styleUrl>#defaultStyle</styleUrl>
    <Point>
        <coordinates>-87.0800351392,36.0732324487,500.0</coordinates>
    </Point>
</Placemark>
<Placemark>
    <name>NS3165 PEGRAM 1602031653</name>
    <description>(731) 549-0408  02/04/11 19:43:00</description>
    <styleUrl>#defaultStyle</styleUrl>
    <Point>
        <coordinates>-87.0801983885,36.0747404706,500.0</coordinates>
    </Point>
</Placemark>
<Placemark>
    <name>NS3165 PEGRAM 1602031653</name>
    <description>(731) 549-0408  02/04/11 19:43:00</description>
    <styleUrl>#defaultStyle</styleUrl>
    <Point>
        <coordinates>-87.0802964178,36.0762522074,500.0</coordinates>
    </Point>
</Placemark>
<Placemark>
    <name>NS3165 PEGRAM 1602031653</name>
    <description>(731) 549-0408  02/04/11 19:43:00</description>
    <styleUrl>#defaultStyle</styleUrl>
    <Point>
        <coordinates>-87.0803291075,36.0777658174,500.0</coordinates>
    </Point>
</Placemark>
<Placemark>
    <name>NS3165 PEGRAM 1602031653</name>
    <description>(731) 549-0408  02/04/11 19:43:00</description>
    <styleUrl>#defaultStyle</styleUrl>
    <Point>
        <coordinates>-87.0802964178,36.0792794565,500.0</coordinates>
    </Point>
</Placemark>
<Placemark>
    <name>NS3165 PEGRAM 1602031653</name>
    <description>(731) 549-0408  02/04/11 19:43:00</description>
    <styleUrl>#defaultStyle</styleUrl>
    <Point>
        <coordinates>-87.0801983885,36.0807912805,500.0</coordinates>
    </Point>
</Placemark>
<Placemark>
    <name>NS3165 PEGRAM 1602031653</name>
    <description>(731) 549-0408  02/04/11 19:43:00</description>
    <styleUrl>#defaultStyle</styleUrl>
    <Point>
        <coordinates>-87.0800351392,36.0822994475,500.0</coordinates>
    </Point>
</Placemark>
<Placemark>
    <name>NS3165 PEGRAM 1602031653</name>
    <description>(731) 549-0408  02/04/11 19:43:00</description>
    <styleUrl>#defaultStyle</styleUrl>
    <Point>
        <coordinates>-87.0798068686,36.0838021195,500.0</coordinates>
    </Point>
</Placemark>
<Placemark>
    <name>NS3165 PEGRAM 1602031653</name>
    <description>(731) 549-0408  02/04/11 19:43:00</description>
    <styleUrl>#defaultStyle</styleUrl>
    <Point>
        <coordinates>-87.0795138549,36.0852974656,500.0</coordinates>
    </Point>
</Placemark>
<Placemark>
    <name>NS3165 PEGRAM 1602031653</name>
    <description>(731) 549-0408  02/04/11 19:43:00</description>
    <styleUrl>#defaultStyle</styleUrl>
    <Point>
        <coordinates>-87.079156455,36.0867836633,500.0</coordinates>
    </Point>
</Placemark>
<Placemark>
    <name>NS3165 PEGRAM 1602031653</name>
    <description>(731) 549-0408  02/04/11 19:43:00</description>
    <styleUrl>#defaultStyle</styleUrl>
    <Point>
        <coordinates>-87.0787351045,36.0882589014,500.0</coordinates>
    </Point>
</Placemark>
<Placemark>
    <name>NS3165 PEGRAM 1602031653</name>
    <description>(731) 549-0408  02/04/11 19:43:00</description>
    <styleUrl>#defaultStyle</styleUrl>
    <Point>
        <coordinates>-87.0782503166,36.089721382,500.0</coordinates>
    </Point>
</Placemark>
<Placemark>
    <name>NS3165 PEGRAM 1602031653</name>
    <description>(731) 549-0408  02/04/11 19:43:00</description>
    <styleUrl>#defaultStyle</styleUrl>
    <Point>
        <coordinates>-87.0777026821,36.0911693223,500.0</coordinates>
    </Point>
</Placemark>
<Placemark>
    <name>NS3165 PEGRAM 1602031653</name>
    <description>(731) 549-0408  02/04/11 19:43:00</description>
    <styleUrl>#defaultStyle</styleUrl>
    <Point>
        <coordinates>-87.077092868,36.0926009575,500.0</coordinates>
    </Point>
</Placemark>
<Placemark>
    <name>NS3165 PEGRAM 1602031653</name>
    <description>(731) 549-0408  02/04/11 19:43:00</description>
    <styleUrl>#defaultStyle</styleUrl>
    <Point>
        <coordinates>-87.0764216174,36.0940145424,500.0</coordinates>
    </Point>
</Placemark>
<Placemark>
    <name>NS3165 PEGRAM 1602031653</name>
    <description>(731) 549-0408  02/04/11 19:43:00</description>
    <styleUrl>#defaultStyle</styleUrl>
    <Point>
        <coordinates>-87.0756897481,36.0954083538,500.0</coordinates>
    </Point>
</Placemark>
<Placemark>
    <name>NS3165 PEGRAM 1602031653</name>
    <description>(731) 549-0408  02/04/11 19:43:00</description>
    <styleUrl>#defaultStyle</styleUrl>
    <Point>
        <coordinates>-87.0748981517,36.0967806924,500.0</coordinates>
    </Point>
</Placemark>
<Placemark>
    <name>NS3165 PEGRAM 1602031653</name>
    <description>(731) 549-0408  02/04/11 19:43:00</description>
    <styleUrl>#defaultStyle</styleUrl>
    <Point>
        <coordinates>-87.0740477926,36.0981298851,500.0</coordinates>
    </Point>
</Placemark>
<Placemark>
    <name>NS3165 PEGRAM 1602031653</name>
    <description>(731) 549-0408  02/04/11 19:43:00</description>
    <styleUrl>#defaultStyle</styleUrl>
    <Point>
        <coordinates>-87.073139707,36.0994542868,500.0</coordinates>
    </Point>
</Placemark>
<Placemark>
    <name>NS3165 PEGRAM 1602031653</name>
    <description>(731) 549-0408  02/04/11 19:43:00</description>
    <styleUrl>#defaultStyle</styleUrl>
    <Point>
        <coordinates>-87.0721750011,36.1007522827,500.0</coordinates>
    </Point>
</Placemark>
<Placemark>
    <name>NS3165 PEGRAM 1602031653</name>
    <description>(731) 549-0408  02/04/11 19:43:00</description>
    <styleUrl>#defaultStyle</styleUrl>
    <Point>
        <coordinates>-87.0711548504,36.1020222901,500.0</coordinates>
    </Point>
</Placemark>
<Placemark>
    <name>NS3165 PEGRAM 1602031653</name>
    <description>(731) 549-0408  02/04/11 19:43:00</description>
    <styleUrl>#defaultStyle</styleUrl>
    <Point>
        <coordinates>-87.0700804976,36.1032627601,500.0</coordinates>
    </Point>
</Placemark>
<Placemark>
    <name>NS3165 PEGRAM 1602031653</name>
    <description>(731) 549-0408  02/04/11 19:43:00</description>
    <styleUrl>#defaultStyle</styleUrl>
    <Point>
        <coordinates>-87.0689532518,36.1044721801,500.0</coordinates>
    </Point>
</Placemark>
<Placemark>
    <name>NS3165 PEGRAM 1602031653</name>
    <description>(731) 549-0408  02/04/11 19:43:00</description>
    <styleUrl>#defaultStyle</styleUrl>
    <Point>
        <coordinates>-87.0677744862,36.1056490752,500.0</coordinates>
    </Point>
</Placemark>
<Placemark>
    <name>NS3165 PEGRAM 1602031653</name>
    <description>(731) 549-0408  02/04/11 19:43:00</description>
    <styleUrl>#defaultStyle</styleUrl>
    <Point>
        <coordinates>-87.0665456371,36.1067920098,500.0</coordinates>
    </Point>
</Placemark>
<Placemark>
    <name>NS3165 PEGRAM 1602031653</name>
    <description>(731) 549-0408  02/04/11 19:43:00</description>
    <styleUrl>#defaultStyle</styleUrl>
    <Point>
        <coordinates>-87.0652682016,36.1078995901,500.0</coordinates>
    </Point>
</Placemark>
<Placemark>
    <name>NS3165 PEGRAM 1602031653</name>
    <description>(731) 549-0408  02/04/11 19:43:00</description>
    <styleUrl>#defaultStyle</styleUrl>
    <Point>
        <coordinates>-87.063943736,36.1089704652,500.0</coordinates>
    </Point>
</Placemark>
<Placemark>
    <name>NS3165 PEGRAM 1602031653</name>
    <description>(731) 549-0408  02/04/11 19:43:00</description>
    <styleUrl>#defaultStyle</styleUrl>
    <Point>
        <coordinates>-87.062573854,36.1100033287,500.0</coordinates>
    </Point>
</Placemark>
<Placemark>
    <name>NS3165 PEGRAM 1602031653</name>
    <description>(731) 549-0408  02/04/11 19:43:00</description>
    <styleUrl>#defaultStyle</styleUrl>
    <Point>
        <coordinates>-87.0611602246,36.1109969207,500.0</coordinates>
    </Point>
</Placemark>
<Placemark>
    <name>NS3165 PEGRAM 1602031653</name>
    <description>(731) 549-0408  02/04/11 19:43:00</description>
    <styleUrl>#defaultStyle</styleUrl>
    <Point>
        <coordinates>-87.0597045701,36.1119500293,500.0</coordinates>
    </Point>
</Placemark>
<Placemark>
    <name>NS3165 PEGRAM 1602031653</name>
    <description>(731) 549-0408  02/04/11 19:43:00</description>
    <styleUrl>#defaultStyle</styleUrl>
    <Point>
        <coordinates>-87.058208664,36.1128614918,500.0</coordinates>
    </Point>
</Placemark>
<Placemark>
    <name>NS3165 PEGRAM 1602031653</name>
    <description>(731) 549-0408  02/04/11 19:43:00</description>
    <styleUrl>#defaultStyle</styleUrl>
    <Point>
        <coordinates>-87.0566743288,36.113730196,500.0</coordinates>
    </Point>
</Placemark>
<Placemark>
    <name>NS3165 PEGRAM 1602031653</name>
    <description>(731) 549-0408  02/04/11 19:43:00</description>
    <styleUrl>#defaultStyle</styleUrl>
    <Point>
        <coordinates>-87.0551034338,36.1145550824,500.0</coordinates>
    </Point>
</Placemark>
<Placemark>
    <name>NS3165 PEGRAM 1602031653</name>
    <description>(731) 549-0408  02/04/11 19:43:00</description>
    <styleUrl>#defaultStyle</styleUrl>
    <Point>
        <coordinates>-87.0534978929,36.1153351444,500.0</coordinates>
    </Point>
</Placemark>
<Placemark>
    <name>NS3165 PEGRAM 1602031653</name>
    <description>(731) 549-0408  02/04/11 19:43:00</description>
    <styleUrl>#defaultStyle</styleUrl>
    <Point>
        <coordinates>-87.0518596623,36.1160694303,500.0</coordinates>
    </Point>
</Placemark>
<Placemark>
    <name>NS3165 PEGRAM 1602031653</name>
    <description>(731) 549-0408  02/04/11 19:43:00</description>
    <styleUrl>#defaultStyle</styleUrl>
    <Point>
        <coordinates>-87.0501907379,36.1167570442,500.0</coordinates>
    </Point>
</Placemark>
<Placemark>
    <name>NS3165 PEGRAM 1602031653</name>
    <description>(731) 549-0408  02/04/11 19:43:00</description>
    <styleUrl>#defaultStyle</styleUrl>
    <Point>
        <coordinates>-87.048493153,36.1173971472,500.0</coordinates>
    </Point>
</Placemark>
<Placemark>
    <name>NS3165 PEGRAM 1602031653</name>
    <description>(731) 549-0408  02/04/11 19:43:00</description>
    <styleUrl>#defaultStyle</styleUrl>
    <Point>
        <coordinates>-87.0467689759,36.1179889581,500.0</coordinates>
    </Point>
</Placemark>
<Placemark>
    <name>NS3165 PEGRAM 1602031653</name>
    <description>(731) 549-0408  02/04/11 19:43:00</description>
    <styleUrl>#defaultStyle</styleUrl>
    <Point>
        <coordinates>-87.0450203071,36.118531755,500.0</coordinates>
    </Point>
</Placemark>
<Placemark>
    <name>NS3165 PEGRAM 1602031653</name>
    <description>(731) 549-0408  02/04/11 19:43:00</description>
    <styleUrl>#defaultStyle</styleUrl>
    <Point>
        <coordinates>-87.0432492772,36.1190248753,500.0</coordinates>
    </Point>
</Placemark>
<Placemark>
    <name>NS3165 PEGRAM 1602031653</name>
    <description>(731) 549-0408  02/04/11 19:43:00</description>
    <styleUrl>#defaultStyle</styleUrl>
    <Point>
        <coordinates>-87.0414580439,36.1194677174,500.0</coordinates>
    </Point>
</Placemark>
<Placemark>
    <name>NS3165 PEGRAM 1602031653</name>
    <description>(731) 549-0408  02/04/11 19:43:00</description>
    <styleUrl>#defaultStyle</styleUrl>
    <Point>
        <coordinates>-87.0396487896,36.1198597409,500.0</coordinates>
    </Point>
</Placemark>
<Placemark>
    <name>NS3165 PEGRAM 1602031653</name>
    <description>(731) 549-0408  02/04/11 19:43:00</description>
    <styleUrl>#defaultStyle</styleUrl>
    <Point>
        <coordinates>-87.0378237186,36.1202004674,500.0</coordinates>
    </Point>
</Placemark>
<Placemark>
    <name>NS3165 PEGRAM 1602031653</name>
    <description>(731) 549-0408  02/04/11 19:43:00</description>
    <styleUrl>#defaultStyle</styleUrl>
    <Point>
        <coordinates>-87.0359850544,36.1204894812,500.0</coordinates>
    </Point>
</Placemark>
<Placemark>
    <name>NS3165 PEGRAM 1602031653</name>
    <description>(731) 549-0408  02/04/11 19:43:00</description>
    <styleUrl>#defaultStyle</styleUrl>
    <Point>
        <coordinates>-87.0341350371,36.1207264294,500.0</coordinates>
    </Point>
</Placemark>
<Placemark>
    <name>NS3165 PEGRAM 1602031653</name>
    <description>(731) 549-0408  02/04/11 19:43:00</description>
    <styleUrl>#defaultStyle</styleUrl>
    <Point>
        <coordinates>-87.0322759208,36.1209110231,500.0</coordinates>
    </Point>
</Placemark>
<Placemark>
    <name>NS3165 PEGRAM 1602031653</name>
    <description>(731) 549-0408  02/04/11 19:43:00</description>
    <styleUrl>#defaultStyle</styleUrl>
    <Point>
        <coordinates>-87.0304099704,36.1210430368,500.0</coordinates>
    </Point>
</Placemark>
<Placemark>
    <name>NS3165 PEGRAM 1602031653</name>
    <description>(731) 549-0408  02/04/11 19:43:00</description>
    <styleUrl>#defaultStyle</styleUrl>
    <Point>
        <coordinates>-87.0285394594,36.1211223096,500.0</coordinates>
    </Point>
</Placemark>
<Placemark>
    <name>CR1253 DARDEN 1600812531</name>
    <description>(731) 733-0139  03/07/11 08:34:00</description>
    <styleUrl>#defaultStyle</styleUrl>
    <Point>
        <coordinates>-87.7841666667,35.7661111111,0.0</coordinates>
    </Point>
</Placemark>
<Placemark>
    <name>FL71 2701211982</name>
    <description>(731) 439-5644  01/20/11 17:15:00</description>
    <styleUrl>#defaultStyle</styleUrl>
    <Point>
        <coordinates>-80.1991666667,26.3097222222,500.0</coordinates>
    </Point>
</Placemark>
<Placemark>
    <name>FL71 2701211982</name>
    <description>(731) 439-5644  01/20/11 17:15:00</description>
    <styleUrl>#defaultStyle</styleUrl>
    <Point>
        <coordinates>-80.1572658508,26.3314016157,500.0</coordinates>
    </Point>
</Placemark>
<Placemark>
    <name>FL71 2701211982</name>
    <description>(731) 439-5644  01/20/11 17:15:00</description>
    <styleUrl>#defaultStyle</styleUrl>
    <Point>
        <coordinates>-80.1564471066,26.3300773277,500.0</coordinates>
    </Point>
</Placemark>
<Placemark>
    <name>FL71 2701211982</name>
    <description>(731) 439-5644  01/20/11 17:15:00</description>
    <styleUrl>#defaultStyle</styleUrl>
    <Point>
        <coordinates>-80.1556804096,26.3287282435,500.0</coordinates>
    </Point>
</Placemark>
<Placemark>
    <name>FL71 2701211982</name>
    <description>(731) 439-5644  01/20/11 17:15:00</description>
    <styleUrl>#defaultStyle</styleUrl>
    <Point>
        <coordinates>-80.1549666939,26.3273560076,500.0</coordinates>
    </Point>
</Placemark>
<Placemark>
    <name>FL71 2701211982</name>
    <description>(731) 439-5644  01/20/11 17:15:00</description>
    <styleUrl>#defaultStyle</styleUrl>
    <Point>
        <coordinates>-80.154306829,26.3259622927,500.0</coordinates>
    </Point>
</Placemark>
<Placemark>
    <name>FL71 2701211982</name>
    <description>(731) 439-5644  01/20/11 17:15:00</description>
    <styleUrl>#defaultStyle</styleUrl>
    <Point>
        <coordinates>-80.153701619,26.3245487974,500.0</coordinates>
    </Point>
</Placemark>
<Placemark>
    <name>FL71 2701211982</name>
    <description>(731) 439-5644  01/20/11 17:15:00</description>
    <styleUrl>#defaultStyle</styleUrl>
    <Point>
        <coordinates>-80.1531518011,26.3231172447,500.0</coordinates>
    </Point>
</Placemark>
<Placemark>
    <name>FL71 2701211982</name>
    <description>(731) 439-5644  01/20/11 17:15:00</description>
    <styleUrl>#defaultStyle</styleUrl>
    <Point>
        <coordinates>-80.1526580452,26.3216693793,500.0</coordinates>
    </Point>
</Placemark>
<Placemark>
    <name>FL71 2701211982</name>
    <description>(731) 439-5644  01/20/11 17:15:00</description>
    <styleUrl>#defaultStyle</styleUrl>
    <Point>
        <coordinates>-80.1522209529,26.3202069658,500.0</coordinates>
    </Point>
</Placemark>
<Placemark>
    <name>FL71 2701211982</name>
    <description>(731) 439-5644  01/20/11 17:15:00</description>
    <styleUrl>#defaultStyle</styleUrl>
    <Point>
        <coordinates>-80.1518410566,26.3187317863,500.0</coordinates>
    </Point>
</Placemark>
<Placemark>
    <name>FL71 2701211982</name>
    <description>(731) 439-5644  01/20/11 17:15:00</description>
    <styleUrl>#defaultStyle</styleUrl>
    <Point>
        <coordinates>-80.1515188193,26.3172456387,500.0</coordinates>
    </Point>
</Placemark>
<Placemark>
    <name>FL71 2701211982</name>
    <description>(731) 439-5644  01/20/11 17:15:00</description>
    <styleUrl>#defaultStyle</styleUrl>
    <Point>
        <coordinates>-80.1512546336,26.315750334,500.0</coordinates>
    </Point>
</Placemark>
<Placemark>
    <name>FL71 2701211982</name>
    <description>(731) 439-5644  01/20/11 17:15:00</description>
    <styleUrl>#defaultStyle</styleUrl>
    <Point>
        <coordinates>-80.1510488213,26.3142476943,500.0</coordinates>
    </Point>
</Placemark>
<Placemark>
    <name>FL71 2701211982</name>
    <description>(731) 439-5644  01/20/11 17:15:00</description>
    <styleUrl>#defaultStyle</styleUrl>
    <Point>
        <coordinates>-80.1509016331,26.3127395506,500.0</coordinates>
    </Point>
</Placemark>
<Placemark>
    <name>FL71 2701211982</name>
    <description>(731) 439-5644  01/20/11 17:15:00</description>
    <styleUrl>#defaultStyle</styleUrl>
    <Point>
        <coordinates>-80.1508132484,26.3112277404,500.0</coordinates>
    </Point>
</Placemark>
<Placemark>
    <name>FL71 2701211982</name>
    <description>(731) 439-5644  01/20/11 17:15:00</description>
    <styleUrl>#defaultStyle</styleUrl>
    <Point>
        <coordinates>-80.1507837748,26.3097141059,500.0</coordinates>
    </Point>
</Placemark>
<Placemark>
    <name>FL71 2701211982</name>
    <description>(731) 439-5644  01/20/11 17:15:00</description>
    <styleUrl>#defaultStyle</styleUrl>
    <Point>
        <coordinates>-80.1508132484,26.3082004911,500.0</coordinates>
    </Point>
</Placemark>
<Placemark>
    <name>FL71 2701211982</name>
    <description>(731) 439-5644  01/20/11 17:15:00</description>
    <styleUrl>#defaultStyle</styleUrl>
    <Point>
        <coordinates>-80.1509016331,26.3066887402,500.0</coordinates>
    </Point>
</Placemark>
<Placemark>
    <name>FL71 2701211982</name>
    <description>(731) 439-5644  01/20/11 17:15:00</description>
    <styleUrl>#defaultStyle</styleUrl>
    <Point>
        <coordinates>-80.1510488213,26.3051806948,500.0</coordinates>
    </Point>
</Placemark>
<Placemark>
    <name>FL71 2701211982</name>
    <description>(731) 439-5644  01/20/11 17:15:00</description>
    <styleUrl>#defaultStyle</styleUrl>
    <Point>
        <coordinates>-80.1512546336,26.3036781921,500.0</coordinates>
    </Point>
</Placemark>
<Placemark>
    <name>FL71 2701211982</name>
    <description>(731) 439-5644  01/20/11 17:15:00</description>
    <styleUrl>#defaultStyle</styleUrl>
    <Point>
        <coordinates>-80.1515188193,26.3021830625,500.0</coordinates>
    </Point>
</Placemark>
<Placemark>
    <name>FL71 2701211982</name>
    <description>(731) 439-5644  01/20/11 17:15:00</description>
    <styleUrl>#defaultStyle</styleUrl>
    <Point>
        <coordinates>-80.1518410566,26.3006971271,500.0</coordinates>
    </Point>
</Placemark>
<Placemark>
    <name>FL71 2701211982</name>
    <description>(731) 439-5644  01/20/11 17:15:00</description>
    <styleUrl>#defaultStyle</styleUrl>
    <Point>
        <coordinates>-80.1522209529,26.299222196,500.0</coordinates>
    </Point>
</Placemark>
<Placemark>
    <name>FL71 2701211982</name>
    <description>(731) 439-5644  01/20/11 17:15:00</description>
    <styleUrl>#defaultStyle</styleUrl>
    <Point>
        <coordinates>-80.1526580452,26.2977600657,500.0</coordinates>
    </Point>
</Placemark>
<Placemark>
    <name>FL71 2701211982</name>
    <description>(731) 439-5644  01/20/11 17:15:00</description>
    <styleUrl>#defaultStyle</styleUrl>
    <Point>
        <coordinates>-80.1531518011,26.2963125171,500.0</coordinates>
    </Point>
</Placemark>
<Placemark>
    <name>FL71 2701211982</name>
    <description>(731) 439-5644  01/20/11 17:15:00</description>
    <styleUrl>#defaultStyle</styleUrl>
    <Point>
        <coordinates>-80.153701619,26.2948813132,500.0</coordinates>
    </Point>
</Placemark>
<Placemark>
    <name>FL71 2701211982</name>
    <description>(731) 439-5644  01/20/11 17:15:00</description>
    <styleUrl>#defaultStyle</styleUrl>
    <Point>
        <coordinates>-80.154306829,26.293468197,500.0</coordinates>
    </Point>
</Placemark>
<Placemark>
    <name>FL71 2701211982</name>
    <description>(731) 439-5644  01/20/11 17:15:00</description>
    <styleUrl>#defaultStyle</styleUrl>
    <Point>
        <coordinates>-80.1549666939,26.2920748896,500.0</coordinates>
    </Point>
</Placemark>
<Placemark>
    <name>FL71 2701211982</name>
    <description>(731) 439-5644  01/20/11 17:15:00</description>
    <styleUrl>#defaultStyle</styleUrl>
    <Point>
        <coordinates>-80.1556804096,26.2907030877,500.0</coordinates>
    </Point>
</Placemark>
<Placemark>
    <name>FL71 2701211982</name>
    <description>(731) 439-5644  01/20/11 17:15:00</description>
    <styleUrl>#defaultStyle</styleUrl>
    <Point>
        <coordinates>-80.1564471066,26.2893544618,500.0</coordinates>
    </Point>
</Placemark>
<Placemark>
    <name>FL71 2701211982</name>
    <description>(731) 439-5644  01/20/11 17:15:00</description>
    <styleUrl>#defaultStyle</styleUrl>
    <Point>
        <coordinates>-80.1572658508,26.2880306543,500.0</coordinates>
    </Point>
</Placemark>
<Placemark>
    <name>FL71 2701211982</name>
    <description>(731) 439-5644  01/20/11 17:15:00</description>
    <styleUrl>#defaultStyle</styleUrl>
    <Point>
        <coordinates>-80.1581356446,26.286733277,500.0</coordinates>
    </Point>
</Placemark>
<Placemark>
    <name>FL71 2701211982</name>
    <description>(731) 439-5644  01/20/11 17:15:00</description>
    <styleUrl>#defaultStyle</styleUrl>
    <Point>
        <coordinates>-80.1590554285,26.2854639097,500.0</coordinates>
    </Point>
</Placemark>
<Placemark>
    <name>FL71 2701211982</name>
    <description>(731) 439-5644  01/20/11 17:15:00</description>
    <styleUrl>#defaultStyle</styleUrl>
    <Point>
        <coordinates>-80.1600240817,26.2842240981,500.0</coordinates>
    </Point>
</Placemark>
<Placemark>
    <name>FL71 2701211982</name>
    <description>(731) 439-5644  01/20/11 17:15:00</description>
    <styleUrl>#defaultStyle</styleUrl>
    <Point>
        <coordinates>-80.1610404242,26.2830153516,500.0</coordinates>
    </Point>
</Placemark>
<Placemark>
    <name>FL71 2701211982</name>
    <description>(731) 439-5644  01/20/11 17:15:00</description>
    <styleUrl>#defaultStyle</styleUrl>
    <Point>
        <coordinates>-80.1621032176,26.281839142,500.0</coordinates>
    </Point>
</Placemark>
<Placemark>
    <name>FL71 2701211982</name>
    <description>(731) 439-5644  01/20/11 17:15:00</description>
    <styleUrl>#defaultStyle</styleUrl>
    <Point>
        <coordinates>-80.1632111671,26.2806969012,500.0</coordinates>
    </Point>
</Placemark>
<Placemark>
    <name>FL71 2701211982</name>
    <description>(731) 439-5644  01/20/11 17:15:00</description>
    <styleUrl>#defaultStyle</styleUrl>
    <Point>
        <coordinates>-80.1643629229,26.2795900199,500.0</coordinates>
    </Point>
</Placemark>
<Placemark>
    <name>FL71 2701211982</name>
    <description>(731) 439-5644  01/20/11 17:15:00</description>
    <styleUrl>#defaultStyle</styleUrl>
    <Point>
        <coordinates>-80.1655570817,26.2785198456,500.0</coordinates>
    </Point>
</Placemark>
<Placemark>
    <name>FL71 2701211982</name>
    <description>(731) 439-5644  01/20/11 17:15:00</description>
    <styleUrl>#defaultStyle</styleUrl>
    <Point>
        <coordinates>-80.1667921887,26.2774876811,500.0</coordinates>
    </Point>
</Placemark>
<Placemark>
    <name>FL71 2701211982</name>
    <description>(731) 439-5644  01/20/11 17:15:00</description>
    <styleUrl>#defaultStyle</styleUrl>
    <Point>
        <coordinates>-80.1680667389,26.2764947829,500.0</coordinates>
    </Point>
</Placemark>
<Placemark>
    <name>FL71 2701211982</name>
    <description>(731) 439-5644  01/20/11 17:15:00</description>
    <styleUrl>#defaultStyle</styleUrl>
    <Point>
        <coordinates>-80.1693791797,26.2755423597,500.0</coordinates>
    </Point>
</Placemark>
<Placemark>
    <name>FL71 2701211982</name>
    <description>(731) 439-5644  01/20/11 17:15:00</description>
    <styleUrl>#defaultStyle</styleUrl>
    <Point>
        <coordinates>-80.170727912,26.2746315709,500.0</coordinates>
    </Point>
</Placemark>
<Placemark>
    <name>FL71 2701211982</name>
    <description>(731) 439-5644  01/20/11 17:15:00</description>
    <styleUrl>#defaultStyle</styleUrl>
    <Point>
        <coordinates>-80.1721112925,26.2737635251,500.0</coordinates>
    </Point>
</Placemark>
<Placemark>
    <name>FL71 2701211982</name>
    <description>(731) 439-5644  01/20/11 17:15:00</description>
    <styleUrl>#defaultStyle</styleUrl>
    <Point>
        <coordinates>-80.1735276358,26.2729392789,500.0</coordinates>
    </Point>
</Placemark>
<Placemark>
    <name>FL71 2701211982</name>
    <description>(731) 439-5644  01/20/11 17:15:00</description>
    <styleUrl>#defaultStyle</styleUrl>
    <Point>
        <coordinates>-80.1749752164,26.2721598357,500.0</coordinates>
    </Point>
</Placemark>
<Placemark>
    <name>FL71 2701211982</name>
    <description>(731) 439-5644  01/20/11 17:15:00</description>
    <styleUrl>#defaultStyle</styleUrl>
    <Point>
        <coordinates>-80.1764522706,26.271426144,500.0</coordinates>
    </Point>
</Placemark>
<Placemark>
    <name>FL71 2701211982</name>
    <description>(731) 439-5644  01/20/11 17:15:00</description>
    <styleUrl>#defaultStyle</styleUrl>
    <Point>
        <coordinates>-80.1779569988,26.270739097,500.0</coordinates>
    </Point>
</Placemark>
<Placemark>
    <name>FL71 2701211982</name>
    <description>(731) 439-5644  01/20/11 17:15:00</description>
    <styleUrl>#defaultStyle</styleUrl>
    <Point>
        <coordinates>-80.1794875678,26.2700995309,500.0</coordinates>
    </Point>
</Placemark>
<Placemark>
    <name>FL71 2701211982</name>
    <description>(731) 439-5644  01/20/11 17:15:00</description>
    <styleUrl>#defaultStyle</styleUrl>
    <Point>
        <coordinates>-80.1810421127,26.269508224,500.0</coordinates>
    </Point>
</Placemark>
<Placemark>
    <name>FL71 2701211982</name>
    <description>(731) 439-5644  01/20/11 17:15:00</description>
    <styleUrl>#defaultStyle</styleUrl>
    <Point>
        <coordinates>-80.1826187396,26.2689658961,500.0</coordinates>
    </Point>
</Placemark>
<Placemark>
    <name>FL71 2701211982</name>
    <description>(731) 439-5644  01/20/11 17:15:00</description>
    <styleUrl>#defaultStyle</styleUrl>
    <Point>
        <coordinates>-80.1842155276,26.2684732072,500.0</coordinates>
    </Point>
</Placemark>
<Placemark>
    <name>FL71 2701211982</name>
    <description>(731) 439-5644  01/20/11 17:15:00</description>
    <styleUrl>#defaultStyle</styleUrl>
    <Point>
        <coordinates>-80.1858305314,26.268030757,500.0</coordinates>
    </Point>
</Placemark>
<Placemark>
    <name>FL71 2701211982</name>
    <description>(731) 439-5644  01/20/11 17:15:00</description>
    <styleUrl>#defaultStyle</styleUrl>
    <Point>
        <coordinates>-80.1874617831,26.2676390839,500.0</coordinates>
    </Point>
</Placemark>
<Placemark>
    <name>FL71 2701211982</name>
    <description>(731) 439-5644  01/20/11 17:15:00</description>
    <styleUrl>#defaultStyle</styleUrl>
    <Point>
        <coordinates>-80.1891072955,26.2672986646,500.0</coordinates>
    </Point>
</Placemark>
<Placemark>
    <name>FL71 2701211982</name>
    <description>(731) 439-5644  01/20/11 17:15:00</description>
    <styleUrl>#defaultStyle</styleUrl>
    <Point>
        <coordinates>-80.1907650637,26.2670099133,500.0</coordinates>
    </Point>
</Placemark>
<Placemark>
    <name>FL71 2701211982</name>
    <description>(731) 439-5644  01/20/11 17:15:00</description>
    <styleUrl>#defaultStyle</styleUrl>
    <Point>
        <coordinates>-80.192433068,26.2667731816,500.0</coordinates>
    </Point>
</Placemark>
<Placemark>
    <name>FL71 2701211982</name>
    <description>(731) 439-5644  01/20/11 17:15:00</description>
    <styleUrl>#defaultStyle</styleUrl>
    <Point>
        <coordinates>-80.1941092761,26.2665887575,500.0</coordinates>
    </Point>
</Placemark>
<Placemark>
    <name>FL71 2701211982</name>
    <description>(731) 439-5644  01/20/11 17:15:00</description>
    <styleUrl>#defaultStyle</styleUrl>
    <Point>
        <coordinates>-80.1957916459,26.2664568655,500.0</coordinates>
    </Point>
</Placemark>
<Placemark>
    <name>FL71 2701211982</name>
    <description>(731) 439-5644  01/20/11 17:15:00</description>
    <styleUrl>#defaultStyle</styleUrl>
    <Point>
        <coordinates>-80.1974781277,26.266377666,500.0</coordinates>
    </Point>
</Placemark>
<Placemark>
    <name>FL71 2701211982</name>
    <description>(731) 439-5644  01/20/11 17:15:00</description>
    <styleUrl>#defaultStyle</styleUrl>
    <Point>
        <coordinates>-80.1991666667,26.2663512554,500.0</coordinates>
    </Point>
</Placemark>
<Placemark>
    <name>JERSEYVILLE DT 2450615519</name>
    <description>(731) 549-4403  02/20/11 19:15:00</description>
    <styleUrl>#defaultStyle</styleUrl>
    <Point>
        <coordinates>-90.2907012508,39.0772583254,500.0</coordinates>
    </Point>
</Placemark>
<Placemark>
    <name>JERSEYVILLE DT 2450615519</name>
    <description>(731) 549-4403  02/20/11 19:15:00</description>
    <styleUrl>#defaultStyle</styleUrl>
    <Point>
        <coordinates>-90.2924397462,39.0765714259,500.0</coordinates>
    </Point>
</Placemark>
<Placemark>
    <name>JERSEYVILLE DT 2450615519</name>
    <description>(731) 549-4403  02/20/11 19:15:00</description>
    <styleUrl>#defaultStyle</styleUrl>
    <Point>
        <coordinates>-90.2942080968,39.0759319995,500.0</coordinates>
    </Point>
</Placemark>
<Placemark>
    <name>JERSEYVILLE DT 2450615519</name>
    <description>(731) 549-4403  02/20/11 19:15:00</description>
    <styleUrl>#defaultStyle</styleUrl>
    <Point>
        <coordinates>-90.2960041482,39.0753408239,500.0</coordinates>
    </Point>
</Placemark>
<Placemark>
    <name>JERSEYVILLE DT 2450615519</name>
    <description>(731) 549-4403  02/20/11 19:15:00</description>
    <styleUrl>#defaultStyle</styleUrl>
    <Point>
        <coordinates>-90.2978257121,39.0747986181,500.0</coordinates>
    </Point>
</Placemark>
<Placemark>
    <name>JERSEYVILLE DT 2450615519</name>
    <description>(731) 549-4403  02/20/11 19:15:00</description>
    <styleUrl>#defaultStyle</styleUrl>
    <Point>
        <coordinates>-90.2996705693,39.0743060415,500.0</coordinates>
    </Point>
</Placemark>
<Placemark>
    <name>JERSEYVILLE DT 2450615519</name>
    <description>(731) 549-4403  02/20/11 19:15:00</description>
    <styleUrl>#defaultStyle</styleUrl>
    <Point>
        <coordinates>-90.3015364721,39.0738636933,500.0</coordinates>
    </Point>
</Placemark>
<Placemark>
    <name>JERSEYVILLE DT 2450615519</name>
    <description>(731) 549-4403  02/20/11 19:15:00</description>
    <styleUrl>#defaultStyle</styleUrl>
    <Point>
        <coordinates>-90.3034211472,39.0734721113,500.0</coordinates>
    </Point>
</Placemark>
<Placemark>
    <name>JERSEYVILLE DT 2450615519</name>
    <description>(731) 549-4403  02/20/11 19:15:00</description>
    <styleUrl>#defaultStyle</styleUrl>
    <Point>
        <coordinates>-90.3053222984,39.073131772,500.0</coordinates>
    </Point>
</Placemark>
<Placemark>
    <name>JERSEYVILLE DT 2450615519</name>
    <description>(731) 549-4403  02/20/11 19:15:00</description>
    <styleUrl>#defaultStyle</styleUrl>
    <Point>
        <coordinates>-90.3072376094,39.0728430891,500.0</coordinates>
    </Point>
</Placemark>
<Placemark>
    <name>JERSEYVILLE DT 2450615519</name>
    <description>(731) 549-4403  02/20/11 19:15:00</description>
    <styleUrl>#defaultStyle</styleUrl>
    <Point>
        <coordinates>-90.3091647467,39.0726064137,500.0</coordinates>
    </Point>
</Placemark>
<Placemark>
    <name>JERSEYVILLE DT 2450615519</name>
    <description>(731) 549-4403  02/20/11 19:15:00</description>
    <styleUrl>#defaultStyle</styleUrl>
    <Point>
        <coordinates>-90.3111013623,39.0724220337,500.0</coordinates>
    </Point>
</Placemark>
<Placemark>
    <name>JERSEYVILLE DT 2450615519</name>
    <description>(731) 549-4403  02/20/11 19:15:00</description>
    <styleUrl>#defaultStyle</styleUrl>
    <Point>
        <coordinates>-90.3130450969,39.0722901734,500.0</coordinates>
    </Point>
</Placemark>
<Placemark>
    <name>JERSEYVILLE DT 2450615519</name>
    <description>(731) 549-4403  02/20/11 19:15:00</description>
    <styleUrl>#defaultStyle</styleUrl>
    <Point>
        <coordinates>-90.3149935823,39.0722109929,500.0</coordinates>
    </Point>
</Placemark>
<Placemark>
    <name>JERSEYVILLE DT 2450615519</name>
    <description>(731) 549-4403  02/20/11 19:15:00</description>
    <styleUrl>#defaultStyle</styleUrl>
    <Point>
        <coordinates>-90.3169444444,39.0721845888,500.0</coordinates>
    </Point>
</Placemark>
<Placemark>
    <name>JERSEYVILLE DT 2450615519</name>
    <description>(731) 549-4403  02/20/11 19:15:00</description>
    <styleUrl>#defaultStyle</styleUrl>
    <Point>
        <coordinates>-90.3188953066,39.0722109929,500.0</coordinates>
    </Point>
</Placemark>
<Placemark>
    <name>JERSEYVILLE DT 2450615519</name>
    <description>(731) 549-4403  02/20/11 19:15:00</description>
    <styleUrl>#defaultStyle</styleUrl>
    <Point>
        <coordinates>-90.320843792,39.0722901734,500.0</coordinates>
    </Point>
</Placemark>
<Placemark>
    <name>JERSEYVILLE DT 2450615519</name>
    <description>(731) 549-4403  02/20/11 19:15:00</description>
    <styleUrl>#defaultStyle</styleUrl>
    <Point>
        <coordinates>-90.3227875265,39.0724220337,500.0</coordinates>
    </Point>
</Placemark>
<Placemark>
    <name>JERSEYVILLE DT 2450615519</name>
    <description>(731) 549-4403  02/20/11 19:15:00</description>
    <styleUrl>#defaultStyle</styleUrl>
    <Point>
        <coordinates>-90.3247241422,39.0726064137,500.0</coordinates>
    </Point>
</Placemark>
<Placemark>
    <name>JERSEYVILLE DT 2450615519</name>
    <description>(731) 549-4403  02/20/11 19:15:00</description>
    <styleUrl>#defaultStyle</styleUrl>
    <Point>
        <coordinates>-90.3266512795,39.0728430891,500.0</coordinates>
    </Point>
</Placemark>
<Placemark>
    <name>JERSEYVILLE DT 2450615519</name>
    <description>(731) 549-4403  02/20/11 19:15:00</description>
    <styleUrl>#defaultStyle</styleUrl>
    <Point>
        <coordinates>-90.3285665905,39.073131772,500.0</coordinates>
    </Point>
</Placemark>
<Placemark>
    <name>JERSEYVILLE DT 2450615519</name>
    <description>(731) 549-4403  02/20/11 19:15:00</description>
    <styleUrl>#defaultStyle</styleUrl>
    <Point>
        <coordinates>-90.3304677417,39.0734721113,500.0</coordinates>
    </Point>
</Placemark>
<Placemark>
    <name>JERSEYVILLE DT 2450615519</name>
    <description>(731) 549-4403  02/20/11 19:15:00</description>
    <styleUrl>#defaultStyle</styleUrl>
    <Point>
        <coordinates>-90.3323524168,39.0738636933,500.0</coordinates>
    </Point>
</Placemark>
<Placemark>
    <name>JERSEYVILLE DT 2450615519</name>
    <description>(731) 549-4403  02/20/11 19:15:00</description>
    <styleUrl>#defaultStyle</styleUrl>
    <Point>
        <coordinates>-90.3342183196,39.0743060415,500.0</coordinates>
    </Point>
</Placemark>
<Placemark>
    <name>JERSEYVILLE DT 2450615519</name>
    <description>(731) 549-4403  02/20/11 19:15:00</description>
    <styleUrl>#defaultStyle</styleUrl>
    <Point>
        <coordinates>-90.3360631768,39.0747986181,500.0</coordinates>
    </Point>
</Placemark>
<Placemark>
    <name>JERSEYVILLE DT 2450615519</name>
    <description>(731) 549-4403  02/20/11 19:15:00</description>
    <styleUrl>#defaultStyle</styleUrl>
    <Point>
        <coordinates>-90.3378847407,39.0753408239,500.0</coordinates>
    </Point>
</Placemark>
<Placemark>
    <name>JERSEYVILLE DT 2450615519</name>
    <description>(731) 549-4403  02/20/11 19:15:00</description>
    <styleUrl>#defaultStyle</styleUrl>
    <Point>
        <coordinates>-90.3396807921,39.0759319995,500.0</coordinates>
    </Point>
</Placemark>
<Placemark>
    <name>JERSEYVILLE DT 2450615519</name>
    <description>(731) 549-4403  02/20/11 19:15:00</description>
    <styleUrl>#defaultStyle</styleUrl>
    <Point>
        <coordinates>-90.3414491427,39.0765714259,500.0</coordinates>
    </Point>
</Placemark>
<Placemark>
    <name>JERSEYVILLE DT 2450615519</name>
    <description>(731) 549-4403  02/20/11 19:15:00</description>
    <styleUrl>#defaultStyle</styleUrl>
    <Point>
        <coordinates>-90.3431876381,39.0772583254,500.0</coordinates>
    </Point>
</Placemark>
<Placemark>
    <name>JERSEYVILLE DT 2450615519</name>
    <description>(731) 549-4403  02/20/11 19:15:00</description>
    <styleUrl>#defaultStyle</styleUrl>
    <Point>
        <coordinates>-90.3448941601,39.0779918623,500.0</coordinates>
    </Point>
</Placemark>
<Placemark>
    <name>JERSEYVILLE DT 2450615519</name>
    <description>(731) 549-4403  02/20/11 19:15:00</description>
    <styleUrl>#defaultStyle</styleUrl>
    <Point>
        <coordinates>-90.3465666297,39.0787711445,500.0</coordinates>
    </Point>
</Placemark>
<Placemark>
    <name>JERSEYVILLE DT 2450615519</name>
    <description>(731) 549-4403  02/20/11 19:15:00</description>
    <styleUrl>#defaultStyle</styleUrl>
    <Point>
        <coordinates>-90.3482030092,39.079595224,500.0</coordinates>
    </Point>
</Placemark>
<Placemark>
    <name>JERSEYVILLE DT 2450615519</name>
    <description>(731) 549-4403  02/20/11 19:15:00</description>
    <styleUrl>#defaultStyle</styleUrl>
    <Point>
        <coordinates>-90.3498013048,39.0804630983,500.0</coordinates>
    </Point>
</Placemark>
<Placemark>
    <name>JERSEYVILLE DT 2450615519</name>
    <description>(731) 549-4403  02/20/11 19:15:00</description>
    <styleUrl>#defaultStyle</styleUrl>
    <Point>
        <coordinates>-90.3513595694,39.0813737117,500.0</coordinates>
    </Point>
</Placemark>
<Placemark>
    <name>JERSEYVILLE DT 2450615519</name>
    <description>(731) 549-4403  02/20/11 19:15:00</description>
    <styleUrl>#defaultStyle</styleUrl>
    <Point>
        <coordinates>-90.3528759045,39.0823259564,500.0</coordinates>
    </Point>
</Placemark>
<Placemark>
    <name>JERSEYVILLE DT 2450615519</name>
    <description>(731) 549-4403  02/20/11 19:15:00</description>
    <styleUrl>#defaultStyle</styleUrl>
    <Point>
        <coordinates>-90.3543484625,39.0833186739,500.0</coordinates>
    </Point>
</Placemark>
<Placemark>
    <name>JERSEYVILLE DT 2450615519</name>
    <description>(731) 549-4403  02/20/11 19:15:00</description>
    <styleUrl>#defaultStyle</styleUrl>
    <Point>
        <coordinates>-90.3557754495,39.0843506563,500.0</coordinates>
    </Point>
</Placemark>
<Placemark>
    <name>JERSEYVILLE DT 2450615519</name>
    <description>(731) 549-4403  02/20/11 19:15:00</description>
    <styleUrl>#defaultStyle</styleUrl>
    <Point>
        <coordinates>-90.3571551268,39.0854206481,500.0</coordinates>
    </Point>
</Placemark>
<Placemark>
    <name>JERSEYVILLE DT 2450615519</name>
    <description>(731) 549-4403  02/20/11 19:15:00</description>
    <styleUrl>#defaultStyle</styleUrl>
    <Point>
        <coordinates>-90.3584858136,39.0865273474,500.0</coordinates>
    </Point>
</Placemark>
<Placemark>
    <name>JERSEYVILLE DT 2450615519</name>
    <description>(731) 549-4403  02/20/11 19:15:00</description>
    <styleUrl>#defaultStyle</styleUrl>
    <Point>
        <coordinates>-90.3597658887,39.0876694074,500.0</coordinates>
    </Point>
</Placemark>
<Placemark>
    <name>JERSEYVILLE DT 2450615519</name>
    <description>(731) 549-4403  02/20/11 19:15:00</description>
    <styleUrl>#defaultStyle</styleUrl>
    <Point>
        <coordinates>-90.3609937923,39.0888454385,500.0</coordinates>
    </Point>
</Placemark>
<Placemark>
    <name>JERSEYVILLE DT 2450615519</name>
    <description>(731) 549-4403  02/20/11 19:15:00</description>
    <styleUrl>#defaultStyle</styleUrl>
    <Point>
        <coordinates>-90.3621680286,39.0900540095,500.0</coordinates>
    </Point>
</Placemark>
<Placemark>
    <name>JERSEYVILLE DT 2450615519</name>
    <description>(731) 549-4403  02/20/11 19:15:00</description>
    <styleUrl>#defaultStyle</styleUrl>
    <Point>
        <coordinates>-90.3632871669,39.0912936496,500.0</coordinates>
    </Point>
</Placemark>
<Placemark>
    <name>JERSEYVILLE DT 2450615519</name>
    <description>(731) 549-4403  02/20/11 19:15:00</description>
    <styleUrl>#defaultStyle</styleUrl>
    <Point>
        <coordinates>-90.3643498437,39.09256285,500.0</coordinates>
    </Point>
</Placemark>
<Placemark>
    <name>JERSEYVILLE DT 2450615519</name>
    <description>(731) 549-4403  02/20/11 19:15:00</description>
    <styleUrl>#defaultStyle</styleUrl>
    <Point>
        <coordinates>-90.3653547644,39.093860066,500.0</coordinates>
    </Point>
</Placemark>
<Placemark>
    <name>EV3116 MAYFIELD MURRAY 1501031161</name>
    <description>(731) 798-0089  01/28/11 14:49:00</description>
    <styleUrl>#defaultStyle</styleUrl>
    <Point>
        <coordinates>-88.4755555556,36.6452777778,500.0</coordinates>
    </Point>
</Placemark>
<Placemark>
    <name>EV3116 MAYFIELD MURRAY 1501031161</name>
    <description>(731) 798-0089  01/28/11 14:49:00</description>
    <styleUrl>#defaultStyle</styleUrl>
    <Point>
        <coordinates>-88.5025831568,36.6828350816,500.0</coordinates>
    </Point>
</Placemark>
<Placemark>
    <name>EV3116 MAYFIELD MURRAY 1501031161</name>
    <description>(731) 798-0089  01/28/11 14:49:00</description>
    <styleUrl>#defaultStyle</styleUrl>
    <Point>
        <coordinates>-88.5009329362,36.683569375,500.0</coordinates>
    </Point>
</Placemark>
<Placemark>
    <name>EV3116 MAYFIELD MURRAY 1501031161</name>
    <description>(731) 798-0089  01/28/11 14:49:00</description>
    <styleUrl>#defaultStyle</styleUrl>
    <Point>
        <coordinates>-88.4992517971,36.684256996,500.0</coordinates>
    </Point>
</Placemark>
<Placemark>
    <name>EV3116 MAYFIELD MURRAY 1501031161</name>
    <description>(731) 798-0089  01/28/11 14:49:00</description>
    <styleUrl>#defaultStyle</styleUrl>
    <Point>
        <coordinates>-88.4975417877,36.6848971057,500.0</coordinates>
    </Point>
</Placemark>
<Placemark>
    <name>EV3116 MAYFIELD MURRAY 1501031161</name>
    <description>(731) 798-0089  01/28/11 14:49:00</description>
    <styleUrl>#defaultStyle</styleUrl>
    <Point>
        <coordinates>-88.4958049915,36.6854889229,500.0</coordinates>
    </Point>
</Placemark>
<Placemark>
    <name>EV3116 MAYFIELD MURRAY 1501031161</name>
    <description>(731) 798-0089  01/28/11 14:49:00</description>
    <styleUrl>#defaultStyle</styleUrl>
    <Point>
        <coordinates>-88.4940435244,36.6860317256,500.0</coordinates>
    </Point>
</Placemark>
<Placemark>
    <name>EV3116 MAYFIELD MURRAY 1501031161</name>
    <description>(731) 798-0089  01/28/11 14:49:00</description>
    <styleUrl>#defaultStyle</styleUrl>
    <Point>
        <coordinates>-88.4922595325,36.6865248513,500.0</coordinates>
    </Point>
</Placemark>
<Placemark>
    <name>EV3116 MAYFIELD MURRAY 1501031161</name>
    <description>(731) 798-0089  01/28/11 14:49:00</description>
    <styleUrl>#defaultStyle</styleUrl>
    <Point>
        <coordinates>-88.4904551894,36.6869676983,500.0</coordinates>
    </Point>
</Placemark>
<Placemark>
    <name>EV3116 MAYFIELD MURRAY 1501031161</name>
    <description>(731) 798-0089  01/28/11 14:49:00</description>
    <styleUrl>#defaultStyle</styleUrl>
    <Point>
        <coordinates>-88.4886326934,36.6873597262,500.0</coordinates>
    </Point>
</Placemark>
<Placemark>
    <name>EV3116 MAYFIELD MURRAY 1501031161</name>
    <description>(731) 798-0089  01/28/11 14:49:00</description>
    <styleUrl>#defaultStyle</styleUrl>
    <Point>
        <coordinates>-88.4867942648,36.6877004566,500.0</coordinates>
    </Point>
</Placemark>
<Placemark>
    <name>EV3116 MAYFIELD MURRAY 1501031161</name>
    <description>(731) 798-0089  01/28/11 14:49:00</description>
    <styleUrl>#defaultStyle</styleUrl>
    <Point>
        <coordinates>-88.4849421436,36.6879894736,500.0</coordinates>
    </Point>
</Placemark>
<Placemark>
    <name>EV3116 MAYFIELD MURRAY 1501031161</name>
    <description>(731) 798-0089  01/28/11 14:49:00</description>
    <styleUrl>#defaultStyle</styleUrl>
    <Point>
        <coordinates>-88.4830785862,36.6882264246,500.0</coordinates>
    </Point>
</Placemark>
<Placemark>
    <name>EV3116 MAYFIELD MURRAY 1501031161</name>
    <description>(731) 798-0089  01/28/11 14:49:00</description>
    <styleUrl>#defaultStyle</styleUrl>
    <Point>
        <coordinates>-88.4812058632,36.6884110203,500.0</coordinates>
    </Point>
</Placemark>
<Placemark>
    <name>EV3116 MAYFIELD MURRAY 1501031161</name>
    <description>(731) 798-0089  01/28/11 14:49:00</description>
    <styleUrl>#defaultStyle</styleUrl>
    <Point>
        <coordinates>-88.4793262561,36.6885430356,500.0</coordinates>
    </Point>
</Placemark>
<Placemark>
    <name>EV3116 MAYFIELD MURRAY 1501031161</name>
    <description>(731) 798-0089  01/28/11 14:49:00</description>
    <styleUrl>#defaultStyle</styleUrl>
    <Point>
        <coordinates>-88.4774420551,36.6886223093,500.0</coordinates>
    </Point>
</Placemark>
<Placemark>
    <name>EV3116 MAYFIELD MURRAY 1501031161</name>
    <description>(731) 798-0089  01/28/11 14:49:00</description>
    <styleUrl>#defaultStyle</styleUrl>
    <Point>
        <coordinates>-88.4755555556,36.6886487446,500.0</coordinates>
    </Point>
</Placemark>
<Placemark>
    <name>EV3116 MAYFIELD MURRAY 1501031161</name>
    <description>(731) 798-0089  01/28/11 14:49:00</description>
    <styleUrl>#defaultStyle</styleUrl>
    <Point>
        <coordinates>-88.4736690561,36.6886223093,500.0</coordinates>
    </Point>
</Placemark>
<Placemark>
    <name>EV3116 MAYFIELD MURRAY 1501031161</name>
    <description>(731) 798-0089  01/28/11 14:49:00</description>
    <styleUrl>#defaultStyle</styleUrl>
    <Point>
        <coordinates>-88.471784855,36.6885430356,500.0</coordinates>
    </Point>
</Placemark>
<Placemark>
    <name>EV3116 MAYFIELD MURRAY 1501031161</name>
    <description>(731) 798-0089  01/28/11 14:49:00</description>
    <styleUrl>#defaultStyle</styleUrl>
    <Point>
        <coordinates>-88.4699052479,36.6884110203,500.0</coordinates>
    </Point>
</Placemark>
<Placemark>
    <name>EV3116 MAYFIELD MURRAY 1501031161</name>
    <description>(731) 798-0089  01/28/11 14:49:00</description>
    <styleUrl>#defaultStyle</styleUrl>
    <Point>
        <coordinates>-88.4680325249,36.6882264246,500.0</coordinates>
    </Point>
</Placemark>
<Placemark>
    <name>EV3116 MAYFIELD MURRAY 1501031161</name>
    <description>(731) 798-0089  01/28/11 14:49:00</description>
    <styleUrl>#defaultStyle</styleUrl>
    <Point>
        <coordinates>-88.4661689675,36.6879894736,500.0</coordinates>
    </Point>
</Placemark>
<Placemark>
    <name>EV3116 MAYFIELD MURRAY 1501031161</name>
    <description>(731) 798-0089  01/28/11 14:49:00</description>
    <styleUrl>#defaultStyle</styleUrl>
    <Point>
        <coordinates>-88.4643168463,36.6877004566,500.0</coordinates>
    </Point>
</Placemark>
<Placemark>
    <name>EV3116 MAYFIELD MURRAY 1501031161</name>
    <description>(731) 798-0089  01/28/11 14:49:00</description>
    <styleUrl>#defaultStyle</styleUrl>
    <Point>
        <coordinates>-88.4624784178,36.6873597262,500.0</coordinates>
    </Point>
</Placemark>
<Placemark>
    <name>EV3116 MAYFIELD MURRAY 1501031161</name>
    <description>(731) 798-0089  01/28/11 14:49:00</description>
    <styleUrl>#defaultStyle</styleUrl>
    <Point>
        <coordinates>-88.4606559217,36.6869676983,500.0</coordinates>
    </Point>
</Placemark>
<Placemark>
    <name>EV3116 MAYFIELD MURRAY 1501031161</name>
    <description>(731) 798-0089  01/28/11 14:49:00</description>
    <styleUrl>#defaultStyle</styleUrl>
    <Point>
        <coordinates>-88.4588515786,36.6865248513,500.0</coordinates>
    </Point>
</Placemark>
<Placemark>
    <name>EV3116 MAYFIELD MURRAY 1501031161</name>
    <description>(731) 798-0089  01/28/11 14:49:00</description>
    <styleUrl>#defaultStyle</styleUrl>
    <Point>
        <coordinates>-88.4570675867,36.6860317256,500.0</coordinates>
    </Point>
</Placemark>
<Placemark>
    <name>EV3116 MAYFIELD MURRAY 1501031161</name>
    <description>(731) 798-0089  01/28/11 14:49:00</description>
    <styleUrl>#defaultStyle</styleUrl>
    <Point>
        <coordinates>-88.4553061196,36.6854889229,500.0</coordinates>
    </Point>
</Placemark>
<Placemark>
    <name>EV3116 MAYFIELD MURRAY 1501031161</name>
    <description>(731) 798-0089  01/28/11 14:49:00</description>
    <styleUrl>#defaultStyle</styleUrl>
    <Point>
        <coordinates>-88.4535693234,36.6848971057,500.0</coordinates>
    </Point>
</Placemark>
<Placemark>
    <name>EV3116 MAYFIELD MURRAY 1501031161</name>
    <description>(731) 798-0089  01/28/11 14:49:00</description>
    <styleUrl>#defaultStyle</styleUrl>
    <Point>
        <coordinates>-88.451859314,36.684256996,500.0</coordinates>
    </Point>
</Placemark>
<Placemark>
    <name>EV3116 MAYFIELD MURRAY 1501031161</name>
    <description>(731) 798-0089  01/28/11 14:49:00</description>
    <styleUrl>#defaultStyle</styleUrl>
    <Point>
        <coordinates>-88.4501781749,36.683569375,500.0</coordinates>
    </Point>
</Placemark>
<Placemark>
    <name>EV3116 MAYFIELD MURRAY 1501031161</name>
    <description>(731) 798-0089  01/28/11 14:49:00</description>
    <styleUrl>#defaultStyle</styleUrl>
    <Point>
        <coordinates>-88.4485279543,36.6828350816,500.0</coordinates>
    </Point>
</Placemark>
<Placemark>
    <name>EV3116 MAYFIELD MURRAY 1501031161</name>
    <description>(731) 798-0089  01/28/11 14:49:00</description>
    <styleUrl>#defaultStyle</styleUrl>
    <Point>
        <coordinates>-88.4469106627,36.6820550119,500.0</coordinates>
    </Point>
</Placemark>
<Placemark>
    <name>EV3116 MAYFIELD MURRAY 1501031161</name>
    <description>(731) 798-0089  01/28/11 14:49:00</description>
    <styleUrl>#defaultStyle</styleUrl>
    <Point>
        <coordinates>-88.4453282705,36.6812301176,500.0</coordinates>
    </Point>
</Placemark>
<Placemark>
    <name>EV3116 MAYFIELD MURRAY 1501031161</name>
    <description>(731) 798-0089  01/28/11 14:49:00</description>
    <styleUrl>#defaultStyle</styleUrl>
    <Point>
        <coordinates>-88.4437827056,36.6803614051,500.0</coordinates>
    </Point>
</Placemark>
<Placemark>
    <name>EV3116 MAYFIELD MURRAY 1501031161</name>
    <description>(731) 798-0089  01/28/11 14:49:00</description>
    <styleUrl>#defaultStyle</styleUrl>
    <Point>
        <coordinates>-88.4422758511,36.6794499342,500.0</coordinates>
    </Point>
</Placemark>
<Placemark>
    <name>EV3116 MAYFIELD MURRAY 1501031161</name>
    <description>(731) 798-0089  01/28/11 14:49:00</description>
    <styleUrl>#defaultStyle</styleUrl>
    <Point>
        <coordinates>-88.4408095428,36.6784968171,500.0</coordinates>
    </Point>
</Placemark>
<Placemark>
    <name>EV3116 MAYFIELD MURRAY 1501031161</name>
    <description>(731) 798-0089  01/28/11 14:49:00</description>
    <styleUrl>#defaultStyle</styleUrl>
    <Point>
        <coordinates>-88.4393855673,36.6775032163,500.0</coordinates>
    </Point>
</Placemark>
<Placemark>
    <name>EV3116 MAYFIELD MURRAY 1501031161</name>
    <description>(731) 798-0089  01/28/11 14:49:00</description>
    <styleUrl>#defaultStyle</styleUrl>
    <Point>
        <coordinates>-88.4380056593,36.6764703441,500.0</coordinates>
    </Point>
</Placemark>
<Placemark>
    <name>EV3116 MAYFIELD MURRAY 1501031161</name>
    <description>(731) 798-0089  01/28/11 14:49:00</description>
    <styleUrl>#defaultStyle</styleUrl>
    <Point>
        <coordinates>-88.4366715001,36.6753994603,500.0</coordinates>
    </Point>
</Placemark>
<Placemark>
    <name>EV3116 MAYFIELD MURRAY 1501031161</name>
    <description>(731) 798-0089  01/28/11 14:49:00</description>
    <styleUrl>#defaultStyle</styleUrl>
    <Point>
        <coordinates>-88.4353847151,36.6742918712,500.0</coordinates>
    </Point>
</Placemark>
<Placemark>
    <name>EV3116 MAYFIELD MURRAY 1501031161</name>
    <description>(731) 798-0089  01/28/11 14:49:00</description>
    <styleUrl>#defaultStyle</styleUrl>
    <Point>
        <coordinates>-88.4341468722,36.6731489279,500.0</coordinates>
    </Point>
</Placemark>
<Placemark>
    <name>EV3116 MAYFIELD MURRAY 1501031161</name>
    <description>(731) 798-0089  01/28/11 14:49:00</description>
    <styleUrl>#defaultStyle</styleUrl>
    <Point>
        <coordinates>-88.4329594794,36.6719720243,500.0</coordinates>
    </Point>
</Placemark>
<Placemark>
    <name>EV3116 MAYFIELD MURRAY 1501031161</name>
    <description>(731) 798-0089  01/28/11 14:49:00</description>
    <styleUrl>#defaultStyle</styleUrl>
    <Point>
        <coordinates>-88.4318239834,36.6707625959,500.0</coordinates>
    </Point>
</Placemark>
<Placemark>
    <name>EV3116 MAYFIELD MURRAY 1501031161</name>
    <description>(731) 798-0089  01/28/11 14:49:00</description>
    <styleUrl>#defaultStyle</styleUrl>
    <Point>
        <coordinates>-88.4307417675,36.6695221176,500.0</coordinates>
    </Point>
</Placemark>
<Placemark>
    <name>EV3116 MAYFIELD MURRAY 1501031161</name>
    <description>(731) 798-0089  01/28/11 14:49:00</description>
    <styleUrl>#defaultStyle</styleUrl>
    <Point>
        <coordinates>-88.4297141504,36.6682521023,500.0</coordinates>
    </Point>
</Placemark>
<Placemark>
    <name>EV3116 MAYFIELD MURRAY 1501031161</name>
    <description>(731) 798-0089  01/28/11 14:49:00</description>
    <styleUrl>#defaultStyle</styleUrl>
    <Point>
        <coordinates>-88.4287423839,36.6669540987,500.0</coordinates>
    </Point>
</Placemark>
<Placemark>
    <name>EV3116 MAYFIELD MURRAY 1501031161</name>
    <description>(731) 798-0089  01/28/11 14:49:00</description>
    <styleUrl>#defaultStyle</styleUrl>
    <Point>
        <coordinates>-88.4278276521,36.6656296896,500.0</coordinates>
    </Point>
</Placemark>
<Placemark>
    <name>EV3116 MAYFIELD MURRAY 1501031161</name>
    <description>(731) 798-0089  01/28/11 14:49:00</description>
    <styleUrl>#defaultStyle</styleUrl>
    <Point>
        <coordinates>-88.4269710694,36.6642804898,500.0</coordinates>
    </Point>
</Placemark>
<Placemark>
    <name>EV3116 MAYFIELD MURRAY 1501031161</name>
    <description>(731) 798-0089  01/28/11 14:49:00</description>
    <styleUrl>#defaultStyle</styleUrl>
    <Point>
        <coordinates>-88.4261736794,36.6629081445,500.0</coordinates>
    </Point>
</Placemark>
<Placemark>
    <name>EV3116 MAYFIELD MURRAY 1501031161</name>
    <description>(731) 798-0089  01/28/11 14:49:00</description>
    <styleUrl>#defaultStyle</styleUrl>
    <Point>
        <coordinates>-88.4254364536,36.6615143268,500.0</coordinates>
    </Point>
</Placemark>
<Placemark>
    <name>EV3116 MAYFIELD MURRAY 1501031161</name>
    <description>(731) 798-0089  01/28/11 14:49:00</description>
    <styleUrl>#defaultStyle</styleUrl>
    <Point>
        <coordinates>-88.4247602902,36.660100736,500.0</coordinates>
    </Point>
</Placemark>
<Placemark>
    <name>EV3116 MAYFIELD MURRAY 1501031161</name>
    <description>(731) 798-0089  01/28/11 14:49:00</description>
    <styleUrl>#defaultStyle</styleUrl>
    <Point>
        <coordinates>-88.424146013,36.6586690954,500.0</coordinates>
    </Point>
</Placemark>
<Placemark>
    <name>EV3116 MAYFIELD MURRAY 1501031161</name>
    <description>(731) 798-0089  01/28/11 14:49:00</description>
    <styleUrl>#defaultStyle</styleUrl>
    <Point>
        <coordinates>-88.4235943703,36.6572211502,500.0</coordinates>
    </Point>
</Placemark>
<Placemark>
    <name>EV3116 MAYFIELD MURRAY 1501031161</name>
    <description>(731) 798-0089  01/28/11 14:49:00</description>
    <styleUrl>#defaultStyle</styleUrl>
    <Point>
        <coordinates>-88.4231060344,36.6557586653,500.0</coordinates>
    </Point>
</Placemark>
<Placemark>
    <name>EV3116 MAYFIELD MURRAY 1501031161</name>
    <description>(731) 798-0089  01/28/11 14:49:00</description>
    <styleUrl>#defaultStyle</styleUrl>
    <Point>
        <coordinates>-88.4226816,36.6542834234,500.0</coordinates>
    </Point>
</Placemark>
<Placemark>
    <name>EV3116 MAYFIELD MURRAY 1501031161</name>
    <description>(731) 798-0089  01/28/11 14:49:00</description>
    <styleUrl>#defaultStyle</styleUrl>
    <Point>
        <coordinates>-88.4223215844,36.6527972224,500.0</coordinates>
    </Point>
</Placemark>
<Placemark>
    <name>EV3116 MAYFIELD MURRAY 1501031161</name>
    <description>(731) 798-0089  01/28/11 14:49:00</description>
    <styleUrl>#defaultStyle</styleUrl>
    <Point>
        <coordinates>-88.4220264262,36.6513018736,500.0</coordinates>
    </Point>
</Placemark>
<Placemark>
    <name>EV3116 MAYFIELD MURRAY 1501031161</name>
    <description>(731) 798-0089  01/28/11 14:49:00</description>
    <styleUrl>#defaultStyle</styleUrl>
    <Point>
        <coordinates>-88.4217964849,36.6497991994,500.0</coordinates>
    </Point>
</Placemark>
<Placemark>
    <name>EV3116 MAYFIELD MURRAY 1501031161</name>
    <description>(731) 798-0089  01/28/11 14:49:00</description>
    <styleUrl>#defaultStyle</styleUrl>
    <Point>
        <coordinates>-88.4216320407,36.648291031,500.0</coordinates>
    </Point>
</Placemark>
<Placemark>
    <name>EV3116 MAYFIELD MURRAY 1501031161</name>
    <description>(731) 798-0089  01/28/11 14:49:00</description>
    <styleUrl>#defaultStyle</styleUrl>
    <Point>
        <coordinates>-88.421533294,36.6467792061,500.0</coordinates>
    </Point>
</Placemark>
<Placemark>
    <name>EV3116 MAYFIELD MURRAY 1501031161</name>
    <description>(731) 798-0089  01/28/11 14:49:00</description>
    <styleUrl>#defaultStyle</styleUrl>
    <Point>
        <coordinates>-88.4215003651,36.6452655667,500.0</coordinates>
    </Point>
</Placemark>
<Placemark>
    <name>NS3339 BECKHAM HOLLOW 1601933393</name>
    <description>(731) 439-5644  04/19/11 21:07:00</description>
    <styleUrl>#defaultStyle</styleUrl>
    <Point>
        <coordinates>-87.9319444444,35.2733333333,500.0</coordinates>
    </Point>
</Placemark>
<Placemark>
    <name>NS3339 BECKHAM HOLLOW 1601933393</name>
    <description>(731) 439-5644  04/19/11 21:07:00</description>
    <styleUrl>#defaultStyle</styleUrl>
    <Point>
        <coordinates>-87.9779513857,35.2516391455,500.0</coordinates>
    </Point>
</Placemark>
<Placemark>
    <name>NS3339 BECKHAM HOLLOW 1601933393</name>
    <description>(731) 439-5644  04/19/11 21:07:00</description>
    <styleUrl>#defaultStyle</styleUrl>
    <Point>
        <coordinates>-87.9788503637,35.2529628496,500.0</coordinates>
    </Point>
</Placemark>
<Placemark>
    <name>NS3339 BECKHAM HOLLOW 1601933393</name>
    <description>(731) 439-5644  04/19/11 21:07:00</description>
    <styleUrl>#defaultStyle</styleUrl>
    <Point>
        <coordinates>-87.9796921941,35.2543113767,500.0</coordinates>
    </Point>
</Placemark>
<Placemark>
    <name>NS3339 BECKHAM HOLLOW 1601933393</name>
    <description>(731) 439-5644  04/19/11 21:07:00</description>
    <styleUrl>#defaultStyle</styleUrl>
    <Point>
        <coordinates>-87.9804758512,35.2556830852,500.0</coordinates>
    </Point>
</Placemark>
<Placemark>
    <name>NS3339 BECKHAM HOLLOW 1601933393</name>
    <description>(731) 439-5644  04/19/11 21:07:00</description>
    <styleUrl>#defaultStyle</styleUrl>
    <Point>
        <coordinates>-87.9812003803,35.2570763048,500.0</coordinates>
    </Point>
</Placemark>
<Placemark>
    <name>NS3339 BECKHAM HOLLOW 1601933393</name>
    <description>(731) 439-5644  04/19/11 21:07:00</description>
    <styleUrl>#defaultStyle</styleUrl>
    <Point>
        <coordinates>-87.9818648987,35.2584893393,500.0</coordinates>
    </Point>
</Placemark>
<Placemark>
    <name>NS3339 BECKHAM HOLLOW 1601933393</name>
    <description>(731) 439-5644  04/19/11 21:07:00</description>
    <styleUrl>#defaultStyle</styleUrl>
    <Point>
        <coordinates>-87.9824685967,35.2599204681,500.0</coordinates>
    </Point>
</Placemark>
<Placemark>
    <name>NS3339 BECKHAM HOLLOW 1601933393</name>
    <description>(731) 439-5644  04/19/11 21:07:00</description>
    <styleUrl>#defaultStyle</styleUrl>
    <Point>
        <coordinates>-87.9830107388,35.2613679484,500.0</coordinates>
    </Point>
</Placemark>
<Placemark>
    <name>NS3339 BECKHAM HOLLOW 1601933393</name>
    <description>(731) 439-5644  04/19/11 21:07:00</description>
    <styleUrl>#defaultStyle</styleUrl>
    <Point>
        <coordinates>-87.9834906645,35.2628300176,500.0</coordinates>
    </Point>
</Placemark>
<Placemark>
    <name>NS3339 BECKHAM HOLLOW 1601933393</name>
    <description>(731) 439-5644  04/19/11 21:07:00</description>
    <styleUrl>#defaultStyle</styleUrl>
    <Point>
        <coordinates>-87.9839077891,35.2643048951,500.0</coordinates>
    </Point>
</Placemark>
<Placemark>
    <name>NS3339 BECKHAM HOLLOW 1601933393</name>
    <description>(731) 439-5644  04/19/11 21:07:00</description>
    <styleUrl>#defaultStyle</styleUrl>
    <Point>
        <coordinates>-87.9842616044,35.2657907847,500.0</coordinates>
    </Point>
</Placemark>
<Placemark>
    <name>NS3339 BECKHAM HOLLOW 1601933393</name>
    <description>(731) 439-5644  04/19/11 21:07:00</description>
    <styleUrl>#defaultStyle</styleUrl>
    <Point>
        <coordinates>-87.9845516793,35.2672858766,500.0</coordinates>
    </Point>
</Placemark>
<Placemark>
    <name>NS3339 BECKHAM HOLLOW 1601933393</name>
    <description>(731) 439-5644  04/19/11 21:07:00</description>
    <styleUrl>#defaultStyle</styleUrl>
    <Point>
        <coordinates>-87.9847776605,35.2687883496,500.0</coordinates>
    </Point>
</Placemark>
<Placemark>
    <name>NS3339 BECKHAM HOLLOW 1601933393</name>
    <description>(731) 439-5644  04/19/11 21:07:00</description>
    <styleUrl>#defaultStyle</styleUrl>
    <Point>
        <coordinates>-87.9849392726,35.2702963737,500.0</coordinates>
    </Point>
</Placemark>
<Placemark>
    <name>NS3339 BECKHAM HOLLOW 1601933393</name>
    <description>(731) 439-5644  04/19/11 21:07:00</description>
    <styleUrl>#defaultStyle</styleUrl>
    <Point>
        <coordinates>-87.9850363186,35.2718081118,500.0</coordinates>
    </Point>
</Placemark>
<Placemark>
    <name>NS3339 BECKHAM HOLLOW 1601933393</name>
    <description>(731) 439-5644  04/19/11 21:07:00</description>
    <styleUrl>#defaultStyle</styleUrl>
    <Point>
        <coordinates>-87.9850686805,35.2733217222,500.0</coordinates>
    </Point>
</Placemark>
<Placemark>
    <name>NS3339 BECKHAM HOLLOW 1601933393</name>
    <description>(731) 439-5644  04/19/11 21:07:00</description>
    <styleUrl>#defaultStyle</styleUrl>
    <Point>
        <coordinates>-87.9850363186,35.2748353609,500.0</coordinates>
    </Point>
</Placemark>
<Placemark>
    <name>NS3339 BECKHAM HOLLOW 1601933393</name>
    <description>(731) 439-5644  04/19/11 21:07:00</description>
    <styleUrl>#defaultStyle</styleUrl>
    <Point>
        <coordinates>-87.9849392726,35.2763471837,500.0</coordinates>
    </Point>
</Placemark>
<Placemark>
    <name>NS3339 BECKHAM HOLLOW 1601933393</name>
    <description>(731) 439-5644  04/19/11 21:07:00</description>
    <styleUrl>#defaultStyle</styleUrl>
    <Point>
        <coordinates>-87.9847776605,35.2778553485,500.0</coordinates>
    </Point>
</Placemark>
<Placemark>
    <name>NS3339 BECKHAM HOLLOW 1601933393</name>
    <description>(731) 439-5644  04/19/11 21:07:00</description>
    <styleUrl>#defaultStyle</styleUrl>
    <Point>
        <coordinates>-87.9845516793,35.2793580176,500.0</coordinates>
    </Point>
</Placemark>
<Placemark>
    <name>NS3339 BECKHAM HOLLOW 1601933393</name>
    <description>(731) 439-5644  04/19/11 21:07:00</description>
    <styleUrl>#defaultStyle</styleUrl>
    <Point>
        <coordinates>-87.9842616044,35.2808533599,500.0</coordinates>
    </Point>
</Placemark>
<Placemark>
    <name>NS3339 BECKHAM HOLLOW 1601933393</name>
    <description>(731) 439-5644  04/19/11 21:07:00</description>
    <styleUrl>#defaultStyle</styleUrl>
    <Point>
        <coordinates>-87.9839077891,35.2823395531,500.0</coordinates>
    </Point>
</Placemark>
<Placemark>
    <name>NS3339 BECKHAM HOLLOW 1601933393</name>
    <description>(731) 439-5644  04/19/11 21:07:00</description>
    <styleUrl>#defaultStyle</styleUrl>
    <Point>
        <coordinates>-87.9834906645,35.2838147859,500.0</coordinates>
    </Point>
</Placemark>
<Placemark>
    <name>NS3339 BECKHAM HOLLOW 1601933393</name>
    <description>(731) 439-5644  04/19/11 21:07:00</description>
    <styleUrl>#defaultStyle</styleUrl>
    <Point>
        <coordinates>-87.9830107388,35.2852772603,500.0</coordinates>
    </Point>
</Placemark>
<Placemark>
    <name>NS3339 BECKHAM HOLLOW 1601933393</name>
    <description>(731) 439-5644  04/19/11 21:07:00</description>
    <styleUrl>#defaultStyle</styleUrl>
    <Point>
        <coordinates>-87.9824685967,35.2867251939,500.0</coordinates>
    </Point>
</Placemark>
<Placemark>
    <name>NS3339 BECKHAM HOLLOW 1601933393</name>
    <description>(731) 439-5644  04/19/11 21:07:00</description>
    <styleUrl>#defaultStyle</styleUrl>
    <Point>
        <coordinates>-87.9818648987,35.2881568216,500.0</coordinates>
    </Point>
</Placemark>
<Placemark>
    <name>NS3339 BECKHAM HOLLOW 1601933393</name>
    <description>(731) 439-5644  04/19/11 21:07:00</description>
    <styleUrl>#defaultStyle</styleUrl>
    <Point>
        <coordinates>-87.9812003803,35.2895703984,500.0</coordinates>
    </Point>
</Placemark>
<Placemark>
    <name>NS3339 BECKHAM HOLLOW 1601933393</name>
    <description>(731) 439-5644  04/19/11 21:07:00</description>
    <styleUrl>#defaultStyle</styleUrl>
    <Point>
        <coordinates>-87.9804758512,35.290964201,500.0</coordinates>
    </Point>
</Placemark>
<Placemark>
    <name>NS3339 BECKHAM HOLLOW 1601933393</name>
    <description>(731) 439-5644  04/19/11 21:07:00</description>
    <styleUrl>#defaultStyle</styleUrl>
    <Point>
        <coordinates>-87.9796921941,35.2923365303,500.0</coordinates>
    </Point>
</Placemark>
<Placemark>
    <name>NS3339 BECKHAM HOLLOW 1601933393</name>
    <description>(731) 439-5644  04/19/11 21:07:00</description>
    <styleUrl>#defaultStyle</styleUrl>
    <Point>
        <coordinates>-87.9788503637,35.2936857131,500.0</coordinates>
    </Point>
</Placemark>
<Placemark>
    <name>NS3339 BECKHAM HOLLOW 1601933393</name>
    <description>(731) 439-5644  04/19/11 21:07:00</description>
    <styleUrl>#defaultStyle</styleUrl>
    <Point>
        <coordinates>-87.9779513857,35.2950101045,500.0</coordinates>
    </Point>
</Placemark>
<Placemark>
    <name>NS3339 BECKHAM HOLLOW 1601933393</name>
    <description>(731) 439-5644  04/19/11 21:07:00</description>
    <styleUrl>#defaultStyle</styleUrl>
    <Point>
        <coordinates>-87.9769963553,35.2963080896,500.0</coordinates>
    </Point>
</Placemark>
<Placemark>
    <name>NS3339 BECKHAM HOLLOW 1601933393</name>
    <description>(731) 439-5644  04/19/11 21:07:00</description>
    <styleUrl>#defaultStyle</styleUrl>
    <Point>
        <coordinates>-87.9759864361,35.2975780858,500.0</coordinates>
    </Point>
</Placemark>
<Placemark>
    <name>NS3339 BECKHAM HOLLOW 1601933393</name>
    <description>(731) 439-5644  04/19/11 21:07:00</description>
    <styleUrl>#defaultStyle</styleUrl>
    <Point>
        <coordinates>-87.9749228584,35.2988185444,500.0</coordinates>
    </Point>
</Placemark>
<Placemark>
    <name>NS3339 BECKHAM HOLLOW 1601933393</name>
    <description>(731) 439-5644  04/19/11 21:07:00</description>
    <styleUrl>#defaultStyle</styleUrl>
    <Point>
        <coordinates>-87.9738069182,35.3000279527,500.0</coordinates>
    </Point>
</Placemark>
<Placemark>
    <name>NS3339 BECKHAM HOLLOW 1601933393</name>
    <description>(731) 439-5644  04/19/11 21:07:00</description>
    <styleUrl>#defaultStyle</styleUrl>
    <Point>
        <coordinates>-87.9726399751,35.3012048358,500.0</coordinates>
    </Point>
</Placemark>
<Placemark>
    <name>NS3339 BECKHAM HOLLOW 1601933393</name>
    <description>(731) 439-5644  04/19/11 21:07:00</description>
    <styleUrl>#defaultStyle</styleUrl>
    <Point>
        <coordinates>-87.9714234506,35.3023477584,500.0</coordinates>
    </Point>
</Placemark>
<Placemark>
    <name>NS3339 BECKHAM HOLLOW 1601933393</name>
    <description>(731) 439-5644  04/19/11 21:07:00</description>
    <styleUrl>#defaultStyle</styleUrl>
    <Point>
        <coordinates>-87.9701588271,35.3034553266,500.0</coordinates>
    </Point>
</Placemark>
<Placemark>
    <name>NS3339 BECKHAM HOLLOW 1601933393</name>
    <description>(731) 439-5644  04/19/11 21:07:00</description>
    <styleUrl>#defaultStyle</styleUrl>
    <Point>
        <coordinates>-87.9688476451,35.3045261894,500.0</coordinates>
    </Point>
</Placemark>
<Placemark>
    <name>NS3339 BECKHAM HOLLOW 1601933393</name>
    <description>(731) 439-5644  04/19/11 21:07:00</description>
    <styleUrl>#defaultStyle</styleUrl>
    <Point>
        <coordinates>-87.9674915023,35.3055590407,500.0</coordinates>
    </Point>
</Placemark>
<Placemark>
    <name>NS3339 BECKHAM HOLLOW 1601933393</name>
    <description>(731) 439-5644  04/19/11 21:07:00</description>
    <styleUrl>#defaultStyle</styleUrl>
    <Point>
        <coordinates>-87.9660920509,35.3065526207,500.0</coordinates>
    </Point>
</Placemark>
<Placemark>
    <name>NS3339 BECKHAM HOLLOW 1601933393</name>
    <description>(731) 439-5644  04/19/11 21:07:00</description>
    <styleUrl>#defaultStyle</styleUrl>
    <Point>
        <coordinates>-87.9646509958,35.3075057174,500.0</coordinates>
    </Point>
</Placemark>
<Placemark>
    <name>NS3339 BECKHAM HOLLOW 1601933393</name>
    <description>(731) 439-5644  04/19/11 21:07:00</description>
    <styleUrl>#defaultStyle</styleUrl>
    <Point>
        <coordinates>-87.9631700928,35.3084171681,500.0</coordinates>
    </Point>
</Placemark>
<Placemark>
    <name>NS3339 BECKHAM HOLLOW 1601933393</name>
    <description>(731) 439-5644  04/19/11 21:07:00</description>
    <styleUrl>#defaultStyle</styleUrl>
    <Point>
        <coordinates>-87.9616511461,35.3092858609,500.0</coordinates>
    </Point>
</Placemark>
<Placemark>
    <name>NS3339 BECKHAM HOLLOW 1601933393</name>
    <description>(731) 439-5644  04/19/11 21:07:00</description>
    <styleUrl>#defaultStyle</styleUrl>
    <Point>
        <coordinates>-87.9600960063,35.3101107361,500.0</coordinates>
    </Point>
</Placemark>
<Placemark>
    <name>NS3339 BECKHAM HOLLOW 1601933393</name>
    <description>(731) 439-5644  04/19/11 21:07:00</description>
    <styleUrl>#defaultStyle</styleUrl>
    <Point>
        <coordinates>-87.9585065682,35.3108907873,500.0</coordinates>
    </Point>
</Placemark>
<Placemark>
    <name>NS3339 BECKHAM HOLLOW 1601933393</name>
    <description>(731) 439-5644  04/19/11 21:07:00</description>
    <styleUrl>#defaultStyle</styleUrl>
    <Point>
        <coordinates>-87.9568847681,35.3116250629,500.0</coordinates>
    </Point>
</Placemark>
<Placemark>
    <name>NS3339 BECKHAM HOLLOW 1601933393</name>
    <description>(731) 439-5644  04/19/11 21:07:00</description>
    <styleUrl>#defaultStyle</styleUrl>
    <Point>
        <coordinates>-87.9552325821,35.312312667,500.0</coordinates>
    </Point>
</Placemark>
<Placemark>
    <name>NS3339 BECKHAM HOLLOW 1601933393</name>
    <description>(731) 439-5644  04/19/11 21:07:00</description>
    <styleUrl>#defaultStyle</styleUrl>
    <Point>
        <coordinates>-87.953552023,35.3129527606,500.0</coordinates>
    </Point>
</Placemark>
<Placemark>
    <name>NS3339 BECKHAM HOLLOW 1601933393</name>
    <description>(731) 439-5644  04/19/11 21:07:00</description>
    <styleUrl>#defaultStyle</styleUrl>
    <Point>
        <coordinates>-87.9518451384,35.3135445628,500.0</coordinates>
    </Point>
</Placemark>
<Placemark>
    <name>NS3339 BECKHAM HOLLOW 1601933393</name>
    <description>(731) 439-5644  04/19/11 21:07:00</description>
    <styleUrl>#defaultStyle</styleUrl>
    <Point>
        <coordinates>-87.9501140079,35.3140873514,500.0</coordinates>
    </Point>
</Placemark>
<Placemark>
    <name>NS3339 BECKHAM HOLLOW 1601933393</name>
    <description>(731) 439-5644  04/19/11 21:07:00</description>
    <styleUrl>#defaultStyle</styleUrl>
    <Point>
        <coordinates>-87.9483607404,35.3145804642,500.0</coordinates>
    </Point>
</Placemark>
<Placemark>
    <name>NS3339 BECKHAM HOLLOW 1601933393</name>
    <description>(731) 439-5644  04/19/11 21:07:00</description>
    <styleUrl>#defaultStyle</styleUrl>
    <Point>
        <coordinates>-87.9465874723,35.3150232995,500.0</coordinates>
    </Point>
</Placemark>
<Placemark>
    <name>NS3339 BECKHAM HOLLOW 1601933393</name>
    <description>(731) 439-5644  04/19/11 21:07:00</description>
    <styleUrl>#defaultStyle</styleUrl>
    <Point>
        <coordinates>-87.9447963638,35.3154153169,500.0</coordinates>
    </Point>
</Placemark>
<Placemark>
    <name>NS3339 BECKHAM HOLLOW 1601933393</name>
    <description>(731) 439-5644  04/19/11 21:07:00</description>
    <styleUrl>#defaultStyle</styleUrl>
    <Point>
        <coordinates>-87.9429895972,35.3157560381,500.0</coordinates>
    </Point>
</Placemark>
<Placemark>
    <name>NS3339 BECKHAM HOLLOW 1601933393</name>
    <description>(731) 439-5644  04/19/11 21:07:00</description>
    <styleUrl>#defaultStyle</styleUrl>
    <Point>
        <coordinates>-87.9411693738,35.3160450473,500.0</coordinates>
    </Point>
</Placemark>
<Placemark>
    <name>NS3339 BECKHAM HOLLOW 1601933393</name>
    <description>(731) 439-5644  04/19/11 21:07:00</description>
    <styleUrl>#defaultStyle</styleUrl>
    <Point>
        <coordinates>-87.9393379112,35.3162819918,500.0</coordinates>
    </Point>
</Placemark>
<Placemark>
    <name>NS3339 BECKHAM HOLLOW 1601933393</name>
    <description>(731) 439-5644  04/19/11 21:07:00</description>
    <styleUrl>#defaultStyle</styleUrl>
    <Point>
        <coordinates>-87.9374974408,35.3164665825,500.0</coordinates>
    </Point>
</Placemark>
<Placemark>
    <name>NS3339 BECKHAM HOLLOW 1601933393</name>
    <description>(731) 439-5644  04/19/11 21:07:00</description>
    <styleUrl>#defaultStyle</styleUrl>
    <Point>
        <coordinates>-87.9356502049,35.3165985941,500.0</coordinates>
    </Point>
</Placemark>
<Placemark>
    <name>NS3339 BECKHAM HOLLOW 1601933393</name>
    <description>(731) 439-5644  04/19/11 21:07:00</description>
    <styleUrl>#defaultStyle</styleUrl>
    <Point>
        <coordinates>-87.9337984541,35.3166778656,500.0</coordinates>
    </Point>
</Placemark>
<Placemark>
    <name>NS3339 BECKHAM HOLLOW 1601933393</name>
    <description>(731) 439-5644  04/19/11 21:07:00</description>
    <styleUrl>#defaultStyle</styleUrl>
    <Point>
        <coordinates>-87.9319444444,35.3167043001,500.0</coordinates>
    </Point>
</Placemark>
<Placemark>
    <name>CR1253 DARDEN 1600812533</name>
    <description>(731) 798-0089  01/05/11 15:33:00</description>
    <styleUrl>#defaultStyle</styleUrl>
    <Point>
        <coordinates>-88.3922222222,35.2344444444,0.0</coordinates>
    </Point>
</Placemark>
<Placemark>
    <name>GMEG 2700505162</name>
    <description>(731) 439-5644  01/19/11 10:19:00</description>
    <styleUrl>#defaultStyle</styleUrl>
    <Point>
        <coordinates>-80.3016666667,25.8661111111,500.0</coordinates>
    </Point>
</Placemark>
<Placemark>
    <name>GMEG 2700505162</name>
    <description>(731) 439-5644  01/19/11 10:19:00</description>
    <styleUrl>#defaultStyle</styleUrl>
    <Point>
        <coordinates>-80.28206203,25.8264884458,500.0</coordinates>
    </Point>
</Placemark>
<Placemark>
    <name>GMEG 2700505162</name>
    <description>(731) 439-5644  01/19/11 10:19:00</description>
    <styleUrl>#defaultStyle</styleUrl>
    <Point>
        <coordinates>-80.2836106928,25.825897135,500.0</coordinates>
    </Point>
</Placemark>
<Placemark>
    <name>GMEG 2700505162</name>
    <description>(731) 439-5644  01/19/11 10:19:00</description>
    <styleUrl>#defaultStyle</styleUrl>
    <Point>
        <coordinates>-80.285181354,25.8253548034,500.0</coordinates>
    </Point>
</Placemark>
<Placemark>
    <name>GMEG 2700505162</name>
    <description>(731) 439-5644  01/19/11 10:19:00</description>
    <styleUrl>#defaultStyle</styleUrl>
    <Point>
        <coordinates>-80.2867721001,25.8248621112,500.0</coordinates>
    </Point>
</Placemark>
<Placemark>
    <name>GMEG 2700505162</name>
    <description>(731) 439-5644  01/19/11 10:19:00</description>
    <styleUrl>#defaultStyle</styleUrl>
    <Point>
        <coordinates>-80.288380993,25.8244196579,500.0</coordinates>
    </Point>
</Placemark>
<Placemark>
    <name>GMEG 2700505162</name>
    <description>(731) 439-5644  01/19/11 10:19:00</description>
    <styleUrl>#defaultStyle</styleUrl>
    <Point>
        <coordinates>-80.2900060724,25.824027982,500.0</coordinates>
    </Point>
</Placemark>
<Placemark>
    <name>GMEG 2700505162</name>
    <description>(731) 439-5644  01/19/11 10:19:00</description>
    <styleUrl>#defaultStyle</styleUrl>
    <Point>
        <coordinates>-80.2916453584,25.8236875603,500.0</coordinates>
    </Point>
</Placemark>
<Placemark>
    <name>GMEG 2700505162</name>
    <description>(731) 439-5644  01/19/11 10:19:00</description>
    <styleUrl>#defaultStyle</styleUrl>
    <Point>
        <coordinates>-80.2932968539,25.823398807,500.0</coordinates>
    </Point>
</Placemark>
<Placemark>
    <name>GMEG 2700505162</name>
    <description>(731) 439-5644  01/19/11 10:19:00</description>
    <styleUrl>#defaultStyle</styleUrl>
    <Point>
        <coordinates>-80.2949585468,25.8231620736,500.0</coordinates>
    </Point>
</Placemark>
<Placemark>
    <name>GMEG 2700505162</name>
    <description>(731) 439-5644  01/19/11 10:19:00</description>
    <styleUrl>#defaultStyle</styleUrl>
    <Point>
        <coordinates>-80.2966284124,25.8229776481,500.0</coordinates>
    </Point>
</Placemark>
<Placemark>
    <name>GMEG 2700505162</name>
    <description>(731) 439-5644  01/19/11 10:19:00</description>
    <styleUrl>#defaultStyle</styleUrl>
    <Point>
        <coordinates>-80.2983044164,25.8228457551,500.0</coordinates>
    </Point>
</Placemark>
<Placemark>
    <name>GMEG 2700505162</name>
    <description>(731) 439-5644  01/19/11 10:19:00</description>
    <styleUrl>#defaultStyle</styleUrl>
    <Point>
        <coordinates>-80.2999845168,25.822766555,500.0</coordinates>
    </Point>
</Placemark>
<Placemark>
    <name>GMEG 2700505162</name>
    <description>(731) 439-5644  01/19/11 10:19:00</description>
    <styleUrl>#defaultStyle</styleUrl>
    <Point>
        <coordinates>-80.3016666667,25.8227401443,500.0</coordinates>
    </Point>
</Placemark>
<Placemark>
    <name>GMEG 2700505162</name>
    <description>(731) 439-5644  01/19/11 10:19:00</description>
    <styleUrl>#defaultStyle</styleUrl>
    <Point>
        <coordinates>-80.3033488165,25.822766555,500.0</coordinates>
    </Point>
</Placemark>
<Placemark>
    <name>GMEG 2700505162</name>
    <description>(731) 439-5644  01/19/11 10:19:00</description>
    <styleUrl>#defaultStyle</styleUrl>
    <Point>
        <coordinates>-80.3050289169,25.8228457551,500.0</coordinates>
    </Point>
</Placemark>
<Placemark>
    <name>GMEG 2700505162</name>
    <description>(731) 439-5644  01/19/11 10:19:00</description>
    <styleUrl>#defaultStyle</styleUrl>
    <Point>
        <coordinates>-80.3067049209,25.8229776481,500.0</coordinates>
    </Point>
</Placemark>
<Placemark>
    <name>GMEG 2700505162</name>
    <description>(731) 439-5644  01/19/11 10:19:00</description>
    <styleUrl>#defaultStyle</styleUrl>
    <Point>
        <coordinates>-80.3083747866,25.8231620736,500.0</coordinates>
    </Point>
</Placemark>
<Placemark>
    <name>GMEG 2700505162</name>
    <description>(731) 439-5644  01/19/11 10:19:00</description>
    <styleUrl>#defaultStyle</styleUrl>
    <Point>
        <coordinates>-80.3100364794,25.823398807,500.0</coordinates>
    </Point>
</Placemark>
<Placemark>
    <name>GMEG 2700505162</name>
    <description>(731) 439-5644  01/19/11 10:19:00</description>
    <styleUrl>#defaultStyle</styleUrl>
    <Point>
        <coordinates>-80.3116879749,25.8236875603,500.0</coordinates>
    </Point>
</Placemark>
<Placemark>
    <name>GMEG 2700505162</name>
    <description>(731) 439-5644  01/19/11 10:19:00</description>
    <styleUrl>#defaultStyle</styleUrl>
    <Point>
        <coordinates>-80.313327261,25.824027982,500.0</coordinates>
    </Point>
</Placemark>
<Placemark>
    <name>GMEG 2700505162</name>
    <description>(731) 439-5644  01/19/11 10:19:00</description>
    <styleUrl>#defaultStyle</styleUrl>
    <Point>
        <coordinates>-80.3149523404,25.8244196579,500.0</coordinates>
    </Point>
</Placemark>
<Placemark>
    <name>GMEG 2700505162</name>
    <description>(731) 439-5644  01/19/11 10:19:00</description>
    <styleUrl>#defaultStyle</styleUrl>
    <Point>
        <coordinates>-80.3165612332,25.8248621112,500.0</coordinates>
    </Point>
</Placemark>
<Placemark>
    <name>GMEG 2700505162</name>
    <description>(731) 439-5644  01/19/11 10:19:00</description>
    <styleUrl>#defaultStyle</styleUrl>
    <Point>
        <coordinates>-80.3181519793,25.8253548034,500.0</coordinates>
    </Point>
</Placemark>
<Placemark>
    <name>GMEG 2700505162</name>
    <description>(731) 439-5644  01/19/11 10:19:00</description>
    <styleUrl>#defaultStyle</styleUrl>
    <Point>
        <coordinates>-80.3197226405,25.825897135,500.0</coordinates>
    </Point>
</Placemark>
<Placemark>
    <name>GMEG 2700505162</name>
    <description>(731) 439-5644  01/19/11 10:19:00</description>
    <styleUrl>#defaultStyle</styleUrl>
    <Point>
        <coordinates>-80.3212713033,25.8264884458,500.0</coordinates>
    </Point>
</Placemark>
<Placemark>
    <name>GMEG 2700505162</name>
    <description>(731) 439-5644  01/19/11 10:19:00</description>
    <styleUrl>#defaultStyle</styleUrl>
    <Point>
        <coordinates>-80.3227960809,25.8271280162,500.0</coordinates>
    </Point>
</Placemark>
<Placemark>
    <name>GMEG 2700505162</name>
    <description>(731) 439-5644  01/19/11 10:19:00</description>
    <styleUrl>#defaultStyle</styleUrl>
    <Point>
        <coordinates>-80.3242951154,25.8278150676,500.0</coordinates>
    </Point>
</Placemark>
<Placemark>
    <name>GMEG 2700505162</name>
    <description>(731) 439-5644  01/19/11 10:19:00</description>
    <styleUrl>#defaultStyle</styleUrl>
    <Point>
        <coordinates>-80.3257665807,25.8285487639,500.0</coordinates>
    </Point>
</Placemark>
<Placemark>
    <name>GMEG 2700505162</name>
    <description>(731) 439-5644  01/19/11 10:19:00</description>
    <styleUrl>#defaultStyle</styleUrl>
    <Point>
        <coordinates>-80.3272086839,25.829328212,500.0</coordinates>
    </Point>
</Placemark>
<Placemark>
    <name>GMEG 2700505162</name>
    <description>(731) 439-5644  01/19/11 10:19:00</description>
    <styleUrl>#defaultStyle</styleUrl>
    <Point>
        <coordinates>-80.3286196681,25.8301524632,500.0</coordinates>
    </Point>
</Placemark>
<Placemark>
    <name>GMEG 2700505162</name>
    <description>(731) 439-5644  01/19/11 10:19:00</description>
    <styleUrl>#defaultStyle</styleUrl>
    <Point>
        <coordinates>-80.3299978141,25.8310205142,500.0</coordinates>
    </Point>
</Placemark>
<Placemark>
    <name>GMEG 2700505162</name>
    <description>(731) 439-5644  01/19/11 10:19:00</description>
    <styleUrl>#defaultStyle</styleUrl>
    <Point>
        <coordinates>-80.331341443,25.8319313083,500.0</coordinates>
    </Point>
</Placemark>
<Placemark>
    <name>GMEG 2700505162</name>
    <description>(731) 439-5644  01/19/11 10:19:00</description>
    <styleUrl>#defaultStyle</styleUrl>
    <Point>
        <coordinates>-80.3326489178,25.8328837369,500.0</coordinates>
    </Point>
</Placemark>
<Placemark>
    <name>GMEG 2700505162</name>
    <description>(731) 439-5644  01/19/11 10:19:00</description>
    <styleUrl>#defaultStyle</styleUrl>
    <Point>
        <coordinates>-80.3339186454,25.8338766405,500.0</coordinates>
    </Point>
</Placemark>
<Placemark>
    <name>GMEG 2700505162</name>
    <description>(731) 439-5644  01/19/11 10:19:00</description>
    <styleUrl>#defaultStyle</styleUrl>
    <Point>
        <coordinates>-80.3351490789,25.8349088104,500.0</coordinates>
    </Point>
</Placemark>
<Placemark>
    <name>GMEG 2700505162</name>
    <description>(731) 439-5644  01/19/11 10:19:00</description>
    <styleUrl>#defaultStyle</styleUrl>
    <Point>
        <coordinates>-80.3363387192,25.8359789903,500.0</coordinates>
    </Point>
</Placemark>
<Placemark>
    <name>GMEG 2700505162</name>
    <description>(731) 439-5644  01/19/11 10:19:00</description>
    <styleUrl>#defaultStyle</styleUrl>
    <Point>
        <coordinates>-80.3374861169,25.8370858771,500.0</coordinates>
    </Point>
</Placemark>
<Placemark>
    <name>GMEG 2700505162</name>
    <description>(731) 439-5644  01/19/11 10:19:00</description>
    <styleUrl>#defaultStyle</styleUrl>
    <Point>
        <coordinates>-80.3385898742,25.8382281233,500.0</coordinates>
    </Point>
</Placemark>
<Placemark>
    <name>GMEG 2700505162</name>
    <description>(731) 439-5644  01/19/11 10:19:00</description>
    <styleUrl>#defaultStyle</styleUrl>
    <Point>
        <coordinates>-80.3396486462,25.8394043383,500.0</coordinates>
    </Point>
</Placemark>
<Placemark>
    <name>GMEG 2700505162</name>
    <description>(731) 439-5644  01/19/11 10:19:00</description>
    <styleUrl>#defaultStyle</styleUrl>
    <Point>
        <coordinates>-80.340661143,25.8406130901,500.0</coordinates>
    </Point>
</Placemark>
<Placemark>
    <name>GMEG 2700505162</name>
    <description>(731) 439-5644  01/19/11 10:19:00</description>
    <styleUrl>#defaultStyle</styleUrl>
    <Point>
        <coordinates>-80.341626131,25.8418529069,500.0</coordinates>
    </Point>
</Placemark>
<Placemark>
    <name>GMEG 2700505162</name>
    <description>(731) 439-5644  01/19/11 10:19:00</description>
    <styleUrl>#defaultStyle</styleUrl>
    <Point>
        <coordinates>-80.3425424346,25.8431222791,500.0</coordinates>
    </Point>
</Placemark>
<Placemark>
    <name>GMEG 2700505162</name>
    <description>(731) 439-5644  01/19/11 10:19:00</description>
    <styleUrl>#defaultStyle</styleUrl>
    <Point>
        <coordinates>-80.3434089373,25.8444196613,500.0</coordinates>
    </Point>
</Placemark>
<Placemark>
    <name>GMEG 2700505162</name>
    <description>(731) 439-5644  01/19/11 10:19:00</description>
    <styleUrl>#defaultStyle</styleUrl>
    <Point>
        <coordinates>-80.3442245835,25.8457434735,500.0</coordinates>
    </Point>
</Placemark>
<Placemark>
    <name>GMEG 2700505162</name>
    <description>(731) 439-5644  01/19/11 10:19:00</description>
    <styleUrl>#defaultStyle</styleUrl>
    <Point>
        <coordinates>-80.3449883795,25.8470921038,500.0</coordinates>
    </Point>
</Placemark>
<Placemark>
    <name>GMEG 2700505162</name>
    <description>(731) 439-5644  01/19/11 10:19:00</description>
    <styleUrl>#defaultStyle</styleUrl>
    <Point>
        <coordinates>-80.3456993946,25.8484639099,500.0</coordinates>
    </Point>
</Placemark>
<Placemark>
    <name>GMEG 2700505162</name>
    <description>(731) 439-5644  01/19/11 10:19:00</description>
    <styleUrl>#defaultStyle</styleUrl>
    <Point>
        <coordinates>-80.3463567626,25.8498572213,500.0</coordinates>
    </Point>
</Placemark>
<Placemark>
    <name>GMEG 2700505162</name>
    <description>(731) 439-5644  01/19/11 10:19:00</description>
    <styleUrl>#defaultStyle</styleUrl>
    <Point>
        <coordinates>-80.3469596827,25.8512703412,500.0</coordinates>
    </Point>
</Placemark>
<Placemark>
    <name>GMEG 2700505162</name>
    <description>(731) 439-5644  01/19/11 10:19:00</description>
    <styleUrl>#defaultStyle</styleUrl>
    <Point>
        <coordinates>-80.3475074202,25.8527015485,500.0</coordinates>
    </Point>
</Placemark>
<Placemark>
    <name>GMEG 2700505162</name>
    <description>(731) 439-5644  01/19/11 10:19:00</description>
    <styleUrl>#defaultStyle</styleUrl>
    <Point>
        <coordinates>-80.3479993078,25.8541491002,500.0</coordinates>
    </Point>
</Placemark>
<Placemark>
    <name>GMEG 2700505162</name>
    <description>(731) 439-5644  01/19/11 10:19:00</description>
    <styleUrl>#defaultStyle</styleUrl>
    <Point>
        <coordinates>-80.3484347462,25.8556112332,500.0</coordinates>
    </Point>
</Placemark>
<Placemark>
    <name>GMEG 2700505162</name>
    <description>(731) 439-5644  01/19/11 10:19:00</description>
    <styleUrl>#defaultStyle</styleUrl>
    <Point>
        <coordinates>-80.348813205,25.8570861667,500.0</coordinates>
    </Point>
</Placemark>
<Placemark>
    <name>GMEG 2700505162</name>
    <description>(731) 439-5644  01/19/11 10:19:00</description>
    <styleUrl>#defaultStyle</styleUrl>
    <Point>
        <coordinates>-80.349134223,25.8585721042,500.0</coordinates>
    </Point>
</Placemark>
<Placemark>
    <name>GMEG 2700505162</name>
    <description>(731) 439-5644  01/19/11 10:19:00</description>
    <styleUrl>#defaultStyle</styleUrl>
    <Point>
        <coordinates>-80.3493974091,25.8600672355,500.0</coordinates>
    </Point>
</Placemark>
<Placemark>
    <name>GMEG 2700505162</name>
    <description>(731) 439-5644  01/19/11 10:19:00</description>
    <styleUrl>#defaultStyle</styleUrl>
    <Point>
        <coordinates>-80.3496024427,25.8615697395,500.0</coordinates>
    </Point>
</Placemark>
<Placemark>
    <name>GMEG 2700505162</name>
    <description>(731) 439-5644  01/19/11 10:19:00</description>
    <styleUrl>#defaultStyle</styleUrl>
    <Point>
        <coordinates>-80.3497490739,25.8630777858,500.0</coordinates>
    </Point>
</Placemark>
<Placemark>
    <name>GMEG 2700505162</name>
    <description>(731) 439-5644  01/19/11 10:19:00</description>
    <styleUrl>#defaultStyle</styleUrl>
    <Point>
        <coordinates>-80.3498371242,25.8645895374,500.0</coordinates>
    </Point>
</Placemark>
<Placemark>
    <name>GMEG 2700505162</name>
    <description>(731) 439-5644  01/19/11 10:19:00</description>
    <styleUrl>#defaultStyle</styleUrl>
    <Point>
        <coordinates>-80.3498664862,25.8661031523,500.0</coordinates>
    </Point>
</Placemark>
<Placemark>
    <name>GMEG 2700505162</name>
    <description>(731) 439-5644  01/19/11 10:19:00</description>
    <styleUrl>#defaultStyle</styleUrl>
    <Point>
        <coordinates>-80.3498371242,25.8676167867,500.0</coordinates>
    </Point>
</Placemark>
<Placemark>
    <name>GMEG 2700505162</name>
    <description>(731) 439-5644  01/19/11 10:19:00</description>
    <styleUrl>#defaultStyle</styleUrl>
    <Point>
        <coordinates>-80.3497490739,25.8691285963,500.0</coordinates>
    </Point>
</Placemark>
<Placemark>
    <name>YEEHAW JUNCTION 2727120612</name>
    <description>(731) 798-0089  01/03/11 11:13:00</description>
    <styleUrl>#defaultStyle</styleUrl>
    <Point>
        <coordinates>-80.9136111111,27.705,500.0</coordinates>
    </Point>
</Placemark>
<Placemark>
    <name>YEEHAW JUNCTION 2727120612</name>
    <description>(731) 798-0089  01/03/11 11:13:00</description>
    <styleUrl>#defaultStyle</styleUrl>
    <Point>
        <coordinates>-80.8711869482,27.7266790156,500.0</coordinates>
    </Point>
</Placemark>
<Placemark>
    <name>YEEHAW JUNCTION 2727120612</name>
    <description>(731) 798-0089  01/03/11 11:13:00</description>
    <styleUrl>#defaultStyle</styleUrl>
    <Point>
        <coordinates>-80.8703579778,27.7253547127,500.0</coordinates>
    </Point>
</Placemark>
<Placemark>
    <name>YEEHAW JUNCTION 2727120612</name>
    <description>(731) 798-0089  01/03/11 11:13:00</description>
    <styleUrl>#defaultStyle</styleUrl>
    <Point>
        <coordinates>-80.8695817047,27.7240056143,500.0</coordinates>
    </Point>
</Placemark>
<Placemark>
    <name>YEEHAW JUNCTION 2727120612</name>
    <description>(731) 798-0089  01/03/11 11:13:00</description>
    <styleUrl>#defaultStyle</styleUrl>
    <Point>
        <coordinates>-80.8688590746,27.7226333649,500.0</coordinates>
    </Point>
</Placemark>
<Placemark>
    <name>YEEHAW JUNCTION 2727120612</name>
    <description>(731) 798-0089  01/03/11 11:13:00</description>
    <styleUrl>#defaultStyle</styleUrl>
    <Point>
        <coordinates>-80.868190968,27.7212396373,500.0</coordinates>
    </Point>
</Placemark>
<Placemark>
    <name>YEEHAW JUNCTION 2727120612</name>
    <description>(731) 798-0089  01/03/11 11:13:00</description>
    <styleUrl>#defaultStyle</styleUrl>
    <Point>
        <coordinates>-80.8675781988,27.7198261304,500.0</coordinates>
    </Point>
</Placemark>
<Placemark>
    <name>YEEHAW JUNCTION 2727120612</name>
    <description>(731) 798-0089  01/03/11 11:13:00</description>
    <styleUrl>#defaultStyle</styleUrl>
    <Point>
        <coordinates>-80.8670215135,27.7183945668,500.0</coordinates>
    </Point>
</Placemark>
<Placemark>
    <name>YEEHAW JUNCTION 2727120612</name>
    <description>(731) 798-0089  01/03/11 11:13:00</description>
    <styleUrl>#defaultStyle</styleUrl>
    <Point>
        <coordinates>-80.8665215906,27.7169466916,500.0</coordinates>
    </Point>
</Placemark>
<Placemark>
    <name>YEEHAW JUNCTION 2727120612</name>
    <description>(731) 798-0089  01/03/11 11:13:00</description>
    <styleUrl>#defaultStyle</styleUrl>
    <Point>
        <coordinates>-80.8660790389,27.7154842693,500.0</coordinates>
    </Point>
</Placemark>
<Placemark>
    <name>YEEHAW JUNCTION 2727120612</name>
    <description>(731) 798-0089  01/03/11 11:13:00</description>
    <styleUrl>#defaultStyle</styleUrl>
    <Point>
        <coordinates>-80.8656943977,27.7140090822,500.0</coordinates>
    </Point>
</Placemark>
<Placemark>
    <name>YEEHAW JUNCTION 2727120612</name>
    <description>(731) 798-0089  01/03/11 11:13:00</description>
    <styleUrl>#defaultStyle</styleUrl>
    <Point>
        <coordinates>-80.8653681357,27.712522928,500.0</coordinates>
    </Point>
</Placemark>
<Placemark>
    <name>YEEHAW JUNCTION 2727120612</name>
    <description>(731) 798-0089  01/03/11 11:13:00</description>
    <styleUrl>#defaultStyle</styleUrl>
    <Point>
        <coordinates>-80.8651006502,27.7110276179,500.0</coordinates>
    </Point>
</Placemark>
<Placemark>
    <name>YEEHAW JUNCTION 2727120612</name>
    <description>(731) 798-0089  01/03/11 11:13:00</description>
    <styleUrl>#defaultStyle</styleUrl>
    <Point>
        <coordinates>-80.8648922673,27.7095249739,500.0</coordinates>
    </Point>
</Placemark>
<Placemark>
    <name>YEEHAW JUNCTION 2727120612</name>
    <description>(731) 798-0089  01/03/11 11:13:00</description>
    <styleUrl>#defaultStyle</styleUrl>
    <Point>
        <coordinates>-80.8647432407,27.7080168271,500.0</coordinates>
    </Point>
</Placemark>
<Placemark>
    <name>YEEHAW JUNCTION 2727120612</name>
    <description>(731) 798-0089  01/03/11 11:13:00</description>
    <styleUrl>#defaultStyle</styleUrl>
    <Point>
        <coordinates>-80.864653752,27.7065050152,500.0</coordinates>
    </Point>
</Placemark>
<Placemark>
    <name>YEEHAW JUNCTION 2727120612</name>
    <description>(731) 798-0089  01/03/11 11:13:00</description>
    <styleUrl>#defaultStyle</styleUrl>
    <Point>
        <coordinates>-80.8646239104,27.70499138,500.0</coordinates>
    </Point>
</Placemark>
<Placemark>
    <name>YEEHAW JUNCTION 2727120612</name>
    <description>(731) 798-0089  01/03/11 11:13:00</description>
    <styleUrl>#defaultStyle</styleUrl>
    <Point>
        <coordinates>-80.864653752,27.7034777659,500.0</coordinates>
    </Point>
</Placemark>
<Placemark>
    <name>YEEHAW JUNCTION 2727120612</name>
    <description>(731) 798-0089  01/03/11 11:13:00</description>
    <styleUrl>#defaultStyle</styleUrl>
    <Point>
        <coordinates>-80.8647432407,27.7019660168,500.0</coordinates>
    </Point>
</Placemark>
<Placemark>
    <name>YEEHAW JUNCTION 2727120612</name>
    <description>(731) 798-0089  01/03/11 11:13:00</description>
    <styleUrl>#defaultStyle</styleUrl>
    <Point>
        <coordinates>-80.8648922673,27.7004579745,500.0</coordinates>
    </Point>
</Placemark>
<Placemark>
    <name>YEEHAW JUNCTION 2727120612</name>
    <description>(731) 798-0089  01/03/11 11:13:00</description>
    <styleUrl>#defaultStyle</styleUrl>
    <Point>
        <coordinates>-80.8651006502,27.6989554761,500.0</coordinates>
    </Point>
</Placemark>
<Placemark>
    <name>YEEHAW JUNCTION 2727120612</name>
    <description>(731) 798-0089  01/03/11 11:13:00</description>
    <styleUrl>#defaultStyle</styleUrl>
    <Point>
        <coordinates>-80.8653681357,27.6974603519,500.0</coordinates>
    </Point>
</Placemark>
<Placemark>
    <name>YEEHAW JUNCTION 2727120612</name>
    <description>(731) 798-0089  01/03/11 11:13:00</description>
    <styleUrl>#defaultStyle</styleUrl>
    <Point>
        <coordinates>-80.8656943977,27.6959744231,500.0</coordinates>
    </Point>
</Placemark>
<Placemark>
    <name>YEEHAW JUNCTION 2727120612</name>
    <description>(731) 798-0089  01/03/11 11:13:00</description>
    <styleUrl>#defaultStyle</styleUrl>
    <Point>
        <coordinates>-80.8660790389,27.6944994997,500.0</coordinates>
    </Point>
</Placemark>
<Placemark>
    <name>YEEHAW JUNCTION 2727120612</name>
    <description>(731) 798-0089  01/03/11 11:13:00</description>
    <styleUrl>#defaultStyle</styleUrl>
    <Point>
        <coordinates>-80.8665215906,27.6930373782,500.0</coordinates>
    </Point>
</Placemark>
<Placemark>
    <name>YEEHAW JUNCTION 2727120612</name>
    <description>(731) 798-0089  01/03/11 11:13:00</description>
    <styleUrl>#defaultStyle</styleUrl>
    <Point>
        <coordinates>-80.8670215135,27.6915898395,500.0</coordinates>
    </Point>
</Placemark>
<Placemark>
    <name>YEEHAW JUNCTION 2727120612</name>
    <description>(731) 798-0089  01/03/11 11:13:00</description>
    <styleUrl>#defaultStyle</styleUrl>
    <Point>
        <coordinates>-80.8675781988,27.6901586464,500.0</coordinates>
    </Point>
</Placemark>
<Placemark>
    <name>YEEHAW JUNCTION 2727120612</name>
    <description>(731) 798-0089  01/03/11 11:13:00</description>
    <styleUrl>#defaultStyle</styleUrl>
    <Point>
        <coordinates>-80.868190968,27.688745542,500.0</coordinates>
    </Point>
</Placemark>
<Placemark>
    <name>YEEHAW JUNCTION 2727120612</name>
    <description>(731) 798-0089  01/03/11 11:13:00</description>
    <styleUrl>#defaultStyle</styleUrl>
    <Point>
        <coordinates>-80.8688590746,27.6873522472,500.0</coordinates>
    </Point>
</Placemark>
<Placemark>
    <name>YEEHAW JUNCTION 2727120612</name>
    <description>(731) 798-0089  01/03/11 11:13:00</description>
    <styleUrl>#defaultStyle</styleUrl>
    <Point>
        <coordinates>-80.8695817047,27.6859804587,500.0</coordinates>
    </Point>
</Placemark>
<Placemark>
    <name>YEEHAW JUNCTION 2727120612</name>
    <description>(731) 798-0089  01/03/11 11:13:00</description>
    <styleUrl>#defaultStyle</styleUrl>
    <Point>
        <coordinates>-80.8703579778,27.6846318471,500.0</coordinates>
    </Point>
</Placemark>
<Placemark>
    <name>YEEHAW JUNCTION 2727120612</name>
    <description>(731) 798-0089  01/03/11 11:13:00</description>
    <styleUrl>#defaultStyle</styleUrl>
    <Point>
        <coordinates>-80.8711869482,27.6833080544,500.0</coordinates>
    </Point>
</Placemark>
<Placemark>
    <name>YEEHAW JUNCTION 2727120612</name>
    <description>(731) 798-0089  01/03/11 11:13:00</description>
    <styleUrl>#defaultStyle</styleUrl>
    <Point>
        <coordinates>-80.8720676059,27.6820106927,500.0</coordinates>
    </Point>
</Placemark>
<Placemark>
    <name>YEEHAW JUNCTION 2727120612</name>
    <description>(731) 798-0089  01/03/11 11:13:00</description>
    <styleUrl>#defaultStyle</styleUrl>
    <Point>
        <coordinates>-80.872998878,27.6807413415,500.0</coordinates>
    </Point>
</Placemark>
<Placemark>
    <name>YEEHAW JUNCTION 2727120612</name>
    <description>(731) 798-0089  01/03/11 11:13:00</description>
    <styleUrl>#defaultStyle</styleUrl>
    <Point>
        <coordinates>-80.8739796299,27.6795015464,500.0</coordinates>
    </Point>
</Placemark>
<Placemark>
    <name>YEEHAW JUNCTION 2727120612</name>
    <description>(731) 798-0089  01/03/11 11:13:00</description>
    <styleUrl>#defaultStyle</styleUrl>
    <Point>
        <coordinates>-80.8750086666,27.6782928168,500.0</coordinates>
    </Point>
</Placemark>
<Placemark>
    <name>YEEHAW JUNCTION 2727120612</name>
    <description>(731) 798-0089  01/03/11 11:13:00</description>
    <styleUrl>#defaultStyle</styleUrl>
    <Point>
        <coordinates>-80.8760847344,27.6771166244,500.0</coordinates>
    </Point>
</Placemark>
<Placemark>
    <name>YEEHAW JUNCTION 2727120612</name>
    <description>(731) 798-0089  01/03/11 11:13:00</description>
    <styleUrl>#defaultStyle</styleUrl>
    <Point>
        <coordinates>-80.8772065224,27.675974401,500.0</coordinates>
    </Point>
</Placemark>
<Placemark>
    <name>YEEHAW JUNCTION 2727120612</name>
    <description>(731) 798-0089  01/03/11 11:13:00</description>
    <styleUrl>#defaultStyle</styleUrl>
    <Point>
        <coordinates>-80.8783726638,27.6748675372,500.0</coordinates>
    </Point>
</Placemark>
<Placemark>
    <name>YEEHAW JUNCTION 2727120612</name>
    <description>(731) 798-0089  01/03/11 11:13:00</description>
    <styleUrl>#defaultStyle</styleUrl>
    <Point>
        <coordinates>-80.8795817378,27.6737973805,500.0</coordinates>
    </Point>
</Placemark>
<Placemark>
    <name>YEEHAW JUNCTION 2727120612</name>
    <description>(731) 798-0089  01/03/11 11:13:00</description>
    <styleUrl>#defaultStyle</styleUrl>
    <Point>
        <coordinates>-80.8808322714,27.6727652335,500.0</coordinates>
    </Point>
</Placemark>
<Placemark>
    <name>YEEHAW JUNCTION 2727120612</name>
    <description>(731) 798-0089  01/03/11 11:13:00</description>
    <styleUrl>#defaultStyle</styleUrl>
    <Point>
        <coordinates>-80.8821227409,27.6717723527,500.0</coordinates>
    </Point>
</Placemark>
<Placemark>
    <name>YEEHAW JUNCTION 2727120612</name>
    <description>(731) 798-0089  01/03/11 11:13:00</description>
    <styleUrl>#defaultStyle</styleUrl>
    <Point>
        <coordinates>-80.8834515743,27.6708199467,500.0</coordinates>
    </Point>
</Placemark>
<Placemark>
    <name>YEEHAW JUNCTION 2727120612</name>
    <description>(731) 798-0089  01/03/11 11:13:00</description>
    <styleUrl>#defaultStyle</styleUrl>
    <Point>
        <coordinates>-80.8848171524,27.6699091748,500.0</coordinates>
    </Point>
</Placemark>
<Placemark>
    <name>YEEHAW JUNCTION 2727120612</name>
    <description>(731) 798-0089  01/03/11 11:13:00</description>
    <styleUrl>#defaultStyle</styleUrl>
    <Point>
        <coordinates>-80.8862178115,27.6690411455,500.0</coordinates>
    </Point>
</Placemark>
<Placemark>
    <name>YEEHAW JUNCTION 2727120612</name>
    <description>(731) 798-0089  01/03/11 11:13:00</description>
    <styleUrl>#defaultStyle</styleUrl>
    <Point>
        <coordinates>-80.8876518452,27.6682169154,500.0</coordinates>
    </Point>
</Placemark>
<Placemark>
    <name>YEEHAW JUNCTION 2727120612</name>
    <description>(731) 798-0089  01/03/11 11:13:00</description>
    <styleUrl>#defaultStyle</styleUrl>
    <Point>
        <coordinates>-80.8891175063,27.6674374876,500.0</coordinates>
    </Point>
</Placemark>
<Placemark>
    <name>YEEHAW JUNCTION 2727120612</name>
    <description>(731) 798-0089  01/03/11 11:13:00</description>
    <styleUrl>#defaultStyle</styleUrl>
    <Point>
        <coordinates>-80.8906130091,27.6667038109,500.0</coordinates>
    </Point>
</Placemark>
<Placemark>
    <name>YEEHAW JUNCTION 2727120612</name>
    <description>(731) 798-0089  01/03/11 11:13:00</description>
    <styleUrl>#defaultStyle</styleUrl>
    <Point>
        <coordinates>-80.8921365315,27.6660167781,500.0</coordinates>
    </Point>
</Placemark>
<Placemark>
    <name>YEEHAW JUNCTION 2727120612</name>
    <description>(731) 798-0089  01/03/11 11:13:00</description>
    <styleUrl>#defaultStyle</styleUrl>
    <Point>
        <coordinates>-80.8936862175,27.6653772254,500.0</coordinates>
    </Point>
</Placemark>
<Placemark>
    <name>YEEHAW JUNCTION 2727120612</name>
    <description>(731) 798-0089  01/03/11 11:13:00</description>
    <styleUrl>#defaultStyle</styleUrl>
    <Point>
        <coordinates>-80.8952601789,27.6647859312,500.0</coordinates>
    </Point>
</Placemark>
<Placemark>
    <name>YEEHAW JUNCTION 2727120612</name>
    <description>(731) 798-0089  01/03/11 11:13:00</description>
    <styleUrl>#defaultStyle</styleUrl>
    <Point>
        <coordinates>-80.8968564981,27.664243615,500.0</coordinates>
    </Point>
</Placemark>
<Placemark>
    <name>YEEHAW JUNCTION 2727120612</name>
    <description>(731) 798-0089  01/03/11 11:13:00</description>
    <styleUrl>#defaultStyle</styleUrl>
    <Point>
        <coordinates>-80.8984732302,27.663750937,500.0</coordinates>
    </Point>
</Placemark>
<Placemark>
    <name>YEEHAW JUNCTION 2727120612</name>
    <description>(731) 798-0089  01/03/11 11:13:00</description>
    <styleUrl>#defaultStyle</styleUrl>
    <Point>
        <coordinates>-80.9001084056,27.6633084965,500.0</coordinates>
    </Point>
</Placemark>
<Placemark>
    <name>YEEHAW JUNCTION 2727120612</name>
    <description>(731) 798-0089  01/03/11 11:13:00</description>
    <styleUrl>#defaultStyle</styleUrl>
    <Point>
        <coordinates>-80.9017600319,27.6629168322,500.0</coordinates>
    </Point>
</Placemark>
<Placemark>
    <name>YEEHAW JUNCTION 2727120612</name>
    <description>(731) 798-0089  01/03/11 11:13:00</description>
    <styleUrl>#defaultStyle</styleUrl>
    <Point>
        <coordinates>-80.903426097,27.6625764206,500.0</coordinates>
    </Point>
</Placemark>
<Placemark>
    <name>YEEHAW JUNCTION 2727120612</name>
    <description>(731) 798-0089  01/03/11 11:13:00</description>
    <styleUrl>#defaultStyle</styleUrl>
    <Point>
        <coordinates>-80.905104571,27.6622876759,500.0</coordinates>
    </Point>
</Placemark>
<Placemark>
    <name>YEEHAW JUNCTION 2727120612</name>
    <description>(731) 798-0089  01/03/11 11:13:00</description>
    <styleUrl>#defaultStyle</styleUrl>
    <Point>
        <coordinates>-80.9067934088,27.6620509497,500.0</coordinates>
    </Point>
</Placemark>
<Placemark>
    <name>YEEHAW JUNCTION 2727120612</name>
    <description>(731) 798-0089  01/03/11 11:13:00</description>
    <styleUrl>#defaultStyle</styleUrl>
    <Point>
        <coordinates>-80.9084905531,27.6618665298,500.0</coordinates>
    </Point>
</Placemark>
<Placemark>
    <name>YEEHAW JUNCTION 2727120612</name>
    <description>(731) 798-0089  01/03/11 11:13:00</description>
    <styleUrl>#defaultStyle</styleUrl>
    <Point>
        <coordinates>-80.9101939359,27.6617346408,500.0</coordinates>
    </Point>
</Placemark>
<Placemark>
    <name>YEEHAW JUNCTION 2727120612</name>
    <description>(731) 798-0089  01/03/11 11:13:00</description>
    <styleUrl>#defaultStyle</styleUrl>
    <Point>
        <coordinates>-80.911901482,27.6616554431,500.0</coordinates>
    </Point>
</Placemark>
<Placemark>
    <name>YEEHAW JUNCTION 2727120612</name>
    <description>(731) 798-0089  01/03/11 11:13:00</description>
    <styleUrl>#defaultStyle</styleUrl>
    <Point>
        <coordinates>-80.9136111111,27.6616290332,500.0</coordinates>
    </Point>
</Placemark>
<Placemark>
    <name>NS3139 96 I-40 1602031391</name>
    <description>(731) 549-0408  02/04/11 19:34:00</description>
    <styleUrl>#defaultStyle</styleUrl>
    <Point>
        <coordinates>-87.2402777778,36.0291666667,500.0</coordinates>
    </Point>
</Placemark>
<Placemark>
    <name>NS3139 96 I-40 1602031391</name>
    <description>(731) 549-0408  02/04/11 19:34:00</description>
    <styleUrl>#defaultStyle</styleUrl>
    <Point>
        <coordinates>-87.286722124,36.0508431917,500.0</coordinates>
    </Point>
</Placemark>
<Placemark>
    <name>NS3139 96 I-40 1602031391</name>
    <description>(731) 549-0408  02/04/11 19:34:00</description>
    <styleUrl>#defaultStyle</styleUrl>
    <Point>
        <coordinates>-87.2857580138,36.052141187,500.0</coordinates>
    </Point>
</Placemark>
<Placemark>
    <name>NS3139 96 I-40 1602031391</name>
    <description>(731) 549-0408  02/04/11 19:34:00</description>
    <styleUrl>#defaultStyle</styleUrl>
    <Point>
        <coordinates>-87.2847384929,36.0534111936,500.0</coordinates>
    </Point>
</Placemark>
<Placemark>
    <name>NS3139 96 I-40 1602031391</name>
    <description>(731) 549-0408  02/04/11 19:34:00</description>
    <styleUrl>#defaultStyle</styleUrl>
    <Point>
        <coordinates>-87.2836648034,36.054651663,500.0</coordinates>
    </Point>
</Placemark>
<Placemark>
    <name>NS3139 96 I-40 1602031391</name>
    <description>(731) 549-0408  02/04/11 19:34:00</description>
    <styleUrl>#defaultStyle</styleUrl>
    <Point>
        <coordinates>-87.2825382536,36.0558610823,500.0</coordinates>
    </Point>
</Placemark>
<Placemark>
    <name>NS3139 96 I-40 1602031391</name>
    <description>(731) 549-0408  02/04/11 19:34:00</description>
    <styleUrl>#defaultStyle</styleUrl>
    <Point>
        <coordinates>-87.2813602158,36.0570379766,500.0</coordinates>
    </Point>
</Placemark>
<Placemark>
    <name>NS3139 96 I-40 1602031391</name>
    <description>(731) 549-0408  02/04/11 19:34:00</description>
    <styleUrl>#defaultStyle</styleUrl>
    <Point>
        <coordinates>-87.2801321255,36.0581809105,500.0</coordinates>
    </Point>
</Placemark>
<Placemark>
    <name>NS3139 96 I-40 1602031391</name>
    <description>(731) 549-0408  02/04/11 19:34:00</description>
    <styleUrl>#defaultStyle</styleUrl>
    <Point>
        <coordinates>-87.2788554787,36.0592884901,500.0</coordinates>
    </Point>
</Placemark>
<Placemark>
    <name>NS3139 96 I-40 1602031391</name>
    <description>(731) 549-0408  02/04/11 19:34:00</description>
    <styleUrl>#defaultStyle</styleUrl>
    <Point>
        <coordinates>-87.2775318309,36.0603593643,500.0</coordinates>
    </Point>
</Placemark>
<Placemark>
    <name>NS3139 96 I-40 1602031391</name>
    <description>(731) 549-0408  02/04/11 19:34:00</description>
    <styleUrl>#defaultStyle</styleUrl>
    <Point>
        <coordinates>-87.2761627947,36.0613922271,500.0</coordinates>
    </Point>
</Placemark>
<Placemark>
    <name>NS3139 96 I-40 1602031391</name>
    <description>(731) 549-0408  02/04/11 19:34:00</description>
    <styleUrl>#defaultStyle</styleUrl>
    <Point>
        <coordinates>-87.2747500382,36.0623858184,500.0</coordinates>
    </Point>
</Placemark>
<Placemark>
    <name>NS3139 96 I-40 1602031391</name>
    <description>(731) 549-0408  02/04/11 19:34:00</description>
    <styleUrl>#defaultStyle</styleUrl>
    <Point>
        <coordinates>-87.2732952824,36.0633389263,500.0</coordinates>
    </Point>
</Placemark>
<Placemark>
    <name>NS3139 96 I-40 1602031391</name>
    <description>(731) 549-0408  02/04/11 19:34:00</description>
    <styleUrl>#defaultStyle</styleUrl>
    <Point>
        <coordinates>-87.2718002999,36.064250388,500.0</coordinates>
    </Point>
</Placemark>
<Placemark>
    <name>NS3139 96 I-40 1602031391</name>
    <description>(731) 549-0408  02/04/11 19:34:00</description>
    <styleUrl>#defaultStyle</styleUrl>
    <Point>
        <coordinates>-87.2702669121,36.0651190916,500.0</coordinates>
    </Point>
</Placemark>
<Placemark>
    <name>NS3139 96 I-40 1602031391</name>
    <description>(731) 549-0408  02/04/11 19:34:00</description>
    <styleUrl>#defaultStyle</styleUrl>
    <Point>
        <coordinates>-87.268696987,36.0659439773,500.0</coordinates>
    </Point>
</Placemark>
<Placemark>
    <name>NS3139 96 I-40 1602031391</name>
    <description>(731) 549-0408  02/04/11 19:34:00</description>
    <styleUrl>#defaultStyle</styleUrl>
    <Point>
        <coordinates>-87.2670924375,36.0667240386,500.0</coordinates>
    </Point>
</Placemark>
<Placemark>
    <name>NS3139 96 I-40 1602031391</name>
    <description>(731) 549-0408  02/04/11 19:34:00</description>
    <styleUrl>#defaultStyle</styleUrl>
    <Point>
        <coordinates>-87.2654552184,36.0674583239,500.0</coordinates>
    </Point>
</Placemark>
<Placemark>
    <name>NS3139 96 I-40 1602031391</name>
    <description>(731) 549-0408  02/04/11 19:34:00</description>
    <styleUrl>#defaultStyle</styleUrl>
    <Point>
        <coordinates>-87.2637873244,36.0681459372,500.0</coordinates>
    </Point>
</Placemark>
<Placemark>
    <name>NS3139 96 I-40 1602031391</name>
    <description>(731) 549-0408  02/04/11 19:34:00</description>
    <styleUrl>#defaultStyle</styleUrl>
    <Point>
        <coordinates>-87.2620907877,36.0687860396,500.0</coordinates>
    </Point>
</Placemark>
<Placemark>
    <name>NS3139 96 I-40 1602031391</name>
    <description>(731) 549-0408  02/04/11 19:34:00</description>
    <styleUrl>#defaultStyle</styleUrl>
    <Point>
        <coordinates>-87.2603676751,36.06937785,500.0</coordinates>
    </Point>
</Placemark>
<Placemark>
    <name>NS3139 96 I-40 1602031391</name>
    <description>(731) 549-0408  02/04/11 19:34:00</description>
    <styleUrl>#defaultStyle</styleUrl>
    <Point>
        <coordinates>-87.258620086,36.0699206463,500.0</coordinates>
    </Point>
</Placemark>
<Placemark>
    <name>NS3139 96 I-40 1602031391</name>
    <description>(731) 549-0408  02/04/11 19:34:00</description>
    <styleUrl>#defaultStyle</styleUrl>
    <Point>
        <coordinates>-87.2568501496,36.0704137662,500.0</coordinates>
    </Point>
</Placemark>
<Placemark>
    <name>NS3139 96 I-40 1602031391</name>
    <description>(731) 549-0408  02/04/11 19:34:00</description>
    <styleUrl>#defaultStyle</styleUrl>
    <Point>
        <coordinates>-87.2550600223,36.0708566079,500.0</coordinates>
    </Point>
</Placemark>
<Placemark>
    <name>NS3139 96 I-40 1602031391</name>
    <description>(731) 549-0408  02/04/11 19:34:00</description>
    <styleUrl>#defaultStyle</styleUrl>
    <Point>
        <coordinates>-87.2532518851,36.071248631,500.0</coordinates>
    </Point>
</Placemark>
<Placemark>
    <name>NS3139 96 I-40 1602031391</name>
    <description>(731) 549-0408  02/04/11 19:34:00</description>
    <styleUrl>#defaultStyle</styleUrl>
    <Point>
        <coordinates>-87.2514279409,36.0715893572,500.0</coordinates>
    </Point>
</Placemark>
<Placemark>
    <name>NS3139 96 I-40 1602031391</name>
    <description>(731) 549-0408  02/04/11 19:34:00</description>
    <styleUrl>#defaultStyle</styleUrl>
    <Point>
        <coordinates>-87.249590412,36.0718783707,500.0</coordinates>
    </Point>
</Placemark>
<Placemark>
    <name>NS3139 96 I-40 1602031391</name>
    <description>(731) 549-0408  02/04/11 19:34:00</description>
    <styleUrl>#defaultStyle</styleUrl>
    <Point>
        <coordinates>-87.247741537,36.0721153187,500.0</coordinates>
    </Point>
</Placemark>
<Placemark>
    <name>NS3139 96 I-40 1602031391</name>
    <description>(731) 549-0408  02/04/11 19:34:00</description>
    <styleUrl>#defaultStyle</styleUrl>
    <Point>
        <coordinates>-87.2458835685,36.0722999122,500.0</coordinates>
    </Point>
</Placemark>
<Placemark>
    <name>NS3139 96 I-40 1602031391</name>
    <description>(731) 549-0408  02/04/11 19:34:00</description>
    <styleUrl>#defaultStyle</styleUrl>
    <Point>
        <coordinates>-87.2440187703,36.0724319258,500.0</coordinates>
    </Point>
</Placemark>
<Placemark>
    <name>NS3139 96 I-40 1602031391</name>
    <description>(731) 549-0408  02/04/11 19:34:00</description>
    <styleUrl>#defaultStyle</styleUrl>
    <Point>
        <coordinates>-87.2421494142,36.0725111985,500.0</coordinates>
    </Point>
</Placemark>
<Placemark>
    <name>NS3139 96 I-40 1602031391</name>
    <description>(731) 549-0408  02/04/11 19:34:00</description>
    <styleUrl>#defaultStyle</styleUrl>
    <Point>
        <coordinates>-87.2402777778,36.0725376335,500.0</coordinates>
    </Point>
</Placemark>
<Placemark>
    <name>NS3139 96 I-40 1602031391</name>
    <description>(731) 549-0408  02/04/11 19:34:00</description>
    <styleUrl>#defaultStyle</styleUrl>
    <Point>
        <coordinates>-87.2384061414,36.0725111985,500.0</coordinates>
    </Point>
</Placemark>
<Placemark>
    <name>NS3139 96 I-40 1602031391</name>
    <description>(731) 549-0408  02/04/11 19:34:00</description>
    <styleUrl>#defaultStyle</styleUrl>
    <Point>
        <coordinates>-87.2365367853,36.0724319258,500.0</coordinates>
    </Point>
</Placemark>
<Placemark>
    <name>NS3139 96 I-40 1602031391</name>
    <description>(731) 549-0408  02/04/11 19:34:00</description>
    <styleUrl>#defaultStyle</styleUrl>
    <Point>
        <coordinates>-87.234671987,36.0722999122,500.0</coordinates>
    </Point>
</Placemark>
<Placemark>
    <name>NS3139 96 I-40 1602031391</name>
    <description>(731) 549-0408  02/04/11 19:34:00</description>
    <styleUrl>#defaultStyle</styleUrl>
    <Point>
        <coordinates>-87.2328140186,36.0721153187,500.0</coordinates>
    </Point>
</Placemark>
<Placemark>
    <name>NS3139 96 I-40 1602031391</name>
    <description>(731) 549-0408  02/04/11 19:34:00</description>
    <styleUrl>#defaultStyle</styleUrl>
    <Point>
        <coordinates>-87.2309651436,36.0718783707,500.0</coordinates>
    </Point>
</Placemark>
<Placemark>
    <name>NS3139 96 I-40 1602031391</name>
    <description>(731) 549-0408  02/04/11 19:34:00</description>
    <styleUrl>#defaultStyle</styleUrl>
    <Point>
        <coordinates>-87.2291276146,36.0715893572,500.0</coordinates>
    </Point>
</Placemark>
<Placemark>
    <name>NS3139 96 I-40 1602031391</name>
    <description>(731) 549-0408  02/04/11 19:34:00</description>
    <styleUrl>#defaultStyle</styleUrl>
    <Point>
        <coordinates>-87.2273036704,36.071248631,500.0</coordinates>
    </Point>
</Placemark>
<Placemark>
    <name>NS3139 96 I-40 1602031391</name>
    <description>(731) 549-0408  02/04/11 19:34:00</description>
    <styleUrl>#defaultStyle</styleUrl>
    <Point>
        <coordinates>-87.2254955332,36.0708566079,500.0</coordinates>
    </Point>
</Placemark>
<Placemark>
    <name>NS3139 96 I-40 1602031391</name>
    <description>(731) 549-0408  02/04/11 19:34:00</description>
    <styleUrl>#defaultStyle</styleUrl>
    <Point>
        <coordinates>-87.2237054059,36.0704137662,500.0</coordinates>
    </Point>
</Placemark>
<Placemark>
    <name>NS3139 96 I-40 1602031391</name>
    <description>(731) 549-0408  02/04/11 19:34:00</description>
    <styleUrl>#defaultStyle</styleUrl>
    <Point>
        <coordinates>-87.2219354696,36.0699206463,500.0</coordinates>
    </Point>
</Placemark>
<Placemark>
    <name>NS3139 96 I-40 1602031391</name>
    <description>(731) 549-0408  02/04/11 19:34:00</description>
    <styleUrl>#defaultStyle</styleUrl>
    <Point>
        <coordinates>-87.2201878805,36.06937785,500.0</coordinates>
    </Point>
</Placemark>
<Placemark>
    <name>NS3139 96 I-40 1602031391</name>
    <description>(731) 549-0408  02/04/11 19:34:00</description>
    <styleUrl>#defaultStyle</styleUrl>
    <Point>
        <coordinates>-87.2184647679,36.0687860396,500.0</coordinates>
    </Point>
</Placemark>
<Placemark>
    <name>NS3139 96 I-40 1602031391</name>
    <description>(731) 549-0408  02/04/11 19:34:00</description>
    <styleUrl>#defaultStyle</styleUrl>
    <Point>
        <coordinates>-87.2167682311,36.0681459372,500.0</coordinates>
    </Point>
</Placemark>
<Placemark>
    <name>NS3139 96 I-40 1602031391</name>
    <description>(731) 549-0408  02/04/11 19:34:00</description>
    <styleUrl>#defaultStyle</styleUrl>
    <Point>
        <coordinates>-87.2151003372,36.0674583239,500.0</coordinates>
    </Point>
</Placemark>
<Placemark>
    <name>NS3139 96 I-40 1602031391</name>
    <description>(731) 549-0408  02/04/11 19:34:00</description>
    <styleUrl>#defaultStyle</styleUrl>
    <Point>
        <coordinates>-87.2134631181,36.0667240386,500.0</coordinates>
    </Point>
</Placemark>
<Placemark>
    <name>NS3139 96 I-40 1602031391</name>
    <description>(731) 549-0408  02/04/11 19:34:00</description>
    <styleUrl>#defaultStyle</styleUrl>
    <Point>
        <coordinates>-87.2118585686,36.0659439773,500.0</coordinates>
    </Point>
</Placemark>
<Placemark>
    <name>NS3139 96 I-40 1602031391</name>
    <description>(731) 549-0408  02/04/11 19:34:00</description>
    <styleUrl>#defaultStyle</styleUrl>
    <Point>
        <coordinates>-87.2102886435,36.0651190916,500.0</coordinates>
    </Point>
</Placemark>
<Placemark>
    <name>NS3139 96 I-40 1602031391</name>
    <description>(731) 549-0408  02/04/11 19:34:00</description>
    <styleUrl>#defaultStyle</styleUrl>
    <Point>
        <coordinates>-87.2087552556,36.064250388,500.0</coordinates>
    </Point>
</Placemark>
<Placemark>
    <name>NS3139 96 I-40 1602031391</name>
    <description>(731) 549-0408  02/04/11 19:34:00</description>
    <styleUrl>#defaultStyle</styleUrl>
    <Point>
        <coordinates>-87.2072602731,36.0633389263,500.0</coordinates>
    </Point>
</Placemark>
<Placemark>
    <name>NS3139 96 I-40 1602031391</name>
    <description>(731) 549-0408  02/04/11 19:34:00</description>
    <styleUrl>#defaultStyle</styleUrl>
    <Point>
        <coordinates>-87.2058055174,36.0623858184,500.0</coordinates>
    </Point>
</Placemark>
<Placemark>
    <name>NS3139 96 I-40 1602031391</name>
    <description>(731) 549-0408  02/04/11 19:34:00</description>
    <styleUrl>#defaultStyle</styleUrl>
    <Point>
        <coordinates>-87.2043927608,36.0613922271,500.0</coordinates>
    </Point>
</Placemark>
<Placemark>
    <name>NS3139 96 I-40 1602031391</name>
    <description>(731) 549-0408  02/04/11 19:34:00</description>
    <styleUrl>#defaultStyle</styleUrl>
    <Point>
        <coordinates>-87.2030237247,36.0603593643,500.0</coordinates>
    </Point>
</Placemark>
<Placemark>
    <name>NS3139 96 I-40 1602031391</name>
    <description>(731) 549-0408  02/04/11 19:34:00</description>
    <styleUrl>#defaultStyle</styleUrl>
    <Point>
        <coordinates>-87.2017000769,36.0592884901,500.0</coordinates>
    </Point>
</Placemark>
<Placemark>
    <name>NS3139 96 I-40 1602031391</name>
    <description>(731) 549-0408  02/04/11 19:34:00</description>
    <styleUrl>#defaultStyle</styleUrl>
    <Point>
        <coordinates>-87.2004234301,36.0581809105,500.0</coordinates>
    </Point>
</Placemark>
<Placemark>
    <name>NS3139 96 I-40 1602031391</name>
    <description>(731) 549-0408  02/04/11 19:34:00</description>
    <styleUrl>#defaultStyle</styleUrl>
    <Point>
        <coordinates>-87.1991953397,36.0570379766,500.0</coordinates>
    </Point>
</Placemark>
<Placemark>
    <name>NS3139 96 I-40 1602031391</name>
    <description>(731) 549-0408  02/04/11 19:34:00</description>
    <styleUrl>#defaultStyle</styleUrl>
    <Point>
        <coordinates>-87.198017302,36.0558610823,500.0</coordinates>
    </Point>
</Placemark>
<Placemark>
    <name>NS3139 96 I-40 1602031391</name>
    <description>(731) 549-0408  02/04/11 19:34:00</description>
    <styleUrl>#defaultStyle</styleUrl>
    <Point>
        <coordinates>-87.1968907521,36.054651663,500.0</coordinates>
    </Point>
</Placemark>
<Placemark>
    <name>NS3139 96 I-40 1602031391</name>
    <description>(731) 549-0408  02/04/11 19:34:00</description>
    <styleUrl>#defaultStyle</styleUrl>
    <Point>
        <coordinates>-87.1958170627,36.0534111936,500.0</coordinates>
    </Point>
</Placemark>
<Placemark>
    <name>NS3139 96 I-40 1602031391</name>
    <description>(731) 549-0408  02/04/11 19:34:00</description>
    <styleUrl>#defaultStyle</styleUrl>
    <Point>
        <coordinates>-87.1947975418,36.052141187,500.0</coordinates>
    </Point>
</Placemark>
<Placemark>
    <name>NS3139 96 I-40 1602031391</name>
    <description>(731) 549-0408  02/04/11 19:34:00</description>
    <styleUrl>#defaultStyle</styleUrl>
    <Point>
        <coordinates>-87.1938334316,36.0508431917,500.0</coordinates>
    </Point>
</Placemark>
<Placemark>
    <name>SUKEY 2719901163</name>
    <description>(731) 798-0089  01/01/11 21:26:00</description>
    <styleUrl>#defaultStyle</styleUrl>
    <Point>
        <coordinates>-81.6597222222,24.6392043001,500.0</coordinates>
    </Point>
</Placemark>
<Placemark>
    <name>SUKEY 2719901163</name>
    <description>(731) 798-0089  01/01/11 21:26:00</description>
    <styleUrl>#defaultStyle</styleUrl>
    <Point>
        <coordinates>-81.6580575557,24.6391778706,500.0</coordinates>
    </Point>
</Placemark>
<Placemark>
    <name>SUKEY 2719901163</name>
    <description>(731) 798-0089  01/01/11 21:26:00</description>
    <styleUrl>#defaultStyle</styleUrl>
    <Point>
        <coordinates>-81.6563949173,24.639098614,500.0</coordinates>
    </Point>
</Placemark>
<Placemark>
    <name>SUKEY 2719901163</name>
    <description>(731) 798-0089  01/01/11 21:26:00</description>
    <styleUrl>#defaultStyle</styleUrl>
    <Point>
        <coordinates>-81.6547363328,24.6389666273,500.0</coordinates>
    </Point>
</Placemark>
<Placemark>
    <name>SUKEY 2719901163</name>
    <description>(731) 798-0089  01/01/11 21:26:00</description>
    <styleUrl>#defaultStyle</styleUrl>
    <Point>
        <coordinates>-81.6530838228,24.6387820712,500.0</coordinates>
    </Point>
</Placemark>
<Placemark>
    <name>SUKEY 2719901163</name>
    <description>(731) 798-0089  01/01/11 21:26:00</description>
    <styleUrl>#defaultStyle</styleUrl>
    <Point>
        <coordinates>-81.6514394006,24.6385451709,500.0</coordinates>
    </Point>
</Placemark>
<Placemark>
    <name>SUKEY 2719901163</name>
    <description>(731) 798-0089  01/01/11 21:26:00</description>
    <styleUrl>#defaultStyle</styleUrl>
    <Point>
        <coordinates>-81.6498050699,24.6382562154,500.0</coordinates>
    </Point>
</Placemark>
<Placemark>
    <name>SUKEY 2719901163</name>
    <description>(731) 798-0089  01/01/11 21:26:00</description>
    <styleUrl>#defaultStyle</styleUrl>
    <Point>
        <coordinates>-81.6481828216,24.6379155569,500.0</coordinates>
    </Point>
</Placemark>
<Placemark>
    <name>SUKEY 2719901163</name>
    <description>(731) 798-0089  01/01/11 21:26:00</description>
    <styleUrl>#defaultStyle</styleUrl>
    <Point>
        <coordinates>-81.6465746324,24.6375236111,500.0</coordinates>
    </Point>
</Placemark>
<Placemark>
    <name>SUKEY 2719901163</name>
    <description>(731) 798-0089  01/01/11 21:26:00</description>
    <styleUrl>#defaultStyle</styleUrl>
    <Point>
        <coordinates>-81.6449824615,24.6370808558,500.0</coordinates>
    </Point>
</Placemark>
<Placemark>
    <name>SUKEY 2719901163</name>
    <description>(731) 798-0089  01/01/11 21:26:00</description>
    <styleUrl>#defaultStyle</styleUrl>
    <Point>
        <coordinates>-81.6434082487,24.6365878311,500.0</coordinates>
    </Point>
</Placemark>
<Placemark>
    <name>SUKEY 2719901163</name>
    <description>(731) 798-0089  01/01/11 21:26:00</description>
    <styleUrl>#defaultStyle</styleUrl>
    <Point>
        <coordinates>-81.6418539121,24.6360451382,500.0</coordinates>
    </Point>
</Placemark>
<Placemark>
    <name>SUKEY 2719901163</name>
    <description>(731) 798-0089  01/01/11 21:26:00</description>
    <styleUrl>#defaultStyle</styleUrl>
    <Point>
        <coordinates>-81.6403213452,24.6354534389,500.0</coordinates>
    </Point>
</Placemark>
<Placemark>
    <name>SUKEY 2719901163</name>
    <description>(731) 798-0089  01/01/11 21:26:00</description>
    <styleUrl>#defaultStyle</styleUrl>
    <Point>
        <coordinates>-81.6388124154,24.6348134549,500.0</coordinates>
    </Point>
</Placemark>
<Placemark>
    <name>SUKEY 2719901163</name>
    <description>(731) 798-0089  01/01/11 21:26:00</description>
    <styleUrl>#defaultStyle</styleUrl>
    <Point>
        <coordinates>-81.6373289609,24.6341259666,500.0</coordinates>
    </Point>
</Placemark>
<Placemark>
    <name>SUKEY 2719901163</name>
    <description>(731) 798-0089  01/01/11 21:26:00</description>
    <styleUrl>#defaultStyle</styleUrl>
    <Point>
        <coordinates>-81.6358727892,24.6333918124,500.0</coordinates>
    </Point>
</Placemark>
<Placemark>
    <name>SUKEY 2719901163</name>
    <description>(731) 798-0089  01/01/11 21:26:00</description>
    <styleUrl>#defaultStyle</styleUrl>
    <Point>
        <coordinates>-81.6344456744,24.6326118875,500.0</coordinates>
    </Point>
</Placemark>
<Placemark>
    <name>SUKEY 2719901163</name>
    <description>(731) 798-0089  01/01/11 21:26:00</description>
    <styleUrl>#defaultStyle</styleUrl>
    <Point>
        <coordinates>-81.6330493552,24.631787143,500.0</coordinates>
    </Point>
</Placemark>
<Placemark>
    <name>SUKEY 2719901163</name>
    <description>(731) 798-0089  01/01/11 21:26:00</description>
    <styleUrl>#defaultStyle</styleUrl>
    <Point>
        <coordinates>-81.6316855329,24.6309185846,500.0</coordinates>
    </Point>
</Placemark>
<Placemark>
    <name>SUKEY 2719901163</name>
    <description>(731) 798-0089  01/01/11 21:26:00</description>
    <styleUrl>#defaultStyle</styleUrl>
    <Point>
        <coordinates>-81.6303558689,24.6300072714,500.0</coordinates>
    </Point>
</Placemark>
<Placemark>
    <name>SUKEY 2719901163</name>
    <description>(731) 798-0089  01/01/11 21:26:00</description>
    <styleUrl>#defaultStyle</styleUrl>
    <Point>
        <coordinates>-81.6290619833,24.6290543147,500.0</coordinates>
    </Point>
</Placemark>
<Placemark>
    <name>SUKEY 2719901163</name>
    <description>(731) 798-0089  01/01/11 21:26:00</description>
    <styleUrl>#defaultStyle</styleUrl>
    <Point>
        <coordinates>-81.6278054526,24.6280608763,500.0</coordinates>
    </Point>
</Placemark>
<Placemark>
    <name>SUKEY 2719901163</name>
    <description>(731) 798-0089  01/01/11 21:26:00</description>
    <styleUrl>#defaultStyle</styleUrl>
    <Point>
        <coordinates>-81.6265878075,24.6270281677,500.0</coordinates>
    </Point>
</Placemark>
<Placemark>
    <name>SUKEY 2719901163</name>
    <description>(731) 798-0089  01/01/11 21:26:00</description>
    <styleUrl>#defaultStyle</styleUrl>
    <Point>
        <coordinates>-81.6254105316,24.6259574479,500.0</coordinates>
    </Point>
</Placemark>
<Placemark>
    <name>SUKEY 2719901163</name>
    <description>(731) 798-0089  01/01/11 21:26:00</description>
    <styleUrl>#defaultStyle</styleUrl>
    <Point>
        <coordinates>-81.6242750593,24.6248500224,500.0</coordinates>
    </Point>
</Placemark>
<Placemark>
    <name>SUKEY 2719901163</name>
    <description>(731) 798-0089  01/01/11 21:26:00</description>
    <styleUrl>#defaultStyle</styleUrl>
    <Point>
        <coordinates>-81.6231827738,24.6237072415,500.0</coordinates>
    </Point>
</Placemark>
<Placemark>
    <name>SUKEY 2719901163</name>
    <description>(731) 798-0089  01/01/11 21:26:00</description>
    <styleUrl>#defaultStyle</styleUrl>
    <Point>
        <coordinates>-81.6221350061,24.6225304983,500.0</coordinates>
    </Point>
</Placemark>
<Placemark>
    <name>SUKEY 2719901163</name>
    <description>(731) 798-0089  01/01/11 21:26:00</description>
    <styleUrl>#defaultStyle</styleUrl>
    <Point>
        <coordinates>-81.6211330326,24.6213212274,500.0</coordinates>
    </Point>
</Placemark>
<Placemark>
    <name>SUKEY 2719901163</name>
    <description>(731) 798-0089  01/01/11 21:26:00</description>
    <styleUrl>#defaultStyle</styleUrl>
    <Point>
        <coordinates>-81.6201780741,24.6200809032,500.0</coordinates>
    </Point>
</Placemark>
<Placemark>
    <name>SUKEY 2719901163</name>
    <description>(731) 798-0089  01/01/11 21:26:00</description>
    <styleUrl>#defaultStyle</styleUrl>
    <Point>
        <coordinates>-81.6192712941,24.6188110376,500.0</coordinates>
    </Point>
</Placemark>
<Placemark>
    <name>SUKEY 2719901163</name>
    <description>(731) 798-0089  01/01/11 21:26:00</description>
    <styleUrl>#defaultStyle</styleUrl>
    <Point>
        <coordinates>-81.6184137973,24.6175131787,500.0</coordinates>
    </Point>
</Placemark>
<Placemark>
    <name>SUKEY 2719901163</name>
    <description>(731) 798-0089  01/01/11 21:26:00</description>
    <styleUrl>#defaultStyle</styleUrl>
    <Point>
        <coordinates>-81.6176066285,24.6161889085,500.0</coordinates>
    </Point>
</Placemark>
<Placemark>
    <name>SUKEY 2719901163</name>
    <description>(731) 798-0089  01/01/11 21:26:00</description>
    <styleUrl>#defaultStyle</styleUrl>
    <Point>
        <coordinates>-81.616850771,24.6148398413,500.0</coordinates>
    </Point>
</Placemark>
<Placemark>
    <name>SUKEY 2719901163</name>
    <description>(731) 798-0089  01/01/11 21:26:00</description>
    <styleUrl>#defaultStyle</styleUrl>
    <Point>
        <coordinates>-81.6161471457,24.6134676216,500.0</coordinates>
    </Point>
</Placemark>
<Placemark>
    <name>SUKEY 2719901163</name>
    <description>(731) 798-0089  01/01/11 21:26:00</description>
    <styleUrl>#defaultStyle</styleUrl>
    <Point>
        <coordinates>-81.61549661,24.6120739217,500.0</coordinates>
    </Point>
</Placemark>
<Placemark>
    <name>SUKEY 2719901163</name>
    <description>(731) 798-0089  01/01/11 21:26:00</description>
    <styleUrl>#defaultStyle</styleUrl>
    <Point>
        <coordinates>-81.6148999564,24.6106604405,500.0</coordinates>
    </Point>
</Placemark>
<Placemark>
    <name>SUKEY 2719901163</name>
    <description>(731) 798-0089  01/01/11 21:26:00</description>
    <styleUrl>#defaultStyle</styleUrl>
    <Point>
        <coordinates>-81.6143579118,24.6092289008,500.0</coordinates>
    </Point>
</Placemark>
<Placemark>
    <name>SUKEY 2719901163</name>
    <description>(731) 798-0089  01/01/11 21:26:00</description>
    <styleUrl>#defaultStyle</styleUrl>
    <Point>
        <coordinates>-81.6138711365,24.6077810471,500.0</coordinates>
    </Point>
</Placemark>
<Placemark>
    <name>SUKEY 2719901163</name>
    <description>(731) 798-0089  01/01/11 21:26:00</description>
    <styleUrl>#defaultStyle</styleUrl>
    <Point>
        <coordinates>-81.6134402238,24.6063186441,500.0</coordinates>
    </Point>
</Placemark>
<Placemark>
    <name>SUKEY 2719901163</name>
    <description>(731) 798-0089  01/01/11 21:26:00</description>
    <styleUrl>#defaultStyle</styleUrl>
    <Point>
        <coordinates>-81.6130656985,24.6048434738,500.0</coordinates>
    </Point>
</Placemark>
<Placemark>
    <name>SUKEY 2719901163</name>
    <description>(731) 798-0089  01/01/11 21:26:00</description>
    <styleUrl>#defaultStyle</styleUrl>
    <Point>
        <coordinates>-81.612748017,24.6033573341,500.0</coordinates>
    </Point>
</Placemark>
<Placemark>
    <name>SUKEY 2719901163</name>
    <description>(731) 798-0089  01/01/11 21:26:00</description>
    <styleUrl>#defaultStyle</styleUrl>
    <Point>
        <coordinates>-81.6124875663,24.6018620359,500.0</coordinates>
    </Point>
</Placemark>
<Placemark>
    <name>SUKEY 2719901163</name>
    <description>(731) 798-0089  01/01/11 21:26:00</description>
    <styleUrl>#defaultStyle</styleUrl>
    <Point>
        <coordinates>-81.6122846637,24.6003594012,500.0</coordinates>
    </Point>
</Placemark>
<Placemark>
    <name>SUKEY 2719901163</name>
    <description>(731) 798-0089  01/01/11 21:26:00</description>
    <styleUrl>#defaultStyle</styleUrl>
    <Point>
        <coordinates>-81.6121395565,24.5988512611,500.0</coordinates>
    </Point>
</Placemark>
<Placemark>
    <name>SUKEY 2719901163</name>
    <description>(731) 798-0089  01/01/11 21:26:00</description>
    <styleUrl>#defaultStyle</styleUrl>
    <Point>
        <coordinates>-81.6120524213,24.5973394532,500.0</coordinates>
    </Point>
</Placemark>
<Placemark>
    <name>SUKEY 2719901163</name>
    <description>(731) 798-0089  01/01/11 21:26:00</description>
    <styleUrl>#defaultStyle</styleUrl>
    <Point>
        <coordinates>-81.6120233645,24.5958258193,500.0</coordinates>
    </Point>
</Placemark>
<Placemark>
    <name>SUKEY 2719901163</name>
    <description>(731) 798-0089  01/01/11 21:26:00</description>
    <styleUrl>#defaultStyle</styleUrl>
    <Point>
        <coordinates>-81.6120524213,24.5943122038,500.0</coordinates>
    </Point>
</Placemark>
<Placemark>
    <name>SUKEY 2719901163</name>
    <description>(731) 798-0089  01/01/11 21:26:00</description>
    <styleUrl>#defaultStyle</styleUrl>
    <Point>
        <coordinates>-81.6121395565,24.5928004506,500.0</coordinates>
    </Point>
</Placemark>
<Placemark>
    <name>SUKEY 2719901163</name>
    <description>(731) 798-0089  01/01/11 21:26:00</description>
    <styleUrl>#defaultStyle</styleUrl>
    <Point>
        <coordinates>-81.6122846637,24.5912924016,500.0</coordinates>
    </Point>
</Placemark>
<Placemark>
    <name>SUKEY 2719901163</name>
    <description>(731) 798-0089  01/01/11 21:26:00</description>
    <styleUrl>#defaultStyle</styleUrl>
    <Point>
        <coordinates>-81.6124875663,24.5897898938,500.0</coordinates>
    </Point>
</Placemark>
<Placemark>
    <name>SUKEY 2719901163</name>
    <description>(731) 798-0089  01/01/11 21:26:00</description>
    <styleUrl>#defaultStyle</styleUrl>
    <Point>
        <coordinates>-81.612748017,24.5882947577,500.0</coordinates>
    </Point>
</Placemark>
<Placemark>
    <name>SUKEY 2719901163</name>
    <description>(731) 798-0089  01/01/11 21:26:00</description>
    <styleUrl>#defaultStyle</styleUrl>
    <Point>
        <coordinates>-81.6130656985,24.5868088144,500.0</coordinates>
    </Point>
</Placemark>
<Placemark>
    <name>SUKEY 2719901163</name>
    <description>(731) 798-0089  01/01/11 21:26:00</description>
    <styleUrl>#defaultStyle</styleUrl>
    <Point>
        <coordinates>-81.6134402238,24.5853338741,500.0</coordinates>
    </Point>
</Placemark>
<Placemark>
    <name>SUKEY 2719901163</name>
    <description>(731) 798-0089  01/01/11 21:26:00</description>
    <styleUrl>#defaultStyle</styleUrl>
    <Point>
        <coordinates>-81.6138711365,24.5838717333,500.0</coordinates>
    </Point>
</Placemark>
<Placemark>
    <name>SUKEY 2719901163</name>
    <description>(731) 798-0089  01/01/11 21:26:00</description>
    <styleUrl>#defaultStyle</styleUrl>
    <Point>
        <coordinates>-81.6143579118,24.5824241729,500.0</coordinates>
    </Point>
</Placemark>
<Placemark>
    <name>SUKEY 2719901163</name>
    <description>(731) 798-0089  01/01/11 21:26:00</description>
    <styleUrl>#defaultStyle</styleUrl>
    <Point>
        <coordinates>-81.6148999564,24.5809929561,500.0</coordinates>
    </Point>
</Placemark>
<Placemark>
    <name>SUKEY 2719901163</name>
    <description>(731) 798-0089  01/01/11 21:26:00</description>
    <styleUrl>#defaultStyle</styleUrl>
    <Point>
        <coordinates>-81.61549661,24.5795798258,500.0</coordinates>
    </Point>
</Placemark>
<Placemark>
    <name>SUKEY 2719901163</name>
    <description>(731) 798-0089  01/01/11 21:26:00</description>
    <styleUrl>#defaultStyle</styleUrl>
    <Point>
        <coordinates>-81.6161471457,24.5781865032,500.0</coordinates>
    </Point>
</Placemark>
<Placemark>
    <name>SUKEY 2719901163</name>
    <description>(731) 798-0089  01/01/11 21:26:00</description>
    <styleUrl>#defaultStyle</styleUrl>
    <Point>
        <coordinates>-81.616850771,24.5768146852,500.0</coordinates>
    </Point>
</Placemark>
<Placemark>
    <name>SUKEY 2719901163</name>
    <description>(731) 798-0089  01/01/11 21:26:00</description>
    <styleUrl>#defaultStyle</styleUrl>
    <Point>
        <coordinates>-81.6176066285,24.5754660423,500.0</coordinates>
    </Point>
</Placemark>
<Placemark>
    <name>SUKEY 2719901163</name>
    <description>(731) 798-0089  01/01/11 21:26:00</description>
    <styleUrl>#defaultStyle</styleUrl>
    <Point>
        <coordinates>-81.6184137973,24.574142217,500.0</coordinates>
    </Point>
</Placemark>
<Placemark>
    <name>SUKEY 2719901163</name>
    <description>(731) 798-0089  01/01/11 21:26:00</description>
    <styleUrl>#defaultStyle</styleUrl>
    <Point>
        <coordinates>-81.6192712941,24.5728448211,500.0</coordinates>
    </Point>
</Placemark>
<Placemark>
    <name>SUKEY 2719901163</name>
    <description>(731) 798-0089  01/01/11 21:26:00</description>
    <styleUrl>#defaultStyle</styleUrl>
    <Point>
        <coordinates>-81.6201780741,24.5715754347,500.0</coordinates>
    </Point>
</Placemark>
<Placemark>
    <name>SUKEY 2719901163</name>
    <description>(731) 798-0089  01/01/11 21:26:00</description>
    <styleUrl>#defaultStyle</styleUrl>
    <Point>
        <coordinates>-81.6211330326,24.5703356033,500.0</coordinates>
    </Point>
</Placemark>
<Placemark>
    <name>SUKEY 2719901163</name>
    <description>(731) 798-0089  01/01/11 21:26:00</description>
    <styleUrl>#defaultStyle</styleUrl>
    <Point>
        <coordinates>-81.6221350061,24.5691268366,500.0</coordinates>
    </Point>
</Placemark>
<Placemark>
    <name>SUKEY 2719901163</name>
    <description>(731) 798-0089  01/01/11 21:26:00</description>
    <styleUrl>#defaultStyle</styleUrl>
    <Point>
        <coordinates>-81.6231827738,24.5679506064,500.0</coordinates>
    </Point>
</Placemark>
<Placemark>
    <name>SUKEY 2719901163</name>
    <description>(731) 798-0089  01/01/11 21:26:00</description>
    <styleUrl>#defaultStyle</styleUrl>
    <Point>
        <coordinates>-81.6242750593,24.5668083448,500.0</coordinates>
    </Point>
</Placemark>
<Placemark>
    <name>SUKEY 2719901163</name>
    <description>(731) 798-0089  01/01/11 21:26:00</description>
    <styleUrl>#defaultStyle</styleUrl>
    <Point>
        <coordinates>-81.6254105316,24.5657014425,500.0</coordinates>
    </Point>
</Placemark>
<Placemark>
    <name>SUKEY 2719901163</name>
    <description>(731) 798-0089  01/01/11 21:26:00</description>
    <styleUrl>#defaultStyle</styleUrl>
    <Point>
        <coordinates>-81.6265878075,24.5646312472,500.0</coordinates>
    </Point>
</Placemark>
<Placemark>
    <name>SUKEY 2719901163</name>
    <description>(731) 798-0089  01/01/11 21:26:00</description>
    <styleUrl>#defaultStyle</styleUrl>
    <Point>
        <coordinates>-81.6278054526,24.5635990617,500.0</coordinates>
    </Point>
</Placemark>
<Placemark>
    <name>SUKEY 2719901163</name>
    <description>(731) 798-0089  01/01/11 21:26:00</description>
    <styleUrl>#defaultStyle</styleUrl>
    <Point>
        <coordinates>-81.6290619833,24.5626061427,500.0</coordinates>
    </Point>
</Placemark>
<Placemark>
    <name>SUKEY 2719901163</name>
    <description>(731) 798-0089  01/01/11 21:26:00</description>
    <styleUrl>#defaultStyle</styleUrl>
    <Point>
        <coordinates>-81.6303558689,24.561653699,500.0</coordinates>
    </Point>
</Placemark>
<Placemark>
    <name>SUKEY 2719901163</name>
    <description>(731) 798-0089  01/01/11 21:26:00</description>
    <styleUrl>#defaultStyle</styleUrl>
    <Point>
        <coordinates>-81.6316855329,24.56074289,500.0</coordinates>
    </Point>
</Placemark>
<Placemark>
    <name>SUKEY 2719901163</name>
    <description>(731) 798-0089  01/01/11 21:26:00</description>
    <styleUrl>#defaultStyle</styleUrl>
    <Point>
        <coordinates>-81.6330493552,24.5598748244,500.0</coordinates>
    </Point>
</Placemark>
<Placemark>
    <name>SUKEY 2719901163</name>
    <description>(731) 798-0089  01/01/11 21:26:00</description>
    <styleUrl>#defaultStyle</styleUrl>
    <Point>
        <coordinates>-81.6344456744,24.5590505591,500.0</coordinates>
    </Point>
</Placemark>
<Placemark>
    <name>SUKEY 2719901163</name>
    <description>(731) 798-0089  01/01/11 21:26:00</description>
    <styleUrl>#defaultStyle</styleUrl>
    <Point>
        <coordinates>-81.6358727892,24.5582710973,500.0</coordinates>
    </Point>
</Placemark>
<Placemark>
    <name>SUKEY 2719901163</name>
    <description>(731) 798-0089  01/01/11 21:26:00</description>
    <styleUrl>#defaultStyle</styleUrl>
    <Point>
        <coordinates>-81.6373289609,24.5575373878,500.0</coordinates>
    </Point>
</Placemark>
<Placemark>
    <name>SUKEY 2719901163</name>
    <description>(731) 798-0089  01/01/11 21:26:00</description>
    <styleUrl>#defaultStyle</styleUrl>
    <Point>
        <coordinates>-81.6388124154,24.5568503238,500.0</coordinates>
    </Point>
</Placemark>
<Placemark>
    <name>SUKEY 2719901163</name>
    <description>(731) 798-0089  01/01/11 21:26:00</description>
    <styleUrl>#defaultStyle</styleUrl>
    <Point>
        <coordinates>-81.6403213452,24.5562107416,500.0</coordinates>
    </Point>
</Placemark>
<Placemark>
    <name>SUKEY 2719901163</name>
    <description>(731) 798-0089  01/01/11 21:26:00</description>
    <styleUrl>#defaultStyle</styleUrl>
    <Point>
        <coordinates>-81.6418539121,24.5556194196,500.0</coordinates>
    </Point>
</Placemark>
<Placemark>
    <name>SUKEY 2719901163</name>
    <description>(731) 798-0089  01/01/11 21:26:00</description>
    <styleUrl>#defaultStyle</styleUrl>
    <Point>
        <coordinates>-81.6434082487,24.5550770776,500.0</coordinates>
    </Point>
</Placemark>
<Placemark>
    <name>SUKEY 2719901163</name>
    <description>(731) 798-0089  01/01/11 21:26:00</description>
    <styleUrl>#defaultStyle</styleUrl>
    <Point>
        <coordinates>-81.6449824615,24.5545843758,500.0</coordinates>
    </Point>
</Placemark>
<Placemark>
    <name>SUKEY 2719901163</name>
    <description>(731) 798-0089  01/01/11 21:26:00</description>
    <styleUrl>#defaultStyle</styleUrl>
    <Point>
        <coordinates>-81.6465746324,24.5541419138,500.0</coordinates>
    </Point>
</Placemark>
<Placemark>
    <name>SUKEY 2719901163</name>
    <description>(731) 798-0089  01/01/11 21:26:00</description>
    <styleUrl>#defaultStyle</styleUrl>
    <Point>
        <coordinates>-81.6481828216,24.5537502302,500.0</coordinates>
    </Point>
</Placemark>
<Placemark>
    <name>SUKEY 2719901163</name>
    <description>(731) 798-0089  01/01/11 21:26:00</description>
    <styleUrl>#defaultStyle</styleUrl>
    <Point>
        <coordinates>-81.6498050699,24.5534098017,500.0</coordinates>
    </Point>
</Placemark>
<Placemark>
    <name>SUKEY 2719901163</name>
    <description>(731) 798-0089  01/01/11 21:26:00</description>
    <styleUrl>#defaultStyle</styleUrl>
    <Point>
        <coordinates>-81.6514394006,24.5531210426,500.0</coordinates>
    </Point>
</Placemark>
<Placemark>
    <name>SUKEY 2719901163</name>
    <description>(731) 798-0089  01/01/11 21:26:00</description>
    <styleUrl>#defaultStyle</styleUrl>
    <Point>
        <coordinates>-81.6530838228,24.5528843044,500.0</coordinates>
    </Point>
</Placemark>
<Placemark>
    <name>SUKEY 2719901163</name>
    <description>(731) 798-0089  01/01/11 21:26:00</description>
    <styleUrl>#defaultStyle</styleUrl>
    <Point>
        <coordinates>-81.6547363328,24.5526998752,500.0</coordinates>
    </Point>
</Placemark>
<Placemark>
    <name>SUKEY 2719901163</name>
    <description>(731) 798-0089  01/01/11 21:26:00</description>
    <styleUrl>#defaultStyle</styleUrl>
    <Point>
        <coordinates>-81.6563949173,24.5525679795,500.0</coordinates>
    </Point>
</Placemark>
<Placemark>
    <name>SUKEY 2719901163</name>
    <description>(731) 798-0089  01/01/11 21:26:00</description>
    <styleUrl>#defaultStyle</styleUrl>
    <Point>
        <coordinates>-81.6580575557,24.5524887778,500.0</coordinates>
    </Point>
</Placemark>
<Placemark>
    <name>SUKEY 2719901163</name>
    <description>(731) 798-0089  01/01/11 21:26:00</description>
    <styleUrl>#defaultStyle</styleUrl>
    <Point>
        <coordinates>-81.6597222222,24.5524623665,500.0</coordinates>
    </Point>
</Placemark>
<Placemark>
    <name>SUKEY 2719901163</name>
    <description>(731) 798-0089  01/01/11 21:26:00</description>
    <styleUrl>#defaultStyle</styleUrl>
    <Point>
        <coordinates>-81.6613868887,24.5524887778,500.0</coordinates>
    </Point>
</Placemark>
<Placemark>
    <name>SUKEY 2719901163</name>
    <description>(731) 798-0089  01/01/11 21:26:00</description>
    <styleUrl>#defaultStyle</styleUrl>
    <Point>
        <coordinates>-81.6630495271,24.5525679795,500.0</coordinates>
    </Point>
</Placemark>
<Placemark>
    <name>SUKEY 2719901163</name>
    <description>(731) 798-0089  01/01/11 21:26:00</description>
    <styleUrl>#defaultStyle</styleUrl>
    <Point>
        <coordinates>-81.6647081117,24.5526998752,500.0</coordinates>
    </Point>
</Placemark>
<Placemark>
    <name>SUKEY 2719901163</name>
    <description>(731) 798-0089  01/01/11 21:26:00</description>
    <styleUrl>#defaultStyle</styleUrl>
    <Point>
        <coordinates>-81.6663606217,24.5528843044,500.0</coordinates>
    </Point>
</Placemark>
<Placemark>
    <name>SUKEY 2719901163</name>
    <description>(731) 798-0089  01/01/11 21:26:00</description>
    <styleUrl>#defaultStyle</styleUrl>
    <Point>
        <coordinates>-81.6680050438,24.5531210426,500.0</coordinates>
    </Point>
</Placemark>
<Placemark>
    <name>SUKEY 2719901163</name>
    <description>(731) 798-0089  01/01/11 21:26:00</description>
    <styleUrl>#defaultStyle</styleUrl>
    <Point>
        <coordinates>-81.6696393746,24.5534098017,500.0</coordinates>
    </Point>
</Placemark>
<Placemark>
    <name>SUKEY 2719901163</name>
    <description>(731) 798-0089  01/01/11 21:26:00</description>
    <styleUrl>#defaultStyle</styleUrl>
    <Point>
        <coordinates>-81.6712616228,24.5537502302,500.0</coordinates>
    </Point>
</Placemark>
<Placemark>
    <name>SUKEY 2719901163</name>
    <description>(731) 798-0089  01/01/11 21:26:00</description>
    <styleUrl>#defaultStyle</styleUrl>
    <Point>
        <coordinates>-81.672869812,24.5541419138,500.0</coordinates>
    </Point>
</Placemark>
<Placemark>
    <name>SUKEY 2719901163</name>
    <description>(731) 798-0089  01/01/11 21:26:00</description>
    <styleUrl>#defaultStyle</styleUrl>
    <Point>
        <coordinates>-81.674461983,24.5545843758,500.0</coordinates>
    </Point>
</Placemark>
<Placemark>
    <name>SUKEY 2719901163</name>
    <description>(731) 798-0089  01/01/11 21:26:00</description>
    <styleUrl>#defaultStyle</styleUrl>
    <Point>
        <coordinates>-81.6760361957,24.5550770776,500.0</coordinates>
    </Point>
</Placemark>
<Placemark>
    <name>SUKEY 2719901163</name>
    <description>(731) 798-0089  01/01/11 21:26:00</description>
    <styleUrl>#defaultStyle</styleUrl>
    <Point>
        <coordinates>-81.6775905324,24.5556194196,500.0</coordinates>
    </Point>
</Placemark>
<Placemark>
    <name>SUKEY 2719901163</name>
    <description>(731) 798-0089  01/01/11 21:26:00</description>
    <styleUrl>#defaultStyle</styleUrl>
    <Point>
        <coordinates>-81.6791230992,24.5562107416,500.0</coordinates>
    </Point>
</Placemark>
<Placemark>
    <name>SUKEY 2719901163</name>
    <description>(731) 798-0089  01/01/11 21:26:00</description>
    <styleUrl>#defaultStyle</styleUrl>
    <Point>
        <coordinates>-81.6806320291,24.5568503238,500.0</coordinates>
    </Point>
</Placemark>
<Placemark>
    <name>SUKEY 2719901163</name>
    <description>(731) 798-0089  01/01/11 21:26:00</description>
    <styleUrl>#defaultStyle</styleUrl>
    <Point>
        <coordinates>-81.6821154835,24.5575373878,500.0</coordinates>
    </Point>
</Placemark>
<Placemark>
    <name>SUKEY 2719901163</name>
    <description>(731) 798-0089  01/01/11 21:26:00</description>
    <styleUrl>#defaultStyle</styleUrl>
    <Point>
        <coordinates>-81.6835716552,24.5582710973,500.0</coordinates>
    </Point>
</Placemark>
<Placemark>
    <name>SUKEY 2719901163</name>
    <description>(731) 798-0089  01/01/11 21:26:00</description>
    <styleUrl>#defaultStyle</styleUrl>
    <Point>
        <coordinates>-81.68499877,24.5590505591,500.0</coordinates>
    </Point>
</Placemark>
<Placemark>
    <name>SUKEY 2719901163</name>
    <description>(731) 798-0089  01/01/11 21:26:00</description>
    <styleUrl>#defaultStyle</styleUrl>
    <Point>
        <coordinates>-81.6863950892,24.5598748244,500.0</coordinates>
    </Point>
</Placemark>
<Placemark>
    <name>SUKEY 2719901163</name>
    <description>(731) 798-0089  01/01/11 21:26:00</description>
    <styleUrl>#defaultStyle</styleUrl>
    <Point>
        <coordinates>-81.6877589116,24.56074289,500.0</coordinates>
    </Point>
</Placemark>
<Placemark>
    <name>SUKEY 2719901163</name>
    <description>(731) 798-0089  01/01/11 21:26:00</description>
    <styleUrl>#defaultStyle</styleUrl>
    <Point>
        <coordinates>-81.6890885756,24.561653699,500.0</coordinates>
    </Point>
</Placemark>
<Placemark>
    <name>SUKEY 2719901163</name>
    <description>(731) 798-0089  01/01/11 21:26:00</description>
    <styleUrl>#defaultStyle</styleUrl>
    <Point>
        <coordinates>-81.6903824611,24.5626061427,500.0</coordinates>
    </Point>
</Placemark>
<Placemark>
    <name>SUKEY 2719901163</name>
    <description>(731) 798-0089  01/01/11 21:26:00</description>
    <styleUrl>#defaultStyle</styleUrl>
    <Point>
        <coordinates>-81.6916389919,24.5635990617,500.0</coordinates>
    </Point>
</Placemark>
<Placemark>
    <name>SUKEY 2719901163</name>
    <description>(731) 798-0089  01/01/11 21:26:00</description>
    <styleUrl>#defaultStyle</styleUrl>
    <Point>
        <coordinates>-81.692856637,24.5646312472,500.0</coordinates>
    </Point>
</Placemark>
<Placemark>
    <name>SUKEY 2719901163</name>
    <description>(731) 798-0089  01/01/11 21:26:00</description>
    <styleUrl>#defaultStyle</styleUrl>
    <Point>
        <coordinates>-81.6940339128,24.5657014425,500.0</coordinates>
    </Point>
</Placemark>
<Placemark>
    <name>SUKEY 2719901163</name>
    <description>(731) 798-0089  01/01/11 21:26:00</description>
    <styleUrl>#defaultStyle</styleUrl>
    <Point>
        <coordinates>-81.6951693852,24.5668083448,500.0</coordinates>
    </Point>
</Placemark>
<Placemark>
    <name>SUKEY 2719901163</name>
    <description>(731) 798-0089  01/01/11 21:26:00</description>
    <styleUrl>#defaultStyle</styleUrl>
    <Point>
        <coordinates>-81.6962616706,24.5679506064,500.0</coordinates>
    </Point>
</Placemark>
<Placemark>
    <name>SUKEY 2719901163</name>
    <description>(731) 798-0089  01/01/11 21:26:00</description>
    <styleUrl>#defaultStyle</styleUrl>
    <Point>
        <coordinates>-81.6973094383,24.5691268366,500.0</coordinates>
    </Point>
</Placemark>
<Placemark>
    <name>SUKEY 2719901163</name>
    <description>(731) 798-0089  01/01/11 21:26:00</description>
    <styleUrl>#defaultStyle</styleUrl>
    <Point>
        <coordinates>-81.6983114118,24.5703356033,500.0</coordinates>
    </Point>
</Placemark>
<Placemark>
    <name>SUKEY 2719901163</name>
    <description>(731) 798-0089  01/01/11 21:26:00</description>
    <styleUrl>#defaultStyle</styleUrl>
    <Point>
        <coordinates>-81.6992663703,24.5715754347,500.0</coordinates>
    </Point>
</Placemark>
<Placemark>
    <name>SUKEY 2719901163</name>
    <description>(731) 798-0089  01/01/11 21:26:00</description>
    <styleUrl>#defaultStyle</styleUrl>
    <Point>
        <coordinates>-81.7001731503,24.5728448211,500.0</coordinates>
    </Point>
</Placemark>
<Placemark>
    <name>SUKEY 2719901163</name>
    <description>(731) 798-0089  01/01/11 21:26:00</description>
    <styleUrl>#defaultStyle</styleUrl>
    <Point>
        <coordinates>-81.7010306471,24.574142217,500.0</coordinates>
    </Point>
</Placemark>
<Placemark>
    <name>SUKEY 2719901163</name>
    <description>(731) 798-0089  01/01/11 21:26:00</description>
    <styleUrl>#defaultStyle</styleUrl>
    <Point>
        <coordinates>-81.701837816,24.5754660423,500.0</coordinates>
    </Point>
</Placemark>
<Placemark>
    <name>SUKEY 2719901163</name>
    <description>(731) 798-0089  01/01/11 21:26:00</description>
    <styleUrl>#defaultStyle</styleUrl>
    <Point>
        <coordinates>-81.7025936735,24.5768146852,500.0</coordinates>
    </Point>
</Placemark>
<Placemark>
    <name>SUKEY 2719901163</name>
    <description>(731) 798-0089  01/01/11 21:26:00</description>
    <styleUrl>#defaultStyle</styleUrl>
    <Point>
        <coordinates>-81.7032972987,24.5781865032,500.0</coordinates>
    </Point>
</Placemark>
<Placemark>
    <name>SUKEY 2719901163</name>
    <description>(731) 798-0089  01/01/11 21:26:00</description>
    <styleUrl>#defaultStyle</styleUrl>
    <Point>
        <coordinates>-81.7039478344,24.5795798258,500.0</coordinates>
    </Point>
</Placemark>
<Placemark>
    <name>SUKEY 2719901163</name>
    <description>(731) 798-0089  01/01/11 21:26:00</description>
    <styleUrl>#defaultStyle</styleUrl>
    <Point>
        <coordinates>-81.7045444881,24.5809929561,500.0</coordinates>
    </Point>
</Placemark>
<Placemark>
    <name>SUKEY 2719901163</name>
    <description>(731) 798-0089  01/01/11 21:26:00</description>
    <styleUrl>#defaultStyle</styleUrl>
    <Point>
        <coordinates>-81.7050865327,24.5824241729,500.0</coordinates>
    </Point>
</Placemark>
<Placemark>
    <name>SUKEY 2719901163</name>
    <description>(731) 798-0089  01/01/11 21:26:00</description>
    <styleUrl>#defaultStyle</styleUrl>
    <Point>
        <coordinates>-81.7055733079,24.5838717333,500.0</coordinates>
    </Point>
</Placemark>
<Placemark>
    <name>SUKEY 2719901163</name>
    <description>(731) 798-0089  01/01/11 21:26:00</description>
    <styleUrl>#defaultStyle</styleUrl>
    <Point>
        <coordinates>-81.7060042206,24.5853338741,500.0</coordinates>
    </Point>
</Placemark>
<Placemark>
    <name>SUKEY 2719901163</name>
    <description>(731) 798-0089  01/01/11 21:26:00</description>
    <styleUrl>#defaultStyle</styleUrl>
    <Point>
        <coordinates>-81.7063787459,24.5868088144,500.0</coordinates>
    </Point>
</Placemark>
<Placemark>
    <name>SUKEY 2719901163</name>
    <description>(731) 798-0089  01/01/11 21:26:00</description>
    <styleUrl>#defaultStyle</styleUrl>
    <Point>
        <coordinates>-81.7066964274,24.5882947577,500.0</coordinates>
    </Point>
</Placemark>
<Placemark>
    <name>SUKEY 2719901163</name>
    <description>(731) 798-0089  01/01/11 21:26:00</description>
    <styleUrl>#defaultStyle</styleUrl>
    <Point>
        <coordinates>-81.7069568782,24.5897898938,500.0</coordinates>
    </Point>
</Placemark>
<Placemark>
    <name>SUKEY 2719901163</name>
    <description>(731) 798-0089  01/01/11 21:26:00</description>
    <styleUrl>#defaultStyle</styleUrl>
    <Point>
        <coordinates>-81.7071597807,24.5912924016,500.0</coordinates>
    </Point>
</Placemark>
<Placemark>
    <name>SUKEY 2719901163</name>
    <description>(731) 798-0089  01/01/11 21:26:00</description>
    <styleUrl>#defaultStyle</styleUrl>
    <Point>
        <coordinates>-81.707304888,24.5928004506,500.0</coordinates>
    </Point>
</Placemark>
<Placemark>
    <name>SUKEY 2719901163</name>
    <description>(731) 798-0089  01/01/11 21:26:00</description>
    <styleUrl>#defaultStyle</styleUrl>
    <Point>
        <coordinates>-81.7073920231,24.5943122038,500.0</coordinates>
    </Point>
</Placemark>
<Placemark>
    <name>SUKEY 2719901163</name>
    <description>(731) 798-0089  01/01/11 21:26:00</description>
    <styleUrl>#defaultStyle</styleUrl>
    <Point>
        <coordinates>-81.7074210799,24.5958258193,500.0</coordinates>
    </Point>
</Placemark>
<Placemark>
    <name>SUKEY 2719901163</name>
    <description>(731) 798-0089  01/01/11 21:26:00</description>
    <styleUrl>#defaultStyle</styleUrl>
    <Point>
        <coordinates>-81.7073920231,24.5973394532,500.0</coordinates>
    </Point>
</Placemark>
<Placemark>
    <name>SUKEY 2719901163</name>
    <description>(731) 798-0089  01/01/11 21:26:00</description>
    <styleUrl>#defaultStyle</styleUrl>
    <Point>
        <coordinates>-81.707304888,24.5988512611,500.0</coordinates>
    </Point>
</Placemark>
<Placemark>
    <name>SUKEY 2719901163</name>
    <description>(731) 798-0089  01/01/11 21:26:00</description>
    <styleUrl>#defaultStyle</styleUrl>
    <Point>
        <coordinates>-81.7071597807,24.6003594012,500.0</coordinates>
    </Point>
</Placemark>
<Placemark>
    <name>SUKEY 2719901163</name>
    <description>(731) 798-0089  01/01/11 21:26:00</description>
    <styleUrl>#defaultStyle</styleUrl>
    <Point>
        <coordinates>-81.7069568782,24.6018620359,500.0</coordinates>
    </Point>
</Placemark>
<Placemark>
    <name>SUKEY 2719901163</name>
    <description>(731) 798-0089  01/01/11 21:26:00</description>
    <styleUrl>#defaultStyle</styleUrl>
    <Point>
        <coordinates>-81.7066964274,24.6033573341,500.0</coordinates>
    </Point>
</Placemark>
<Placemark>
    <name>SUKEY 2719901163</name>
    <description>(731) 798-0089  01/01/11 21:26:00</description>
    <styleUrl>#defaultStyle</styleUrl>
    <Point>
        <coordinates>-81.7063787459,24.6048434738,500.0</coordinates>
    </Point>
</Placemark>
<Placemark>
    <name>SUKEY 2719901163</name>
    <description>(731) 798-0089  01/01/11 21:26:00</description>
    <styleUrl>#defaultStyle</styleUrl>
    <Point>
        <coordinates>-81.7060042206,24.6063186441,500.0</coordinates>
    </Point>
</Placemark>
<Placemark>
    <name>SUKEY 2719901163</name>
    <description>(731) 798-0089  01/01/11 21:26:00</description>
    <styleUrl>#defaultStyle</styleUrl>
    <Point>
        <coordinates>-81.7055733079,24.6077810471,500.0</coordinates>
    </Point>
</Placemark>
<Placemark>
    <name>SUKEY 2719901163</name>
    <description>(731) 798-0089  01/01/11 21:26:00</description>
    <styleUrl>#defaultStyle</styleUrl>
    <Point>
        <coordinates>-81.7050865327,24.6092289008,500.0</coordinates>
    </Point>
</Placemark>
<Placemark>
    <name>SUKEY 2719901163</name>
    <description>(731) 798-0089  01/01/11 21:26:00</description>
    <styleUrl>#defaultStyle</styleUrl>
    <Point>
        <coordinates>-81.7045444881,24.6106604405,500.0</coordinates>
    </Point>
</Placemark>
<Placemark>
    <name>SUKEY 2719901163</name>
    <description>(731) 798-0089  01/01/11 21:26:00</description>
    <styleUrl>#defaultStyle</styleUrl>
    <Point>
        <coordinates>-81.7039478344,24.6120739217,500.0</coordinates>
    </Point>
</Placemark>
<Placemark>
    <name>SUKEY 2719901163</name>
    <description>(731) 798-0089  01/01/11 21:26:00</description>
    <styleUrl>#defaultStyle</styleUrl>
    <Point>
        <coordinates>-81.7032972987,24.6134676216,500.0</coordinates>
    </Point>
</Placemark>
<Placemark>
    <name>SUKEY 2719901163</name>
    <description>(731) 798-0089  01/01/11 21:26:00</description>
    <styleUrl>#defaultStyle</styleUrl>
    <Point>
        <coordinates>-81.7025936735,24.6148398413,500.0</coordinates>
    </Point>
</Placemark>
<Placemark>
    <name>SUKEY 2719901163</name>
    <description>(731) 798-0089  01/01/11 21:26:00</description>
    <styleUrl>#defaultStyle</styleUrl>
    <Point>
        <coordinates>-81.701837816,24.6161889085,500.0</coordinates>
    </Point>
</Placemark>
<Placemark>
    <name>SUKEY 2719901163</name>
    <description>(731) 798-0089  01/01/11 21:26:00</description>
    <styleUrl>#defaultStyle</styleUrl>
    <Point>
        <coordinates>-81.7010306471,24.6175131787,500.0</coordinates>
    </Point>
</Placemark>
<Placemark>
    <name>SUKEY 2719901163</name>
    <description>(731) 798-0089  01/01/11 21:26:00</description>
    <styleUrl>#defaultStyle</styleUrl>
    <Point>
        <coordinates>-81.7001731503,24.6188110376,500.0</coordinates>
    </Point>
</Placemark>
<Placemark>
    <name>SUKEY 2719901163</name>
    <description>(731) 798-0089  01/01/11 21:26:00</description>
    <styleUrl>#defaultStyle</styleUrl>
    <Point>
        <coordinates>-81.6992663703,24.6200809032,500.0</coordinates>
    </Point>
</Placemark>
<Placemark>
    <name>SUKEY 2719901163</name>
    <description>(731) 798-0089  01/01/11 21:26:00</description>
    <styleUrl>#defaultStyle</styleUrl>
    <Point>
        <coordinates>-81.6983114118,24.6213212274,500.0</coordinates>
    </Point>
</Placemark>
<Placemark>
    <name>SUKEY 2719901163</name>
    <description>(731) 798-0089  01/01/11 21:26:00</description>
    <styleUrl>#defaultStyle</styleUrl>
    <Point>
        <coordinates>-81.6973094383,24.6225304983,500.0</coordinates>
    </Point>
</Placemark>
<Placemark>
    <name>SUKEY 2719901163</name>
    <description>(731) 798-0089  01/01/11 21:26:00</description>
    <styleUrl>#defaultStyle</styleUrl>
    <Point>
        <coordinates>-81.6962616706,24.6237072415,500.0</coordinates>
    </Point>
</Placemark>
<Placemark>
    <name>SUKEY 2719901163</name>
    <description>(731) 798-0089  01/01/11 21:26:00</description>
    <styleUrl>#defaultStyle</styleUrl>
    <Point>
        <coordinates>-81.6951693852,24.6248500224,500.0</coordinates>
    </Point>
</Placemark>
<Placemark>
    <name>SUKEY 2719901163</name>
    <description>(731) 798-0089  01/01/11 21:26:00</description>
    <styleUrl>#defaultStyle</styleUrl>
    <Point>
        <coordinates>-81.6940339128,24.6259574479,500.0</coordinates>
    </Point>
</Placemark>
<Placemark>
    <name>SUKEY 2719901163</name>
    <description>(731) 798-0089  01/01/11 21:26:00</description>
    <styleUrl>#defaultStyle</styleUrl>
    <Point>
        <coordinates>-81.692856637,24.6270281677,500.0</coordinates>
    </Point>
</Placemark>
<Placemark>
    <name>SUKEY 2719901163</name>
    <description>(731) 798-0089  01/01/11 21:26:00</description>
    <styleUrl>#defaultStyle</styleUrl>
    <Point>
        <coordinates>-81.6916389919,24.6280608763,500.0</coordinates>
    </Point>
</Placemark>
<Placemark>
    <name>SUKEY 2719901163</name>
    <description>(731) 798-0089  01/01/11 21:26:00</description>
    <styleUrl>#defaultStyle</styleUrl>
    <Point>
        <coordinates>-81.6903824611,24.6290543147,500.0</coordinates>
    </Point>
</Placemark>
<Placemark>
    <name>SUKEY 2719901163</name>
    <description>(731) 798-0089  01/01/11 21:26:00</description>
    <styleUrl>#defaultStyle</styleUrl>
    <Point>
        <coordinates>-81.6890885756,24.6300072714,500.0</coordinates>
    </Point>
</Placemark>
<Placemark>
    <name>SUKEY 2719901163</name>
    <description>(731) 798-0089  01/01/11 21:26:00</description>
    <styleUrl>#defaultStyle</styleUrl>
    <Point>
        <coordinates>-81.6877589116,24.6309185846,500.0</coordinates>
    </Point>
</Placemark>
<Placemark>
    <name>SUKEY 2719901163</name>
    <description>(731) 798-0089  01/01/11 21:26:00</description>
    <styleUrl>#defaultStyle</styleUrl>
    <Point>
        <coordinates>-81.6863950892,24.631787143,500.0</coordinates>
    </Point>
</Placemark>
<Placemark>
    <name>SUKEY 2719901163</name>
    <description>(731) 798-0089  01/01/11 21:26:00</description>
    <styleUrl>#defaultStyle</styleUrl>
    <Point>
        <coordinates>-81.68499877,24.6326118875,500.0</coordinates>
    </Point>
</Placemark>
<Placemark>
    <name>SUKEY 2719901163</name>
    <description>(731) 798-0089  01/01/11 21:26:00</description>
    <styleUrl>#defaultStyle</styleUrl>
    <Point>
        <coordinates>-81.6835716552,24.6333918124,500.0</coordinates>
    </Point>
</Placemark>
<Placemark>
    <name>SUKEY 2719901163</name>
    <description>(731) 798-0089  01/01/11 21:26:00</description>
    <styleUrl>#defaultStyle</styleUrl>
    <Point>
        <coordinates>-81.6821154835,24.6341259666,500.0</coordinates>
    </Point>
</Placemark>
<Placemark>
    <name>SUKEY 2719901163</name>
    <description>(731) 798-0089  01/01/11 21:26:00</description>
    <styleUrl>#defaultStyle</styleUrl>
    <Point>
        <coordinates>-81.6806320291,24.6348134549,500.0</coordinates>
    </Point>
</Placemark>
<Placemark>
    <name>SUKEY 2719901163</name>
    <description>(731) 798-0089  01/01/11 21:26:00</description>
    <styleUrl>#defaultStyle</styleUrl>
    <Point>
        <coordinates>-81.6791230992,24.6354534389,500.0</coordinates>
    </Point>
</Placemark>
<Placemark>
    <name>SUKEY 2719901163</name>
    <description>(731) 798-0089  01/01/11 21:26:00</description>
    <styleUrl>#defaultStyle</styleUrl>
    <Point>
        <coordinates>-81.6775905324,24.6360451382,500.0</coordinates>
    </Point>
</Placemark>
<Placemark>
    <name>SUKEY 2719901163</name>
    <description>(731) 798-0089  01/01/11 21:26:00</description>
    <styleUrl>#defaultStyle</styleUrl>
    <Point>
        <coordinates>-81.6760361957,24.6365878311,500.0</coordinates>
    </Point>
</Placemark>
<Placemark>
    <name>SUKEY 2719901163</name>
    <description>(731) 798-0089  01/01/11 21:26:00</description>
    <styleUrl>#defaultStyle</styleUrl>
    <Point>
        <coordinates>-81.674461983,24.6370808558,500.0</coordinates>
    </Point>
</Placemark>
<Placemark>
    <name>SUKEY 2719901163</name>
    <description>(731) 798-0089  01/01/11 21:26:00</description>
    <styleUrl>#defaultStyle</styleUrl>
    <Point>
        <coordinates>-81.672869812,24.6375236111,500.0</coordinates>
    </Point>
</Placemark>
<Placemark>
    <name>SUKEY 2719901163</name>
    <description>(731) 798-0089  01/01/11 21:26:00</description>
    <styleUrl>#defaultStyle</styleUrl>
    <Point>
        <coordinates>-81.6712616228,24.6379155569,500.0</coordinates>
    </Point>
</Placemark>
<Placemark>
    <name>SUKEY 2719901163</name>
    <description>(731) 798-0089  01/01/11 21:26:00</description>
    <styleUrl>#defaultStyle</styleUrl>
    <Point>
        <coordinates>-81.6696393746,24.6382562154,500.0</coordinates>
    </Point>
</Placemark>
<Placemark>
    <name>SUKEY 2719901163</name>
    <description>(731) 798-0089  01/01/11 21:26:00</description>
    <styleUrl>#defaultStyle</styleUrl>
    <Point>
        <coordinates>-81.6680050438,24.6385451709,500.0</coordinates>
    </Point>
</Placemark>
<Placemark>
    <name>SUKEY 2719901163</name>
    <description>(731) 798-0089  01/01/11 21:26:00</description>
    <styleUrl>#defaultStyle</styleUrl>
    <Point>
        <coordinates>-81.6663606217,24.6387820712,500.0</coordinates>
    </Point>
</Placemark>
<Placemark>
    <name>SUKEY 2719901163</name>
    <description>(731) 798-0089  01/01/11 21:26:00</description>
    <styleUrl>#defaultStyle</styleUrl>
    <Point>
        <coordinates>-81.6647081117,24.6389666273,500.0</coordinates>
    </Point>
</Placemark>
<Placemark>
    <name>SUKEY 2719901163</name>
    <description>(731) 798-0089  01/01/11 21:26:00</description>
    <styleUrl>#defaultStyle</styleUrl>
    <Point>
        <coordinates>-81.6630495271,24.639098614,500.0</coordinates>
    </Point>
</Placemark>
<Placemark>
    <name>SUKEY 2719901163</name>
    <description>(731) 798-0089  01/01/11 21:26:00</description>
    <styleUrl>#defaultStyle</styleUrl>
    <Point>
        <coordinates>-81.6613868887,24.6391778706,500.0</coordinates>
    </Point>
</Placemark>
<Placemark>
    <name>BBCO 2701509972</name>
    <description>(731) 439-5644  01/20/11 17:26:00</description>
    <styleUrl>#defaultStyle</styleUrl>
    <Point>
        <coordinates>-80.2022222222,26.5067043001,500.0</coordinates>
    </Point>
</Placemark>
<Placemark>
    <name>BBCO 2701509972</name>
    <description>(731) 439-5644  01/20/11 17:26:00</description>
    <styleUrl>#defaultStyle</styleUrl>
    <Point>
        <coordinates>-80.2005314359,26.5066778698,500.0</coordinates>
    </Point>
</Placemark>
<Placemark>
    <name>BBCO 2701509972</name>
    <description>(731) 439-5644  01/20/11 17:26:00</description>
    <styleUrl>#defaultStyle</styleUrl>
    <Point>
        <coordinates>-80.1988427094,26.5065986108,500.0</coordinates>
    </Point>
</Placemark>
<Placemark>
    <name>BBCO 2701509972</name>
    <description>(731) 439-5644  01/20/11 17:26:00</description>
    <styleUrl>#defaultStyle</styleUrl>
    <Point>
        <coordinates>-80.1971581005,26.5064666201,500.0</coordinates>
    </Point>
</Placemark>
<Placemark>
    <name>BBCO 2701509972</name>
    <description>(731) 439-5644  01/20/11 17:26:00</description>
    <styleUrl>#defaultStyle</styleUrl>
    <Point>
        <coordinates>-80.1954796613,26.5062820585,500.0</coordinates>
    </Point>
</Placemark>
<Placemark>
    <name>BBCO 2701509972</name>
    <description>(731) 439-5644  01/20/11 17:26:00</description>
    <styleUrl>#defaultStyle</styleUrl>
    <Point>
        <coordinates>-80.193809437,26.5060451511,500.0</coordinates>
    </Point>
</Placemark>
<Placemark>
    <name>BBCO 2701509972</name>
    <description>(731) 439-5644  01/20/11 17:26:00</description>
    <styleUrl>#defaultStyle</styleUrl>
    <Point>
        <coordinates>-80.1921494624,26.5057561869,500.0</coordinates>
    </Point>
</Placemark>
<Placemark>
    <name>BBCO 2701509972</name>
    <description>(731) 439-5644  01/20/11 17:26:00</description>
    <styleUrl>#defaultStyle</styleUrl>
    <Point>
        <coordinates>-80.1905017598,26.5054155184,500.0</coordinates>
    </Point>
</Placemark>
<Placemark>
    <name>BBCO 2701509972</name>
    <description>(731) 439-5644  01/20/11 17:26:00</description>
    <styleUrl>#defaultStyle</styleUrl>
    <Point>
        <coordinates>-80.1888683369,26.5050235611,500.0</coordinates>
    </Point>
</Placemark>
<Placemark>
    <name>BBCO 2701509972</name>
    <description>(731) 439-5644  01/20/11 17:26:00</description>
    <styleUrl>#defaultStyle</styleUrl>
    <Point>
        <coordinates>-80.1872511837,26.504580793,500.0</coordinates>
    </Point>
</Placemark>
<Placemark>
    <name>BBCO 2701509972</name>
    <description>(731) 439-5644  01/20/11 17:26:00</description>
    <styleUrl>#defaultStyle</styleUrl>
    <Point>
        <coordinates>-80.1856522703,26.5040877541,500.0</coordinates>
    </Point>
</Placemark>
<Placemark>
    <name>BBCO 2701509972</name>
    <description>(731) 439-5644  01/20/11 17:26:00</description>
    <styleUrl>#defaultStyle</styleUrl>
    <Point>
        <coordinates>-80.184073545,26.5035450459,500.0</coordinates>
    </Point>
</Placemark>
<Placemark>
    <name>BBCO 2701509972</name>
    <description>(731) 439-5644  01/20/11 17:26:00</description>
    <styleUrl>#defaultStyle</styleUrl>
    <Point>
        <coordinates>-80.182516931,26.5029533302,500.0</coordinates>
    </Point>
</Placemark>
<Placemark>
    <name>BBCO 2701509972</name>
    <description>(731) 439-5644  01/20/11 17:26:00</description>
    <styleUrl>#defaultStyle</styleUrl>
    <Point>
        <coordinates>-80.1809843249,26.5023133286,500.0</coordinates>
    </Point>
</Placemark>
<Placemark>
    <name>BBCO 2701509972</name>
    <description>(731) 439-5644  01/20/11 17:26:00</description>
    <styleUrl>#defaultStyle</styleUrl>
    <Point>
        <coordinates>-80.179477594,26.5016258217,500.0</coordinates>
    </Point>
</Placemark>
<Placemark>
    <name>BBCO 2701509972</name>
    <description>(731) 439-5644  01/20/11 17:26:00</description>
    <styleUrl>#defaultStyle</styleUrl>
    <Point>
        <coordinates>-80.1779985739,26.500891648,500.0</coordinates>
    </Point>
</Placemark>
<Placemark>
    <name>BBCO 2701509972</name>
    <description>(731) 439-5644  01/20/11 17:26:00</description>
    <styleUrl>#defaultStyle</styleUrl>
    <Point>
        <coordinates>-80.1765490666,26.5001117028,500.0</coordinates>
    </Point>
</Placemark>
<Placemark>
    <name>BBCO 2701509972</name>
    <description>(731) 439-5644  01/20/11 17:26:00</description>
    <styleUrl>#defaultStyle</styleUrl>
    <Point>
        <coordinates>-80.1751308381,26.4992869374,500.0</coordinates>
    </Point>
</Placemark>
<Placemark>
    <name>BBCO 2701509972</name>
    <description>(731) 439-5644  01/20/11 17:26:00</description>
    <styleUrl>#defaultStyle</styleUrl>
    <Point>
        <coordinates>-80.1737456164,26.4984183574,500.0</coordinates>
    </Point>
</Placemark>
<Placemark>
    <name>BBCO 2701509972</name>
    <description>(731) 439-5644  01/20/11 17:26:00</description>
    <styleUrl>#defaultStyle</styleUrl>
    <Point>
        <coordinates>-80.172395089,26.4975070222,500.0</coordinates>
    </Point>
</Placemark>
<Placemark>
    <name>BBCO 2701509972</name>
    <description>(731) 439-5644  01/20/11 17:26:00</description>
    <styleUrl>#defaultStyle</styleUrl>
    <Point>
        <coordinates>-80.1710809014,26.496554043,500.0</coordinates>
    </Point>
</Placemark>
<Placemark>
    <name>BBCO 2701509972</name>
    <description>(731) 439-5644  01/20/11 17:26:00</description>
    <styleUrl>#defaultStyle</styleUrl>
    <Point>
        <coordinates>-80.1698046547,26.4955605819,500.0</coordinates>
    </Point>
</Placemark>
<Placemark>
    <name>BBCO 2701509972</name>
    <description>(731) 439-5644  01/20/11 17:26:00</description>
    <styleUrl>#defaultStyle</styleUrl>
    <Point>
        <coordinates>-80.1685679039,26.4945278504,500.0</coordinates>
    </Point>
</Placemark>
<Placemark>
    <name>BBCO 2701509972</name>
    <description>(731) 439-5644  01/20/11 17:26:00</description>
    <styleUrl>#defaultStyle</styleUrl>
    <Point>
        <coordinates>-80.1673721557,26.4934571077,500.0</coordinates>
    </Point>
</Placemark>
<Placemark>
    <name>BBCO 2701509972</name>
    <description>(731) 439-5644  01/20/11 17:26:00</description>
    <styleUrl>#defaultStyle</styleUrl>
    <Point>
        <coordinates>-80.166218867,26.4923496593,500.0</coordinates>
    </Point>
</Placemark>
<Placemark>
    <name>BBCO 2701509972</name>
    <description>(731) 439-5644  01/20/11 17:26:00</description>
    <styleUrl>#defaultStyle</styleUrl>
    <Point>
        <coordinates>-80.1651094428,26.4912068556,500.0</coordinates>
    </Point>
</Placemark>
<Placemark>
    <name>BBCO 2701509972</name>
    <description>(731) 439-5644  01/20/11 17:26:00</description>
    <styleUrl>#defaultStyle</styleUrl>
    <Point>
        <coordinates>-80.1640452348,26.49003009,500.0</coordinates>
    </Point>
</Placemark>
<Placemark>
    <name>BBCO 2701509972</name>
    <description>(731) 439-5644  01/20/11 17:26:00</description>
    <styleUrl>#defaultStyle</styleUrl>
    <Point>
        <coordinates>-80.1630275397,26.4888207971,500.0</coordinates>
    </Point>
</Placemark>
<Placemark>
    <name>BBCO 2701509972</name>
    <description>(731) 439-5644  01/20/11 17:26:00</description>
    <styleUrl>#defaultStyle</styleUrl>
    <Point>
        <coordinates>-80.1620575972,26.4875804513,500.0</coordinates>
    </Point>
</Placemark>
<Placemark>
    <name>BBCO 2701509972</name>
    <description>(731) 439-5644  01/20/11 17:26:00</description>
    <styleUrl>#defaultStyle</styleUrl>
    <Point>
        <coordinates>-80.1611365891,26.4863105648,500.0</coordinates>
    </Point>
</Placemark>
<Placemark>
    <name>BBCO 2701509972</name>
    <description>(731) 439-5644  01/20/11 17:26:00</description>
    <styleUrl>#defaultStyle</styleUrl>
    <Point>
        <coordinates>-80.1602656376,26.4850126856,500.0</coordinates>
    </Point>
</Placemark>
<Placemark>
    <name>BBCO 2701509972</name>
    <description>(731) 439-5644  01/20/11 17:26:00</description>
    <styleUrl>#defaultStyle</styleUrl>
    <Point>
        <coordinates>-80.1594458036,26.483688396,500.0</coordinates>
    </Point>
</Placemark>
<Placemark>
    <name>BBCO 2701509972</name>
    <description>(731) 439-5644  01/20/11 17:26:00</description>
    <styleUrl>#defaultStyle</styleUrl>
    <Point>
        <coordinates>-80.1586780862,26.4823393103,500.0</coordinates>
    </Point>
</Placemark>
<Placemark>
    <name>BBCO 2701509972</name>
    <description>(731) 439-5644  01/20/11 17:26:00</description>
    <styleUrl>#defaultStyle</styleUrl>
    <Point>
        <coordinates>-80.1579634206,26.4809670729,500.0</coordinates>
    </Point>
</Placemark>
<Placemark>
    <name>BBCO 2701509972</name>
    <description>(731) 439-5644  01/20/11 17:26:00</description>
    <styleUrl>#defaultStyle</styleUrl>
    <Point>
        <coordinates>-80.1573026775,26.4795733566,500.0</coordinates>
    </Point>
</Placemark>
<Placemark>
    <name>BBCO 2701509972</name>
    <description>(731) 439-5644  01/20/11 17:26:00</description>
    <styleUrl>#defaultStyle</styleUrl>
    <Point>
        <coordinates>-80.1566966619,26.4781598601,500.0</coordinates>
    </Point>
</Placemark>
<Placemark>
    <name>BBCO 2701509972</name>
    <description>(731) 439-5644  01/20/11 17:26:00</description>
    <styleUrl>#defaultStyle</styleUrl>
    <Point>
        <coordinates>-80.1561461122,26.4767283062,500.0</coordinates>
    </Point>
</Placemark>
<Placemark>
    <name>BBCO 2701509972</name>
    <description>(731) 439-5644  01/20/11 17:26:00</description>
    <styleUrl>#defaultStyle</styleUrl>
    <Point>
        <coordinates>-80.1556516991,26.4752804397,500.0</coordinates>
    </Point>
</Placemark>
<Placemark>
    <name>BBCO 2701509972</name>
    <description>(731) 439-5644  01/20/11 17:26:00</description>
    <styleUrl>#defaultStyle</styleUrl>
    <Point>
        <coordinates>-80.1552140251,26.4738180252,500.0</coordinates>
    </Point>
</Placemark>
<Placemark>
    <name>BBCO 2701509972</name>
    <description>(731) 439-5644  01/20/11 17:26:00</description>
    <styleUrl>#defaultStyle</styleUrl>
    <Point>
        <coordinates>-80.1548336232,26.472342845,500.0</coordinates>
    </Point>
</Placemark>
<Placemark>
    <name>BBCO 2701509972</name>
    <description>(731) 439-5644  01/20/11 17:26:00</description>
    <styleUrl>#defaultStyle</styleUrl>
    <Point>
        <coordinates>-80.154510957,26.4708566967,500.0</coordinates>
    </Point>
</Placemark>
<Placemark>
    <name>BBCO 2701509972</name>
    <description>(731) 439-5644  01/20/11 17:26:00</description>
    <styleUrl>#defaultStyle</styleUrl>
    <Point>
        <coordinates>-80.1542464197,26.4693613914,500.0</coordinates>
    </Point>
</Placemark>
<Placemark>
    <name>BBCO 2701509972</name>
    <description>(731) 439-5644  01/20/11 17:26:00</description>
    <styleUrl>#defaultStyle</styleUrl>
    <Point>
        <coordinates>-80.1540403334,26.4678587512,500.0</coordinates>
    </Point>
</Placemark>
<Placemark>
    <name>BBCO 2701509972</name>
    <description>(731) 439-5644  01/20/11 17:26:00</description>
    <styleUrl>#defaultStyle</styleUrl>
    <Point>
        <coordinates>-80.1538929493,26.4663506071,500.0</coordinates>
    </Point>
</Placemark>
<Placemark>
    <name>BBCO 2701509972</name>
    <description>(731) 439-5644  01/20/11 17:26:00</description>
    <styleUrl>#defaultStyle</styleUrl>
    <Point>
        <coordinates>-80.153804447,26.4648387968,500.0</coordinates>
    </Point>
</Placemark>
<Placemark>
    <name>BBCO 2701509972</name>
    <description>(731) 439-5644  01/20/11 17:26:00</description>
    <styleUrl>#defaultStyle</styleUrl>
    <Point>
        <coordinates>-80.1537749342,26.4633251621,500.0</coordinates>
    </Point>
</Placemark>
<Placemark>
    <name>BBCO 2701509972</name>
    <description>(731) 439-5644  01/20/11 17:26:00</description>
    <styleUrl>#defaultStyle</styleUrl>
    <Point>
        <coordinates>-80.153804447,26.4618115474,500.0</coordinates>
    </Point>
</Placemark>
<Placemark>
    <name>BBCO 2701509972</name>
    <description>(731) 439-5644  01/20/11 17:26:00</description>
    <styleUrl>#defaultStyle</styleUrl>
    <Point>
        <coordinates>-80.1538929493,26.4602997967,500.0</coordinates>
    </Point>
</Placemark>
<Placemark>
    <name>BBCO 2701509972</name>
    <description>(731) 439-5644  01/20/11 17:26:00</description>
    <styleUrl>#defaultStyle</styleUrl>
    <Point>
        <coordinates>-80.1540403334,26.4587917517,500.0</coordinates>
    </Point>
</Placemark>
<Placemark>
    <name>BBCO 2701509972</name>
    <description>(731) 439-5644  01/20/11 17:26:00</description>
    <styleUrl>#defaultStyle</styleUrl>
    <Point>
        <coordinates>-80.1542464197,26.4572892495,500.0</coordinates>
    </Point>
</Placemark>
<Placemark>
    <name>BBCO 2701509972</name>
    <description>(731) 439-5644  01/20/11 17:26:00</description>
    <styleUrl>#defaultStyle</styleUrl>
    <Point>
        <coordinates>-80.154510957,26.4557941204,500.0</coordinates>
    </Point>
</Placemark>
<Placemark>
    <name>BBCO 2701509972</name>
    <description>(731) 439-5644  01/20/11 17:26:00</description>
    <styleUrl>#defaultStyle</styleUrl>
    <Point>
        <coordinates>-80.1548336232,26.4543081858,500.0</coordinates>
    </Point>
</Placemark>
<Placemark>
    <name>BBCO 2701509972</name>
    <description>(731) 439-5644  01/20/11 17:26:00</description>
    <styleUrl>#defaultStyle</styleUrl>
    <Point>
        <coordinates>-80.1552140251,26.4528332555,500.0</coordinates>
    </Point>
</Placemark>
<Placemark>
    <name>BBCO 2701509972</name>
    <description>(731) 439-5644  01/20/11 17:26:00</description>
    <styleUrl>#defaultStyle</styleUrl>
    <Point>
        <coordinates>-80.1556516991,26.4513711262,500.0</coordinates>
    </Point>
</Placemark>
<Placemark>
    <name>BBCO 2701509972</name>
    <description>(731) 439-5644  01/20/11 17:26:00</description>
    <styleUrl>#defaultStyle</styleUrl>
    <Point>
        <coordinates>-80.1561461122,26.4499235786,500.0</coordinates>
    </Point>
</Placemark>
<Placemark>
    <name>BBCO 2701509972</name>
    <description>(731) 439-5644  01/20/11 17:26:00</description>
    <styleUrl>#defaultStyle</styleUrl>
    <Point>
        <coordinates>-80.1566966619,26.4484923759,500.0</coordinates>
    </Point>
</Placemark>
<Placemark>
    <name>BBCO 2701509972</name>
    <description>(731) 439-5644  01/20/11 17:26:00</description>
    <styleUrl>#defaultStyle</styleUrl>
    <Point>
        <coordinates>-80.1573026775,26.447079261,500.0</coordinates>
    </Point>
</Placemark>
<Placemark>
    <name>BBCO 2701509972</name>
    <description>(731) 439-5644  01/20/11 17:26:00</description>
    <styleUrl>#defaultStyle</styleUrl>
    <Point>
        <coordinates>-80.1579634206,26.4456859549,500.0</coordinates>
    </Point>
</Placemark>
<Placemark>
    <name>BBCO 2701509972</name>
    <description>(731) 439-5644  01/20/11 17:26:00</description>
    <styleUrl>#defaultStyle</styleUrl>
    <Point>
        <coordinates>-80.1586780862,26.4443141545,500.0</coordinates>
    </Point>
</Placemark>
<Placemark>
    <name>BBCO 2701509972</name>
    <description>(731) 439-5644  01/20/11 17:26:00</description>
    <styleUrl>#defaultStyle</styleUrl>
    <Point>
        <coordinates>-80.1594458036,26.4429655302,500.0</coordinates>
    </Point>
</Placemark>
<Placemark>
    <name>BBCO 2701509972</name>
    <description>(731) 439-5644  01/20/11 17:26:00</description>
    <styleUrl>#defaultStyle</styleUrl>
    <Point>
        <coordinates>-80.1602656376,26.4416417242,500.0</coordinates>
    </Point>
</Placemark>
<Placemark>
    <name>BBCO 2701509972</name>
    <description>(731) 439-5644  01/20/11 17:26:00</description>
    <styleUrl>#defaultStyle</styleUrl>
    <Point>
        <coordinates>-80.1611365891,26.4403443487,500.0</coordinates>
    </Point>
</Placemark>
<Placemark>
    <name>BBCO 2701509972</name>
    <description>(731) 439-5644  01/20/11 17:26:00</description>
    <styleUrl>#defaultStyle</styleUrl>
    <Point>
        <coordinates>-80.1620575972,26.4390749832,500.0</coordinates>
    </Point>
</Placemark>
<Placemark>
    <name>BBCO 2701509972</name>
    <description>(731) 439-5644  01/20/11 17:26:00</description>
    <styleUrl>#defaultStyle</styleUrl>
    <Point>
        <coordinates>-80.1630275397,26.4378351733,500.0</coordinates>
    </Point>
</Placemark>
<Placemark>
    <name>BBCO 2701509972</name>
    <description>(731) 439-5644  01/20/11 17:26:00</description>
    <styleUrl>#defaultStyle</styleUrl>
    <Point>
        <coordinates>-80.1640452348,26.4366264287,500.0</coordinates>
    </Point>
</Placemark>
<Placemark>
    <name>BBCO 2701509972</name>
    <description>(731) 439-5644  01/20/11 17:26:00</description>
    <styleUrl>#defaultStyle</styleUrl>
    <Point>
        <coordinates>-80.1651094428,26.4354502209,500.0</coordinates>
    </Point>
</Placemark>
<Placemark>
    <name>BBCO 2701509972</name>
    <description>(731) 439-5644  01/20/11 17:26:00</description>
    <styleUrl>#defaultStyle</styleUrl>
    <Point>
        <coordinates>-80.166218867,26.434307982,500.0</coordinates>
    </Point>
</Placemark>
<Placemark>
    <name>BBCO 2701509972</name>
    <description>(731) 439-5644  01/20/11 17:26:00</description>
    <styleUrl>#defaultStyle</styleUrl>
    <Point>
        <coordinates>-80.1673721557,26.4332011026,500.0</coordinates>
    </Point>
</Placemark>
<Placemark>
    <name>BBCO 2701509972</name>
    <description>(731) 439-5644  01/20/11 17:26:00</description>
    <styleUrl>#defaultStyle</styleUrl>
    <Point>
        <coordinates>-80.1685679039,26.4321309302,500.0</coordinates>
    </Point>
</Placemark>
<Placemark>
    <name>BBCO 2701509972</name>
    <description>(731) 439-5644  01/20/11 17:26:00</description>
    <styleUrl>#defaultStyle</styleUrl>
    <Point>
        <coordinates>-80.1698046547,26.4310987676,500.0</coordinates>
    </Point>
</Placemark>
<Placemark>
    <name>BBCO 2701509972</name>
    <description>(731) 439-5644  01/20/11 17:26:00</description>
    <styleUrl>#defaultStyle</styleUrl>
    <Point>
        <coordinates>-80.1710809014,26.4301058714,500.0</coordinates>
    </Point>
</Placemark>
<Placemark>
    <name>BBCO 2701509972</name>
    <description>(731) 439-5644  01/20/11 17:26:00</description>
    <styleUrl>#defaultStyle</styleUrl>
    <Point>
        <coordinates>-80.172395089,26.4291534501,500.0</coordinates>
    </Point>
</Placemark>
<Placemark>
    <name>BBCO 2701509972</name>
    <description>(731) 439-5644  01/20/11 17:26:00</description>
    <styleUrl>#defaultStyle</styleUrl>
    <Point>
        <coordinates>-80.1737456164,26.4282426631,500.0</coordinates>
    </Point>
</Placemark>
<Placemark>
    <name>BBCO 2701509972</name>
    <description>(731) 439-5644  01/20/11 17:26:00</description>
    <styleUrl>#defaultStyle</styleUrl>
    <Point>
        <coordinates>-80.1751308381,26.4273746191,500.0</coordinates>
    </Point>
</Placemark>
<Placemark>
    <name>BBCO 2701509972</name>
    <description>(731) 439-5644  01/20/11 17:26:00</description>
    <styleUrl>#defaultStyle</styleUrl>
    <Point>
        <coordinates>-80.1765490666,26.4265503746,500.0</coordinates>
    </Point>
</Placemark>
<Placemark>
    <name>BBCO 2701509972</name>
    <description>(731) 439-5644  01/20/11 17:26:00</description>
    <styleUrl>#defaultStyle</styleUrl>
    <Point>
        <coordinates>-80.1779985739,26.4257709331,500.0</coordinates>
    </Point>
</Placemark>
<Placemark>
    <name>BBCO 2701509972</name>
    <description>(731) 439-5644  01/20/11 17:26:00</description>
    <styleUrl>#defaultStyle</styleUrl>
    <Point>
        <coordinates>-80.179477594,26.425037243,500.0</coordinates>
    </Point>
</Placemark>
<Placemark>
    <name>BBCO 2701509972</name>
    <description>(731) 439-5644  01/20/11 17:26:00</description>
    <styleUrl>#defaultStyle</styleUrl>
    <Point>
        <coordinates>-80.1809843249,26.4243501976,500.0</coordinates>
    </Point>
</Placemark>
<Placemark>
    <name>BBCO 2701509972</name>
    <description>(731) 439-5644  01/20/11 17:26:00</description>
    <styleUrl>#defaultStyle</styleUrl>
    <Point>
        <coordinates>-80.182516931,26.4237106329,500.0</coordinates>
    </Point>
</Placemark>
<Placemark>
    <name>BBCO 2701509972</name>
    <description>(731) 439-5644  01/20/11 17:26:00</description>
    <styleUrl>#defaultStyle</styleUrl>
    <Point>
        <coordinates>-80.184073545,26.4231193274,500.0</coordinates>
    </Point>
</Placemark>
<Placemark>
    <name>BBCO 2701509972</name>
    <description>(731) 439-5644  01/20/11 17:26:00</description>
    <styleUrl>#defaultStyle</styleUrl>
    <Point>
        <coordinates>-80.1856522703,26.4225770008,500.0</coordinates>
    </Point>
</Placemark>
<Placemark>
    <name>BBCO 2701509972</name>
    <description>(731) 439-5644  01/20/11 17:26:00</description>
    <styleUrl>#defaultStyle</styleUrl>
    <Point>
        <coordinates>-80.1872511837,26.4220843131,500.0</coordinates>
    </Point>
</Placemark>
<Placemark>
    <name>BBCO 2701509972</name>
    <description>(731) 439-5644  01/20/11 17:26:00</description>
    <styleUrl>#defaultStyle</styleUrl>
    <Point>
        <coordinates>-80.1888683369,26.4216418639,500.0</coordinates>
    </Point>
</Placemark>
<Placemark>
    <name>BBCO 2701509972</name>
    <description>(731) 439-5644  01/20/11 17:26:00</description>
    <styleUrl>#defaultStyle</styleUrl>
    <Point>
        <coordinates>-80.1905017598,26.4212501918,500.0</coordinates>
    </Point>
</Placemark>
<Placemark>
    <name>BBCO 2701509972</name>
    <description>(731) 439-5644  01/20/11 17:26:00</description>
    <styleUrl>#defaultStyle</styleUrl>
    <Point>
        <coordinates>-80.1921494624,26.4209097733,500.0</coordinates>
    </Point>
</Placemark>
<Placemark>
    <name>BBCO 2701509972</name>
    <description>(731) 439-5644  01/20/11 17:26:00</description>
    <styleUrl>#defaultStyle</styleUrl>
    <Point>
        <coordinates>-80.193809437,26.4206210228,500.0</coordinates>
    </Point>
</Placemark>
<Placemark>
    <name>BBCO 2701509972</name>
    <description>(731) 439-5644  01/20/11 17:26:00</description>
    <styleUrl>#defaultStyle</styleUrl>
    <Point>
        <coordinates>-80.1954796613,26.4203842917,500.0</coordinates>
    </Point>
</Placemark>
<Placemark>
    <name>BBCO 2701509972</name>
    <description>(731) 439-5644  01/20/11 17:26:00</description>
    <styleUrl>#defaultStyle</styleUrl>
    <Point>
        <coordinates>-80.1971581005,26.420199868,500.0</coordinates>
    </Point>
</Placemark>
<Placemark>
    <name>BBCO 2701509972</name>
    <description>(731) 439-5644  01/20/11 17:26:00</description>
    <styleUrl>#defaultStyle</styleUrl>
    <Point>
        <coordinates>-80.1988427094,26.4200679763,500.0</coordinates>
    </Point>
</Placemark>
<Placemark>
    <name>BBCO 2701509972</name>
    <description>(731) 439-5644  01/20/11 17:26:00</description>
    <styleUrl>#defaultStyle</styleUrl>
    <Point>
        <coordinates>-80.2005314359,26.419988777,500.0</coordinates>
    </Point>
</Placemark>
<Placemark>
    <name>BBCO 2701509972</name>
    <description>(731) 439-5644  01/20/11 17:26:00</description>
    <styleUrl>#defaultStyle</styleUrl>
    <Point>
        <coordinates>-80.2022222222,26.4199623665,500.0</coordinates>
    </Point>
</Placemark>
<Placemark>
    <name>BBCO 2701509972</name>
    <description>(731) 439-5644  01/20/11 17:26:00</description>
    <styleUrl>#defaultStyle</styleUrl>
    <Point>
        <coordinates>-80.2039130086,26.419988777,500.0</coordinates>
    </Point>
</Placemark>
<Placemark>
    <name>BBCO 2701509972</name>
    <description>(731) 439-5644  01/20/11 17:26:00</description>
    <styleUrl>#defaultStyle</styleUrl>
    <Point>
        <coordinates>-80.205601735,26.4200679763,500.0</coordinates>
    </Point>
</Placemark>
<Placemark>
    <name>BBCO 2701509972</name>
    <description>(731) 439-5644  01/20/11 17:26:00</description>
    <styleUrl>#defaultStyle</styleUrl>
    <Point>
        <coordinates>-80.207286344,26.420199868,500.0</coordinates>
    </Point>
</Placemark>
<Placemark>
    <name>BBCO 2701509972</name>
    <description>(731) 439-5644  01/20/11 17:26:00</description>
    <styleUrl>#defaultStyle</styleUrl>
    <Point>
        <coordinates>-80.2089647831,26.4203842917,500.0</coordinates>
    </Point>
</Placemark>
<Placemark>
    <name>BBCO 2701509972</name>
    <description>(731) 439-5644  01/20/11 17:26:00</description>
    <styleUrl>#defaultStyle</styleUrl>
    <Point>
        <coordinates>-80.2106350074,26.4206210228,500.0</coordinates>
    </Point>
</Placemark>
<Placemark>
    <name>BBCO 2701509972</name>
    <description>(731) 439-5644  01/20/11 17:26:00</description>
    <styleUrl>#defaultStyle</styleUrl>
    <Point>
        <coordinates>-80.2122949821,26.4209097733,500.0</coordinates>
    </Point>
</Placemark>
<Placemark>
    <name>BBCO 2701509972</name>
    <description>(731) 439-5644  01/20/11 17:26:00</description>
    <styleUrl>#defaultStyle</styleUrl>
    <Point>
        <coordinates>-80.2139426846,26.4212501918,500.0</coordinates>
    </Point>
</Placemark>
<Placemark>
    <name>BBCO 2701509972</name>
    <description>(731) 439-5644  01/20/11 17:26:00</description>
    <styleUrl>#defaultStyle</styleUrl>
    <Point>
        <coordinates>-80.2155761075,26.4216418639,500.0</coordinates>
    </Point>
</Placemark>
<Placemark>
    <name>BBCO 2701509972</name>
    <description>(731) 439-5644  01/20/11 17:26:00</description>
    <styleUrl>#defaultStyle</styleUrl>
    <Point>
        <coordinates>-80.2171932608,26.4220843131,500.0</coordinates>
    </Point>
</Placemark>
<Placemark>
    <name>BBCO 2701509972</name>
    <description>(731) 439-5644  01/20/11 17:26:00</description>
    <styleUrl>#defaultStyle</styleUrl>
    <Point>
        <coordinates>-80.2187921741,26.4225770008,500.0</coordinates>
    </Point>
</Placemark>
<Placemark>
    <name>BBCO 2701509972</name>
    <description>(731) 439-5644  01/20/11 17:26:00</description>
    <styleUrl>#defaultStyle</styleUrl>
    <Point>
        <coordinates>-80.2203708995,26.4231193274,500.0</coordinates>
    </Point>
</Placemark>
<Placemark>
    <name>BBCO 2701509972</name>
    <description>(731) 439-5644  01/20/11 17:26:00</description>
    <styleUrl>#defaultStyle</styleUrl>
    <Point>
        <coordinates>-80.2219275134,26.4237106329,500.0</coordinates>
    </Point>
</Placemark>
<Placemark>
    <name>BBCO 2701509972</name>
    <description>(731) 439-5644  01/20/11 17:26:00</description>
    <styleUrl>#defaultStyle</styleUrl>
    <Point>
        <coordinates>-80.2234601195,26.4243501976,500.0</coordinates>
    </Point>
</Placemark>
<Placemark>
    <name>BBCO 2701509972</name>
    <description>(731) 439-5644  01/20/11 17:26:00</description>
    <styleUrl>#defaultStyle</styleUrl>
    <Point>
        <coordinates>-80.2249668505,26.425037243,500.0</coordinates>
    </Point>
</Placemark>
<Placemark>
    <name>BBCO 2701509972</name>
    <description>(731) 439-5644  01/20/11 17:26:00</description>
    <styleUrl>#defaultStyle</styleUrl>
    <Point>
        <coordinates>-80.2264458706,26.4257709331,500.0</coordinates>
    </Point>
</Placemark>
<Placemark>
    <name>BBCO 2701509972</name>
    <description>(731) 439-5644  01/20/11 17:26:00</description>
    <styleUrl>#defaultStyle</styleUrl>
    <Point>
        <coordinates>-80.2278953778,26.4265503746,500.0</coordinates>
    </Point>
</Placemark>
<Placemark>
    <name>BBCO 2701509972</name>
    <description>(731) 439-5644  01/20/11 17:26:00</description>
    <styleUrl>#defaultStyle</styleUrl>
    <Point>
        <coordinates>-80.2293136063,26.4273746191,500.0</coordinates>
    </Point>
</Placemark>
<Placemark>
    <name>BBCO 2701509972</name>
    <description>(731) 439-5644  01/20/11 17:26:00</description>
    <styleUrl>#defaultStyle</styleUrl>
    <Point>
        <coordinates>-80.2306988281,26.4282426631,500.0</coordinates>
    </Point>
</Placemark>
<Placemark>
    <name>BBCO 2701509972</name>
    <description>(731) 439-5644  01/20/11 17:26:00</description>
    <styleUrl>#defaultStyle</styleUrl>
    <Point>
        <coordinates>-80.2320493555,26.4291534501,500.0</coordinates>
    </Point>
</Placemark>
<Placemark>
    <name>BBCO 2701509972</name>
    <description>(731) 439-5644  01/20/11 17:26:00</description>
    <styleUrl>#defaultStyle</styleUrl>
    <Point>
        <coordinates>-80.233363543,26.4301058714,500.0</coordinates>
    </Point>
</Placemark>
<Placemark>
    <name>BBCO 2701509972</name>
    <description>(731) 439-5644  01/20/11 17:26:00</description>
    <styleUrl>#defaultStyle</styleUrl>
    <Point>
        <coordinates>-80.2346397897,26.4310987676,500.0</coordinates>
    </Point>
</Placemark>
<Placemark>
    <name>BBCO 2701509972</name>
    <description>(731) 439-5644  01/20/11 17:26:00</description>
    <styleUrl>#defaultStyle</styleUrl>
    <Point>
        <coordinates>-80.2358765405,26.4321309302,500.0</coordinates>
    </Point>
</Placemark>
<Placemark>
    <name>BBCO 2701509972</name>
    <description>(731) 439-5644  01/20/11 17:26:00</description>
    <styleUrl>#defaultStyle</styleUrl>
    <Point>
        <coordinates>-80.2370722887,26.4332011026,500.0</coordinates>
    </Point>
</Placemark>
<Placemark>
    <name>BBCO 2701509972</name>
    <description>(731) 439-5644  01/20/11 17:26:00</description>
    <styleUrl>#defaultStyle</styleUrl>
    <Point>
        <coordinates>-80.2382255775,26.434307982,500.0</coordinates>
    </Point>
</Placemark>
<Placemark>
    <name>BBCO 2701509972</name>
    <description>(731) 439-5644  01/20/11 17:26:00</description>
    <styleUrl>#defaultStyle</styleUrl>
    <Point>
        <coordinates>-80.2393350016,26.4354502209,500.0</coordinates>
    </Point>
</Placemark>
<Placemark>
    <name>BBCO 2701509972</name>
    <description>(731) 439-5644  01/20/11 17:26:00</description>
    <styleUrl>#defaultStyle</styleUrl>
    <Point>
        <coordinates>-80.2403992096,26.4366264287,500.0</coordinates>
    </Point>
</Placemark>
<Placemark>
    <name>BBCO 2701509972</name>
    <description>(731) 439-5644  01/20/11 17:26:00</description>
    <styleUrl>#defaultStyle</styleUrl>
    <Point>
        <coordinates>-80.2414169048,26.4378351733,500.0</coordinates>
    </Point>
</Placemark>
<Placemark>
    <name>BBCO 2701509972</name>
    <description>(731) 439-5644  01/20/11 17:26:00</description>
    <styleUrl>#defaultStyle</styleUrl>
    <Point>
        <coordinates>-80.2423868473,26.4390749832,500.0</coordinates>
    </Point>
</Placemark>
<Placemark>
    <name>BBCO 2701509972</name>
    <description>(731) 439-5644  01/20/11 17:26:00</description>
    <styleUrl>#defaultStyle</styleUrl>
    <Point>
        <coordinates>-80.2433078553,26.4403443487,500.0</coordinates>
    </Point>
</Placemark>
<Placemark>
    <name>BBCO 2701509972</name>
    <description>(731) 439-5644  01/20/11 17:26:00</description>
    <styleUrl>#defaultStyle</styleUrl>
    <Point>
        <coordinates>-80.2441788069,26.4416417242,500.0</coordinates>
    </Point>
</Placemark>
<Placemark>
    <name>BBCO 2701509972</name>
    <description>(731) 439-5644  01/20/11 17:26:00</description>
    <styleUrl>#defaultStyle</styleUrl>
    <Point>
        <coordinates>-80.2449986408,26.4429655302,500.0</coordinates>
    </Point>
</Placemark>
<Placemark>
    <name>BBCO 2701509972</name>
    <description>(731) 439-5644  01/20/11 17:26:00</description>
    <styleUrl>#defaultStyle</styleUrl>
    <Point>
        <coordinates>-80.2457663582,26.4443141545,500.0</coordinates>
    </Point>
</Placemark>
<Placemark>
    <name>BBCO 2701509972</name>
    <description>(731) 439-5644  01/20/11 17:26:00</description>
    <styleUrl>#defaultStyle</styleUrl>
    <Point>
        <coordinates>-80.2464810239,26.4456859549,500.0</coordinates>
    </Point>
</Placemark>
<Placemark>
    <name>BBCO 2701509972</name>
    <description>(731) 439-5644  01/20/11 17:26:00</description>
    <styleUrl>#defaultStyle</styleUrl>
    <Point>
        <coordinates>-80.247141767,26.447079261,500.0</coordinates>
    </Point>
</Placemark>
<Placemark>
    <name>BBCO 2701509972</name>
    <description>(731) 439-5644  01/20/11 17:26:00</description>
    <styleUrl>#defaultStyle</styleUrl>
    <Point>
        <coordinates>-80.2477477825,26.4484923759,500.0</coordinates>
    </Point>
</Placemark>
<Placemark>
    <name>BBCO 2701509972</name>
    <description>(731) 439-5644  01/20/11 17:26:00</description>
    <styleUrl>#defaultStyle</styleUrl>
    <Point>
        <coordinates>-80.2482983322,26.4499235786,500.0</coordinates>
    </Point>
</Placemark>
<Placemark>
    <name>BBCO 2701509972</name>
    <description>(731) 439-5644  01/20/11 17:26:00</description>
    <styleUrl>#defaultStyle</styleUrl>
    <Point>
        <coordinates>-80.2487927453,26.4513711262,500.0</coordinates>
    </Point>
</Placemark>
<Placemark>
    <name>BBCO 2701509972</name>
    <description>(731) 439-5644  01/20/11 17:26:00</description>
    <styleUrl>#defaultStyle</styleUrl>
    <Point>
        <coordinates>-80.2492304194,26.4528332555,500.0</coordinates>
    </Point>
</Placemark>
<Placemark>
    <name>BBCO 2701509972</name>
    <description>(731) 439-5644  01/20/11 17:26:00</description>
    <styleUrl>#defaultStyle</styleUrl>
    <Point>
        <coordinates>-80.2496108212,26.4543081858,500.0</coordinates>
    </Point>
</Placemark>
<Placemark>
    <name>BBCO 2701509972</name>
    <description>(731) 439-5644  01/20/11 17:26:00</description>
    <styleUrl>#defaultStyle</styleUrl>
    <Point>
        <coordinates>-80.2499334874,26.4557941204,500.0</coordinates>
    </Point>
</Placemark>
<Placemark>
    <name>BBCO 2701509972</name>
    <description>(731) 439-5644  01/20/11 17:26:00</description>
    <styleUrl>#defaultStyle</styleUrl>
    <Point>
        <coordinates>-80.2501980248,26.4572892495,500.0</coordinates>
    </Point>
</Placemark>
<Placemark>
    <name>BBCO 2701509972</name>
    <description>(731) 439-5644  01/20/11 17:26:00</description>
    <styleUrl>#defaultStyle</styleUrl>
    <Point>
        <coordinates>-80.250404111,26.4587917517,500.0</coordinates>
    </Point>
</Placemark>
<Placemark>
    <name>BBCO 2701509972</name>
    <description>(731) 439-5644  01/20/11 17:26:00</description>
    <styleUrl>#defaultStyle</styleUrl>
    <Point>
        <coordinates>-80.2505514951,26.4602997967,500.0</coordinates>
    </Point>
</Placemark>
<Placemark>
    <name>BBCO 2701509972</name>
    <description>(731) 439-5644  01/20/11 17:26:00</description>
    <styleUrl>#defaultStyle</styleUrl>
    <Point>
        <coordinates>-80.2506399975,26.4618115474,500.0</coordinates>
    </Point>
</Placemark>
<Placemark>
    <name>BBCO 2701509972</name>
    <description>(731) 439-5644  01/20/11 17:26:00</description>
    <styleUrl>#defaultStyle</styleUrl>
    <Point>
        <coordinates>-80.2506695102,26.4633251621,500.0</coordinates>
    </Point>
</Placemark>
<Placemark>
    <name>BBCO 2701509972</name>
    <description>(731) 439-5644  01/20/11 17:26:00</description>
    <styleUrl>#defaultStyle</styleUrl>
    <Point>
        <coordinates>-80.2506399975,26.4648387968,500.0</coordinates>
    </Point>
</Placemark>
<Placemark>
    <name>BBCO 2701509972</name>
    <description>(731) 439-5644  01/20/11 17:26:00</description>
    <styleUrl>#defaultStyle</styleUrl>
    <Point>
        <coordinates>-80.2505514951,26.4663506071,500.0</coordinates>
    </Point>
</Placemark>
<Placemark>
    <name>BBCO 2701509972</name>
    <description>(731) 439-5644  01/20/11 17:26:00</description>
    <styleUrl>#defaultStyle</styleUrl>
    <Point>
        <coordinates>-80.250404111,26.4678587512,500.0</coordinates>
    </Point>
</Placemark>
<Placemark>
    <name>BBCO 2701509972</name>
    <description>(731) 439-5644  01/20/11 17:26:00</description>
    <styleUrl>#defaultStyle</styleUrl>
    <Point>
        <coordinates>-80.2501980248,26.4693613914,500.0</coordinates>
    </Point>
</Placemark>
<Placemark>
    <name>BBCO 2701509972</name>
    <description>(731) 439-5644  01/20/11 17:26:00</description>
    <styleUrl>#defaultStyle</styleUrl>
    <Point>
        <coordinates>-80.2499334874,26.4708566967,500.0</coordinates>
    </Point>
</Placemark>
<Placemark>
    <name>BBCO 2701509972</name>
    <description>(731) 439-5644  01/20/11 17:26:00</description>
    <styleUrl>#defaultStyle</styleUrl>
    <Point>
        <coordinates>-80.2496108212,26.472342845,500.0</coordinates>
    </Point>
</Placemark>
<Placemark>
    <name>BBCO 2701509972</name>
    <description>(731) 439-5644  01/20/11 17:26:00</description>
    <styleUrl>#defaultStyle</styleUrl>
    <Point>
        <coordinates>-80.2492304194,26.4738180252,500.0</coordinates>
    </Point>
</Placemark>
<Placemark>
    <name>BBCO 2701509972</name>
    <description>(731) 439-5644  01/20/11 17:26:00</description>
    <styleUrl>#defaultStyle</styleUrl>
    <Point>
        <coordinates>-80.2487927453,26.4752804397,500.0</coordinates>
    </Point>
</Placemark>
<Placemark>
    <name>BBCO 2701509972</name>
    <description>(731) 439-5644  01/20/11 17:26:00</description>
    <styleUrl>#defaultStyle</styleUrl>
    <Point>
        <coordinates>-80.2482983322,26.4767283062,500.0</coordinates>
    </Point>
</Placemark>
<Placemark>
    <name>BBCO 2701509972</name>
    <description>(731) 439-5644  01/20/11 17:26:00</description>
    <styleUrl>#defaultStyle</styleUrl>
    <Point>
        <coordinates>-80.2477477825,26.4781598601,500.0</coordinates>
    </Point>
</Placemark>
<Placemark>
    <name>BBCO 2701509972</name>
    <description>(731) 439-5644  01/20/11 17:26:00</description>
    <styleUrl>#defaultStyle</styleUrl>
    <Point>
        <coordinates>-80.247141767,26.4795733566,500.0</coordinates>
    </Point>
</Placemark>
<Placemark>
    <name>BBCO 2701509972</name>
    <description>(731) 439-5644  01/20/11 17:26:00</description>
    <styleUrl>#defaultStyle</styleUrl>
    <Point>
        <coordinates>-80.2464810239,26.4809670729,500.0</coordinates>
    </Point>
</Placemark>
<Placemark>
    <name>BBCO 2701509972</name>
    <description>(731) 439-5644  01/20/11 17:26:00</description>
    <styleUrl>#defaultStyle</styleUrl>
    <Point>
        <coordinates>-80.2457663582,26.4823393103,500.0</coordinates>
    </Point>
</Placemark>
<Placemark>
    <name>BBCO 2701509972</name>
    <description>(731) 439-5644  01/20/11 17:26:00</description>
    <styleUrl>#defaultStyle</styleUrl>
    <Point>
        <coordinates>-80.2449986408,26.483688396,500.0</coordinates>
    </Point>
</Placemark>
<Placemark>
    <name>BBCO 2701509972</name>
    <description>(731) 439-5644  01/20/11 17:26:00</description>
    <styleUrl>#defaultStyle</styleUrl>
    <Point>
        <coordinates>-80.2441788069,26.4850126856,500.0</coordinates>
    </Point>
</Placemark>
<Placemark>
    <name>BBCO 2701509972</name>
    <description>(731) 439-5644  01/20/11 17:26:00</description>
    <styleUrl>#defaultStyle</styleUrl>
    <Point>
        <coordinates>-80.2433078553,26.4863105648,500.0</coordinates>
    </Point>
</Placemark>
<Placemark>
    <name>BBCO 2701509972</name>
    <description>(731) 439-5644  01/20/11 17:26:00</description>
    <styleUrl>#defaultStyle</styleUrl>
    <Point>
        <coordinates>-80.2423868473,26.4875804513,500.0</coordinates>
    </Point>
</Placemark>
<Placemark>
    <name>BBCO 2701509972</name>
    <description>(731) 439-5644  01/20/11 17:26:00</description>
    <styleUrl>#defaultStyle</styleUrl>
    <Point>
        <coordinates>-80.2414169048,26.4888207971,500.0</coordinates>
    </Point>
</Placemark>
<Placemark>
    <name>BBCO 2701509972</name>
    <description>(731) 439-5644  01/20/11 17:26:00</description>
    <styleUrl>#defaultStyle</styleUrl>
    <Point>
        <coordinates>-80.2403992096,26.49003009,500.0</coordinates>
    </Point>
</Placemark>
<Placemark>
    <name>BBCO 2701509972</name>
    <description>(731) 439-5644  01/20/11 17:26:00</description>
    <styleUrl>#defaultStyle</styleUrl>
    <Point>
        <coordinates>-80.2393350016,26.4912068556,500.0</coordinates>
    </Point>
</Placemark>
<Placemark>
    <name>BBCO 2701509972</name>
    <description>(731) 439-5644  01/20/11 17:26:00</description>
    <styleUrl>#defaultStyle</styleUrl>
    <Point>
        <coordinates>-80.2382255775,26.4923496593,500.0</coordinates>
    </Point>
</Placemark>
<Placemark>
    <name>BBCO 2701509972</name>
    <description>(731) 439-5644  01/20/11 17:26:00</description>
    <styleUrl>#defaultStyle</styleUrl>
    <Point>
        <coordinates>-80.2370722887,26.4934571077,500.0</coordinates>
    </Point>
</Placemark>
<Placemark>
    <name>BBCO 2701509972</name>
    <description>(731) 439-5644  01/20/11 17:26:00</description>
    <styleUrl>#defaultStyle</styleUrl>
    <Point>
        <coordinates>-80.2358765405,26.4945278504,500.0</coordinates>
    </Point>
</Placemark>
<Placemark>
    <name>BBCO 2701509972</name>
    <description>(731) 439-5644  01/20/11 17:26:00</description>
    <styleUrl>#defaultStyle</styleUrl>
    <Point>
        <coordinates>-80.2346397897,26.4955605819,500.0</coordinates>
    </Point>
</Placemark>
<Placemark>
    <name>BBCO 2701509972</name>
    <description>(731) 439-5644  01/20/11 17:26:00</description>
    <styleUrl>#defaultStyle</styleUrl>
    <Point>
        <coordinates>-80.233363543,26.496554043,500.0</coordinates>
    </Point>
</Placemark>
<Placemark>
    <name>BBCO 2701509972</name>
    <description>(731) 439-5644  01/20/11 17:26:00</description>
    <styleUrl>#defaultStyle</styleUrl>
    <Point>
        <coordinates>-80.2320493555,26.4975070222,500.0</coordinates>
    </Point>
</Placemark>
<Placemark>
    <name>BBCO 2701509972</name>
    <description>(731) 439-5644  01/20/11 17:26:00</description>
    <styleUrl>#defaultStyle</styleUrl>
    <Point>
        <coordinates>-80.2306988281,26.4984183574,500.0</coordinates>
    </Point>
</Placemark>
<Placemark>
    <name>BBCO 2701509972</name>
    <description>(731) 439-5644  01/20/11 17:26:00</description>
    <styleUrl>#defaultStyle</styleUrl>
    <Point>
        <coordinates>-80.2293136063,26.4992869374,500.0</coordinates>
    </Point>
</Placemark>
<Placemark>
    <name>BBCO 2701509972</name>
    <description>(731) 439-5644  01/20/11 17:26:00</description>
    <styleUrl>#defaultStyle</styleUrl>
    <Point>
        <coordinates>-80.2278953778,26.5001117028,500.0</coordinates>
    </Point>
</Placemark>
<Placemark>
    <name>BBCO 2701509972</name>
    <description>(731) 439-5644  01/20/11 17:26:00</description>
    <styleUrl>#defaultStyle</styleUrl>
    <Point>
        <coordinates>-80.2264458706,26.500891648,500.0</coordinates>
    </Point>
</Placemark>
<Placemark>
    <name>BBCO 2701509972</name>
    <description>(731) 439-5644  01/20/11 17:26:00</description>
    <styleUrl>#defaultStyle</styleUrl>
    <Point>
        <coordinates>-80.2249668505,26.5016258217,500.0</coordinates>
    </Point>
</Placemark>
<Placemark>
    <name>BBCO 2701509972</name>
    <description>(731) 439-5644  01/20/11 17:26:00</description>
    <styleUrl>#defaultStyle</styleUrl>
    <Point>
        <coordinates>-80.2234601195,26.5023133286,500.0</coordinates>
    </Point>
</Placemark>
<Placemark>
    <name>BBCO 2701509972</name>
    <description>(731) 439-5644  01/20/11 17:26:00</description>
    <styleUrl>#defaultStyle</styleUrl>
    <Point>
        <coordinates>-80.2219275134,26.5029533302,500.0</coordinates>
    </Point>
</Placemark>
<Placemark>
    <name>BBCO 2701509972</name>
    <description>(731) 439-5644  01/20/11 17:26:00</description>
    <styleUrl>#defaultStyle</styleUrl>
    <Point>
        <coordinates>-80.2203708995,26.5035450459,500.0</coordinates>
    </Point>
</Placemark>
<Placemark>
    <name>BBCO 2701509972</name>
    <description>(731) 439-5644  01/20/11 17:26:00</description>
    <styleUrl>#defaultStyle</styleUrl>
    <Point>
        <coordinates>-80.2187921741,26.5040877541,500.0</coordinates>
    </Point>
</Placemark>
<Placemark>
    <name>BBCO 2701509972</name>
    <description>(731) 439-5644  01/20/11 17:26:00</description>
    <styleUrl>#defaultStyle</styleUrl>
    <Point>
        <coordinates>-80.2171932608,26.504580793,500.0</coordinates>
    </Point>
</Placemark>
<Placemark>
    <name>BBCO 2701509972</name>
    <description>(731) 439-5644  01/20/11 17:26:00</description>
    <styleUrl>#defaultStyle</styleUrl>
    <Point>
        <coordinates>-80.2155761075,26.5050235611,500.0</coordinates>
    </Point>
</Placemark>
<Placemark>
    <name>BBCO 2701509972</name>
    <description>(731) 439-5644  01/20/11 17:26:00</description>
    <styleUrl>#defaultStyle</styleUrl>
    <Point>
        <coordinates>-80.2139426846,26.5054155184,500.0</coordinates>
    </Point>
</Placemark>
<Placemark>
    <name>BBCO 2701509972</name>
    <description>(731) 439-5644  01/20/11 17:26:00</description>
    <styleUrl>#defaultStyle</styleUrl>
    <Point>
        <coordinates>-80.2122949821,26.5057561869,500.0</coordinates>
    </Point>
</Placemark>
<Placemark>
    <name>BBCO 2701509972</name>
    <description>(731) 439-5644  01/20/11 17:26:00</description>
    <styleUrl>#defaultStyle</styleUrl>
    <Point>
        <coordinates>-80.2106350074,26.5060451511,500.0</coordinates>
    </Point>
</Placemark>
<Placemark>
    <name>BBCO 2701509972</name>
    <description>(731) 439-5644  01/20/11 17:26:00</description>
    <styleUrl>#defaultStyle</styleUrl>
    <Point>
        <coordinates>-80.2089647831,26.5062820585,500.0</coordinates>
    </Point>
</Placemark>
<Placemark>
    <name>BBCO 2701509972</name>
    <description>(731) 439-5644  01/20/11 17:26:00</description>
    <styleUrl>#defaultStyle</styleUrl>
    <Point>
        <coordinates>-80.207286344,26.5064666201,500.0</coordinates>
    </Point>
</Placemark>
<Placemark>
    <name>BBCO 2701509972</name>
    <description>(731) 439-5644  01/20/11 17:26:00</description>
    <styleUrl>#defaultStyle</styleUrl>
    <Point>
        <coordinates>-80.205601735,26.5065986108,500.0</coordinates>
    </Point>
</Placemark>
<Placemark>
    <name>BBCO 2701509972</name>
    <description>(731) 439-5644  01/20/11 17:26:00</description>
    <styleUrl>#defaultStyle</styleUrl>
    <Point>
        <coordinates>-80.2039130086,26.5066778698,500.0</coordinates>
    </Point>
</Placemark>
<Placemark>
    <name>BBCO 2701509972</name>
    <description>(731) 439-5644  01/20/11 17:26:00</description>
    <styleUrl>#defaultStyle</styleUrl>
    <Point>
        <coordinates>-80.2022222222,26.4633333333,0.0</coordinates>
    </Point>
</Placemark>
<Placemark>
    <name>CR1414 WILLIS 1601114149</name>
    <description>(731) 549-7352  03/16/11 17:07:00</description>
    <styleUrl>#defaultStyle</styleUrl>
    <Point>
        <coordinates>-89.3186324174,35.4713612967,500.0</coordinates>
    </Point>
</Placemark>
<Placemark>
    <name>CR1414 WILLIS 1601114149</name>
    <description>(731) 549-7352  03/16/11 17:07:00</description>
    <styleUrl>#defaultStyle</styleUrl>
    <Point>
        <coordinates>-89.3195338472,35.472684998,500.0</coordinates>
    </Point>
</Placemark>
<Placemark>
    <name>CR1414 WILLIS 1601114149</name>
    <description>(731) 549-7352  03/16/11 17:07:00</description>
    <styleUrl>#defaultStyle</styleUrl>
    <Point>
        <coordinates>-89.3203779736,35.4740335225,500.0</coordinates>
    </Point>
</Placemark>
<Placemark>
    <name>CR1414 WILLIS 1601114149</name>
    <description>(731) 549-7352  03/16/11 17:07:00</description>
    <styleUrl>#defaultStyle</styleUrl>
    <Point>
        <coordinates>-89.321163768,35.4754052284,500.0</coordinates>
    </Point>
</Placemark>
<Placemark>
    <name>CR1414 WILLIS 1601114149</name>
    <description>(731) 549-7352  03/16/11 17:07:00</description>
    <styleUrl>#defaultStyle</styleUrl>
    <Point>
        <coordinates>-89.3218902731,35.4767984456,500.0</coordinates>
    </Point>
</Placemark>
<Placemark>
    <name>CR1414 WILLIS 1601114149</name>
    <description>(731) 549-7352  03/16/11 17:07:00</description>
    <styleUrl>#defaultStyle</styleUrl>
    <Point>
        <coordinates>-89.3225566038,35.4782114779,500.0</coordinates>
    </Point>
</Placemark>
<Placemark>
    <name>CR1414 WILLIS 1601114149</name>
    <description>(731) 549-7352  03/16/11 17:07:00</description>
    <styleUrl>#defaultStyle</styleUrl>
    <Point>
        <coordinates>-89.3231619483,35.4796426047,500.0</coordinates>
    </Point>
</Placemark>
<Placemark>
    <name>CR1414 WILLIS 1601114149</name>
    <description>(731) 549-7352  03/16/11 17:07:00</description>
    <styleUrl>#defaultStyle</styleUrl>
    <Point>
        <coordinates>-89.323705569,35.4810900831,500.0</coordinates>
    </Point>
</Placemark>
<Placemark>
    <name>CR1414 WILLIS 1601114149</name>
    <description>(731) 549-7352  03/16/11 17:07:00</description>
    <styleUrl>#defaultStyle</styleUrl>
    <Point>
        <coordinates>-89.3241868036,35.4825521507,500.0</coordinates>
    </Point>
</Placemark>
<Placemark>
    <name>CR1414 WILLIS 1601114149</name>
    <description>(731) 549-7352  03/16/11 17:07:00</description>
    <styleUrl>#defaultStyle</styleUrl>
    <Point>
        <coordinates>-89.3246050659,35.4840270268,500.0</coordinates>
    </Point>
</Placemark>
<Placemark>
    <name>CR1414 WILLIS 1601114149</name>
    <description>(731) 549-7352  03/16/11 17:07:00</description>
    <styleUrl>#defaultStyle</styleUrl>
    <Point>
        <coordinates>-89.3249598461,35.4855129151,500.0</coordinates>
    </Point>
</Placemark>
<Placemark>
    <name>CR1414 WILLIS 1601114149</name>
    <description>(731) 549-7352  03/16/11 17:07:00</description>
    <styleUrl>#defaultStyle</styleUrl>
    <Point>
        <coordinates>-89.3252507122,35.4870080059,500.0</coordinates>
    </Point>
</Placemark>
<Placemark>
    <name>CR1414 WILLIS 1601114149</name>
    <description>(731) 549-7352  03/16/11 17:07:00</description>
    <styleUrl>#defaultStyle</styleUrl>
    <Point>
        <coordinates>-89.3254773097,35.4885104782,500.0</coordinates>
    </Point>
</Placemark>
<Placemark>
    <name>CR1414 WILLIS 1601114149</name>
    <description>(731) 549-7352  03/16/11 17:07:00</description>
    <styleUrl>#defaultStyle</styleUrl>
    <Point>
        <coordinates>-89.3256393625,35.4900185017,500.0</coordinates>
    </Point>
</Placemark>
<Placemark>
    <name>CR1414 WILLIS 1601114149</name>
    <description>(731) 549-7352  03/16/11 17:07:00</description>
    <styleUrl>#defaultStyle</styleUrl>
    <Point>
        <coordinates>-89.3257366733,35.4915302394,500.0</coordinates>
    </Point>
</Placemark>
<Placemark>
    <name>CR1414 WILLIS 1601114149</name>
    <description>(731) 549-7352  03/16/11 17:07:00</description>
    <styleUrl>#defaultStyle</styleUrl>
    <Point>
        <coordinates>-89.3257691234,35.4930438497,500.0</coordinates>
    </Point>
</Placemark>
<Placemark>
    <name>CR1414 WILLIS 1601114149</name>
    <description>(731) 549-7352  03/16/11 17:07:00</description>
    <styleUrl>#defaultStyle</styleUrl>
    <Point>
        <coordinates>-89.3257366733,35.4945574885,500.0</coordinates>
    </Point>
</Placemark>
<Placemark>
    <name>CR1414 WILLIS 1601114149</name>
    <description>(731) 549-7352  03/16/11 17:07:00</description>
    <styleUrl>#defaultStyle</styleUrl>
    <Point>
        <coordinates>-89.3256393625,35.4960693117,500.0</coordinates>
    </Point>
</Placemark>
<Placemark>
    <name>CR1414 WILLIS 1601114149</name>
    <description>(731) 549-7352  03/16/11 17:07:00</description>
    <styleUrl>#defaultStyle</styleUrl>
    <Point>
        <coordinates>-89.3254773097,35.4975774771,500.0</coordinates>
    </Point>
</Placemark>
<Placemark>
    <name>CR1414 WILLIS 1601114149</name>
    <description>(731) 549-7352  03/16/11 17:07:00</description>
    <styleUrl>#defaultStyle</styleUrl>
    <Point>
        <coordinates>-89.3252507122,35.499080147,500.0</coordinates>
    </Point>
</Placemark>
<Placemark>
    <name>CR1414 WILLIS 1601114149</name>
    <description>(731) 549-7352  03/16/11 17:07:00</description>
    <styleUrl>#defaultStyle</styleUrl>
    <Point>
        <coordinates>-89.3249598461,35.5005754903,500.0</coordinates>
    </Point>
</Placemark>
<Placemark>
    <name>CR1414 WILLIS 1601114149</name>
    <description>(731) 549-7352  03/16/11 17:07:00</description>
    <styleUrl>#defaultStyle</styleUrl>
    <Point>
        <coordinates>-89.3246050659,35.5020616847,500.0</coordinates>
    </Point>
</Placemark>
<Placemark>
    <name>CR1414 WILLIS 1601114149</name>
    <description>(731) 549-7352  03/16/11 17:07:00</description>
    <styleUrl>#defaultStyle</styleUrl>
    <Point>
        <coordinates>-89.3241868036,35.5035369189,500.0</coordinates>
    </Point>
</Placemark>
<Placemark>
    <name>CR1414 WILLIS 1601114149</name>
    <description>(731) 549-7352  03/16/11 17:07:00</description>
    <styleUrl>#defaultStyle</styleUrl>
    <Point>
        <coordinates>-89.323705569,35.504999395,500.0</coordinates>
    </Point>
</Placemark>
<Placemark>
    <name>CR1414 WILLIS 1601114149</name>
    <description>(731) 549-7352  03/16/11 17:07:00</description>
    <styleUrl>#defaultStyle</styleUrl>
    <Point>
        <coordinates>-89.3231619483,35.5064473304,500.0</coordinates>
    </Point>
</Placemark>
<Placemark>
    <name>CR1414 WILLIS 1601114149</name>
    <description>(731) 549-7352  03/16/11 17:07:00</description>
    <styleUrl>#defaultStyle</styleUrl>
    <Point>
        <coordinates>-89.3225566038,35.5078789602,500.0</coordinates>
    </Point>
</Placemark>
<Placemark>
    <name>CR1414 WILLIS 1601114149</name>
    <description>(731) 549-7352  03/16/11 17:07:00</description>
    <styleUrl>#defaultStyle</styleUrl>
    <Point>
        <coordinates>-89.3218902731,35.5092925392,500.0</coordinates>
    </Point>
</Placemark>
<Placemark>
    <name>CR1414 WILLIS 1601114149</name>
    <description>(731) 549-7352  03/16/11 17:07:00</description>
    <styleUrl>#defaultStyle</styleUrl>
    <Point>
        <coordinates>-89.321163768,35.5106863442,500.0</coordinates>
    </Point>
</Placemark>
<Placemark>
    <name>CR1414 WILLIS 1601114149</name>
    <description>(731) 549-7352  03/16/11 17:07:00</description>
    <styleUrl>#defaultStyle</styleUrl>
    <Point>
        <coordinates>-89.3203779736,35.512058676,500.0</coordinates>
    </Point>
</Placemark>
<Placemark>
    <name>CR1414 WILLIS 1601114149</name>
    <description>(731) 549-7352  03/16/11 17:07:00</description>
    <styleUrl>#defaultStyle</styleUrl>
    <Point>
        <coordinates>-89.3195338472,35.5134078615,500.0</coordinates>
    </Point>
</Placemark>
<Placemark>
    <name>CR1414 WILLIS 1601114149</name>
    <description>(731) 549-7352  03/16/11 17:07:00</description>
    <styleUrl>#defaultStyle</styleUrl>
    <Point>
        <coordinates>-89.3186324174,35.5147322557,500.0</coordinates>
    </Point>
</Placemark>
<Placemark>
    <name>CR1414 WILLIS 1601114149</name>
    <description>(731) 549-7352  03/16/11 17:07:00</description>
    <styleUrl>#defaultStyle</styleUrl>
    <Point>
        <coordinates>-89.3176747823,35.5160302437,500.0</coordinates>
    </Point>
</Placemark>
<Placemark>
    <name>CR1414 WILLIS 1601114149</name>
    <description>(731) 549-7352  03/16/11 17:07:00</description>
    <styleUrl>#defaultStyle</styleUrl>
    <Point>
        <coordinates>-89.3166621087,35.5173002429,500.0</coordinates>
    </Point>
</Placemark>
<Placemark>
    <name>CR1414 WILLIS 1601114149</name>
    <description>(731) 549-7352  03/16/11 17:07:00</description>
    <styleUrl>#defaultStyle</styleUrl>
    <Point>
        <coordinates>-89.3155956304,35.5185407046,500.0</coordinates>
    </Point>
</Placemark>
<Placemark>
    <name>CR1414 WILLIS 1601114149</name>
    <description>(731) 549-7352  03/16/11 17:07:00</description>
    <styleUrl>#defaultStyle</styleUrl>
    <Point>
        <coordinates>-89.3144766466,35.5197501161,500.0</coordinates>
    </Point>
</Placemark>
<Placemark>
    <name>CR1414 WILLIS 1601114149</name>
    <description>(731) 549-7352  03/16/11 17:07:00</description>
    <styleUrl>#defaultStyle</styleUrl>
    <Point>
        <coordinates>-89.3133065208,35.5209270024,500.0</coordinates>
    </Point>
</Placemark>
<Placemark>
    <name>CR1414 WILLIS 1601114149</name>
    <description>(731) 549-7352  03/16/11 17:07:00</description>
    <styleUrl>#defaultStyle</styleUrl>
    <Point>
        <coordinates>-89.3120866785,35.5220699283,500.0</coordinates>
    </Point>
</Placemark>
<Placemark>
    <name>CR1414 WILLIS 1601114149</name>
    <description>(731) 549-7352  03/16/11 17:07:00</description>
    <styleUrl>#defaultStyle</styleUrl>
    <Point>
        <coordinates>-89.3108186059,35.5231774997,500.0</coordinates>
    </Point>
</Placemark>
<Placemark>
    <name>CR1414 WILLIS 1601114149</name>
    <description>(731) 549-7352  03/16/11 17:07:00</description>
    <styleUrl>#defaultStyle</styleUrl>
    <Point>
        <coordinates>-89.3095038479,35.5242483659,500.0</coordinates>
    </Point>
</Placemark>
<Placemark>
    <name>CR1414 WILLIS 1601114149</name>
    <description>(731) 549-7352  03/16/11 17:07:00</description>
    <styleUrl>#defaultStyle</styleUrl>
    <Point>
        <coordinates>-89.3081440065,35.5252812205,500.0</coordinates>
    </Point>
</Placemark>
<Placemark>
    <name>CR1414 WILLIS 1601114149</name>
    <description>(731) 549-7352  03/16/11 17:07:00</description>
    <styleUrl>#defaultStyle</styleUrl>
    <Point>
        <coordinates>-89.3067407383,35.5262748038,500.0</coordinates>
    </Point>
</Placemark>
<Placemark>
    <name>CR1414 WILLIS 1601114149</name>
    <description>(731) 549-7352  03/16/11 17:07:00</description>
    <styleUrl>#defaultStyle</styleUrl>
    <Point>
        <coordinates>-89.3052957529,35.5272279037,500.0</coordinates>
    </Point>
</Placemark>
<Placemark>
    <name>CR1414 WILLIS 1601114149</name>
    <description>(731) 549-7352  03/16/11 17:07:00</description>
    <styleUrl>#defaultStyle</styleUrl>
    <Point>
        <coordinates>-89.303810811,35.5281393576,500.0</coordinates>
    </Point>
</Placemark>
<Placemark>
    <name>CR1414 WILLIS 1601114149</name>
    <description>(731) 549-7352  03/16/11 17:07:00</description>
    <styleUrl>#defaultStyle</styleUrl>
    <Point>
        <coordinates>-89.3022877217,35.5290080535,500.0</coordinates>
    </Point>
</Placemark>
<Placemark>
    <name>CR1414 WILLIS 1601114149</name>
    <description>(731) 549-7352  03/16/11 17:07:00</description>
    <styleUrl>#defaultStyle</styleUrl>
    <Point>
        <coordinates>-89.3007283405,35.5298329317,500.0</coordinates>
    </Point>
</Placemark>
<Placemark>
    <name>CR1414 WILLIS 1601114149</name>
    <description>(731) 549-7352  03/16/11 17:07:00</description>
    <styleUrl>#defaultStyle</styleUrl>
    <Point>
        <coordinates>-89.2991345674,35.5306129859,500.0</coordinates>
    </Point>
</Placemark>
<Placemark>
    <name>CR1414 WILLIS 1601114149</name>
    <description>(731) 549-7352  03/16/11 17:07:00</description>
    <styleUrl>#defaultStyle</styleUrl>
    <Point>
        <coordinates>-89.2975083442,35.5313472642,500.0</coordinates>
    </Point>
</Placemark>
<Placemark>
    <name>CR1414 WILLIS 1601114149</name>
    <description>(731) 549-7352  03/16/11 17:07:00</description>
    <styleUrl>#defaultStyle</styleUrl>
    <Point>
        <coordinates>-89.2958516521,35.532034871,500.0</coordinates>
    </Point>
</Placemark>
<Placemark>
    <name>CR1414 WILLIS 1601114149</name>
    <description>(731) 549-7352  03/16/11 17:07:00</description>
    <styleUrl>#defaultStyle</styleUrl>
    <Point>
        <coordinates>-89.2941665096,35.5326749671,500.0</coordinates>
    </Point>
</Placemark>
<Placemark>
    <name>CR1414 WILLIS 1601114149</name>
    <description>(731) 549-7352  03/16/11 17:07:00</description>
    <styleUrl>#defaultStyle</styleUrl>
    <Point>
        <coordinates>-89.2924549698,35.5332667717,500.0</coordinates>
    </Point>
</Placemark>
<Placemark>
    <name>CR1414 WILLIS 1601114149</name>
    <description>(731) 549-7352  03/16/11 17:07:00</description>
    <styleUrl>#defaultStyle</styleUrl>
    <Point>
        <coordinates>-89.2907191178,35.5338095625,500.0</coordinates>
    </Point>
</Placemark>
<Placemark>
    <name>CR1414 WILLIS 1601114149</name>
    <description>(731) 549-7352  03/16/11 17:07:00</description>
    <styleUrl>#defaultStyle</styleUrl>
    <Point>
        <coordinates>-89.2889610687,35.5343026774,500.0</coordinates>
    </Point>
</Placemark>
<Placemark>
    <name>CR1414 WILLIS 1601114149</name>
    <description>(731) 549-7352  03/16/11 17:07:00</description>
    <styleUrl>#defaultStyle</styleUrl>
    <Point>
        <coordinates>-89.2871829642,35.5347455145,500.0</coordinates>
    </Point>
</Placemark>
<Placemark>
    <name>CR1414 WILLIS 1601114149</name>
    <description>(731) 549-7352  03/16/11 17:07:00</description>
    <styleUrl>#defaultStyle</styleUrl>
    <Point>
        <coordinates>-89.2853869708,35.5351375336,500.0</coordinates>
    </Point>
</Placemark>
<Placemark>
    <name>CR1414 WILLIS 1601114149</name>
    <description>(731) 549-7352  03/16/11 17:07:00</description>
    <styleUrl>#defaultStyle</styleUrl>
    <Point>
        <coordinates>-89.2835752766,35.5354782562,500.0</coordinates>
    </Point>
</Placemark>
<Placemark>
    <name>CR1414 WILLIS 1601114149</name>
    <description>(731) 549-7352  03/16/11 17:07:00</description>
    <styleUrl>#defaultStyle</styleUrl>
    <Point>
        <coordinates>-89.2817500888,35.5357672666,500.0</coordinates>
    </Point>
</Placemark>
<Placemark>
    <name>CR1414 WILLIS 1601114149</name>
    <description>(731) 549-7352  03/16/11 17:07:00</description>
    <styleUrl>#defaultStyle</styleUrl>
    <Point>
        <coordinates>-89.2799136312,35.5360042122,500.0</coordinates>
    </Point>
</Placemark>
<Placemark>
    <name>CR1414 WILLIS 1601114149</name>
    <description>(731) 549-7352  03/16/11 17:07:00</description>
    <styleUrl>#defaultStyle</styleUrl>
    <Point>
        <coordinates>-89.2780681412,35.5361888036,500.0</coordinates>
    </Point>
</Placemark>
<Placemark>
    <name>CR1414 WILLIS 1601114149</name>
    <description>(731) 549-7352  03/16/11 17:07:00</description>
    <styleUrl>#defaultStyle</styleUrl>
    <Point>
        <coordinates>-89.2762158673,35.5363208158,500.0</coordinates>
    </Point>
</Placemark>
<Placemark>
    <name>CR1414 WILLIS 1601114149</name>
    <description>(731) 549-7352  03/16/11 17:07:00</description>
    <styleUrl>#defaultStyle</styleUrl>
    <Point>
        <coordinates>-89.2743590661,35.5364000877,500.0</coordinates>
    </Point>
</Placemark>
<Placemark>
    <name>FP25 (STLUCIEW) 2715811301</name>
    <description>(731) 439-5644  01/20/11 18:46:00</description>
    <styleUrl>#defaultStyle</styleUrl>
    <Point>
        <coordinates>-80.4083333333,27.3366666667,500.0</coordinates>
    </Point>
</Placemark>
<Placemark>
    <name>FP25 (STLUCIEW) 2715811301</name>
    <description>(731) 439-5644  01/20/11 18:46:00</description>
    <styleUrl>#defaultStyle</styleUrl>
    <Point>
        <coordinates>-80.3884750669,27.2970439142,500.0</coordinates>
    </Point>
</Placemark>
<Placemark>
    <name>FP25 (STLUCIEW) 2715811301</name>
    <description>(731) 439-5644  01/20/11 18:46:00</description>
    <styleUrl>#defaultStyle</styleUrl>
    <Point>
        <coordinates>-80.3900437651,27.2964526166,500.0</coordinates>
    </Point>
</Placemark>
<Placemark>
    <name>FP25 (STLUCIEW) 2715811301</name>
    <description>(731) 439-5644  01/20/11 18:46:00</description>
    <styleUrl>#defaultStyle</styleUrl>
    <Point>
        <coordinates>-80.3916347464,27.2959102974,500.0</coordinates>
    </Point>
</Placemark>
<Placemark>
    <name>FP25 (STLUCIEW) 2715811301</name>
    <description>(731) 439-5644  01/20/11 18:46:00</description>
    <styleUrl>#defaultStyle</styleUrl>
    <Point>
        <coordinates>-80.3932460723,27.2954176164,500.0</coordinates>
    </Point>
</Placemark>
<Placemark>
    <name>FP25 (STLUCIEW) 2715811301</name>
    <description>(731) 439-5644  01/20/11 18:46:00</description>
    <styleUrl>#defaultStyle</styleUrl>
    <Point>
        <coordinates>-80.3948757797,27.2949751734,500.0</coordinates>
    </Point>
</Placemark>
<Placemark>
    <name>FP25 (STLUCIEW) 2715811301</name>
    <description>(731) 439-5644  01/20/11 18:46:00</description>
    <styleUrl>#defaultStyle</styleUrl>
    <Point>
        <coordinates>-80.3965218832,27.2945835067,500.0</coordinates>
    </Point>
</Placemark>
<Placemark>
    <name>FP25 (STLUCIEW) 2715811301</name>
    <description>(731) 439-5644  01/20/11 18:46:00</description>
    <styleUrl>#defaultStyle</styleUrl>
    <Point>
        <coordinates>-80.3981823771,27.294243093,500.0</coordinates>
    </Point>
</Placemark>
<Placemark>
    <name>FP25 (STLUCIEW) 2715811301</name>
    <description>(731) 439-5644  01/20/11 18:46:00</description>
    <styleUrl>#defaultStyle</styleUrl>
    <Point>
        <coordinates>-80.3998552384,27.2939543466,500.0</coordinates>
    </Point>
</Placemark>
<Placemark>
    <name>FP25 (STLUCIEW) 2715811301</name>
    <description>(731) 439-5644  01/20/11 18:46:00</description>
    <styleUrl>#defaultStyle</styleUrl>
    <Point>
        <coordinates>-80.4015384289,27.2937176189,500.0</coordinates>
    </Point>
</Placemark>
<Placemark>
    <name>FP25 (STLUCIEW) 2715811301</name>
    <description>(731) 439-5644  01/20/11 18:46:00</description>
    <styleUrl>#defaultStyle</styleUrl>
    <Point>
        <coordinates>-80.403229898,27.2935331979,500.0</coordinates>
    </Point>
</Placemark>
<Placemark>
    <name>FP25 (STLUCIEW) 2715811301</name>
    <description>(731) 439-5644  01/20/11 18:46:00</description>
    <styleUrl>#defaultStyle</styleUrl>
    <Point>
        <coordinates>-80.4049275849,27.2934013081,500.0</coordinates>
    </Point>
</Placemark>
<Placemark>
    <name>FP25 (STLUCIEW) 2715811301</name>
    <description>(731) 439-5644  01/20/11 18:46:00</description>
    <styleUrl>#defaultStyle</styleUrl>
    <Point>
        <coordinates>-80.4066294211,27.29332211,500.0</coordinates>
    </Point>
</Placemark>
<Placemark>
    <name>FP25 (STLUCIEW) 2715811301</name>
    <description>(731) 439-5644  01/20/11 18:46:00</description>
    <styleUrl>#defaultStyle</styleUrl>
    <Point>
        <coordinates>-80.4083333333,27.2932956999,500.0</coordinates>
    </Point>
</Placemark>
<Placemark>
    <name>FP25 (STLUCIEW) 2715811301</name>
    <description>(731) 439-5644  01/20/11 18:46:00</description>
    <styleUrl>#defaultStyle</styleUrl>
    <Point>
        <coordinates>-80.4100372455,27.29332211,500.0</coordinates>
    </Point>
</Placemark>
<Placemark>
    <name>FP25 (STLUCIEW) 2715811301</name>
    <description>(731) 439-5644  01/20/11 18:46:00</description>
    <styleUrl>#defaultStyle</styleUrl>
    <Point>
        <coordinates>-80.4117390818,27.2934013081,500.0</coordinates>
    </Point>
</Placemark>
<Placemark>
    <name>FP25 (STLUCIEW) 2715811301</name>
    <description>(731) 439-5644  01/20/11 18:46:00</description>
    <styleUrl>#defaultStyle</styleUrl>
    <Point>
        <coordinates>-80.4134367687,27.2935331979,500.0</coordinates>
    </Point>
</Placemark>
<Placemark>
    <name>FP25 (STLUCIEW) 2715811301</name>
    <description>(731) 439-5644  01/20/11 18:46:00</description>
    <styleUrl>#defaultStyle</styleUrl>
    <Point>
        <coordinates>-80.4151282378,27.2937176189,500.0</coordinates>
    </Point>
</Placemark>
<Placemark>
    <name>FP25 (STLUCIEW) 2715811301</name>
    <description>(731) 439-5644  01/20/11 18:46:00</description>
    <styleUrl>#defaultStyle</styleUrl>
    <Point>
        <coordinates>-80.4168114283,27.2939543466,500.0</coordinates>
    </Point>
</Placemark>
<Placemark>
    <name>FP25 (STLUCIEW) 2715811301</name>
    <description>(731) 439-5644  01/20/11 18:46:00</description>
    <styleUrl>#defaultStyle</styleUrl>
    <Point>
        <coordinates>-80.4184842896,27.294243093,500.0</coordinates>
    </Point>
</Placemark>
<Placemark>
    <name>FP25 (STLUCIEW) 2715811301</name>
    <description>(731) 439-5644  01/20/11 18:46:00</description>
    <styleUrl>#defaultStyle</styleUrl>
    <Point>
        <coordinates>-80.4201447835,27.2945835067,500.0</coordinates>
    </Point>
</Placemark>
<Placemark>
    <name>FP25 (STLUCIEW) 2715811301</name>
    <description>(731) 439-5644  01/20/11 18:46:00</description>
    <styleUrl>#defaultStyle</styleUrl>
    <Point>
        <coordinates>-80.4217908869,27.2949751734,500.0</coordinates>
    </Point>
</Placemark>
<Placemark>
    <name>FP25 (STLUCIEW) 2715811301</name>
    <description>(731) 439-5644  01/20/11 18:46:00</description>
    <styleUrl>#defaultStyle</styleUrl>
    <Point>
        <coordinates>-80.4234205944,27.2954176164,500.0</coordinates>
    </Point>
</Placemark>
<Placemark>
    <name>FP25 (STLUCIEW) 2715811301</name>
    <description>(731) 439-5644  01/20/11 18:46:00</description>
    <styleUrl>#defaultStyle</styleUrl>
    <Point>
        <coordinates>-80.4250319203,27.2959102974,500.0</coordinates>
    </Point>
</Placemark>
<Placemark>
    <name>FP25 (STLUCIEW) 2715811301</name>
    <description>(731) 439-5644  01/20/11 18:46:00</description>
    <styleUrl>#defaultStyle</styleUrl>
    <Point>
        <coordinates>-80.4266229016,27.2964526166,500.0</coordinates>
    </Point>
</Placemark>
<Placemark>
    <name>FP25 (STLUCIEW) 2715811301</name>
    <description>(731) 439-5644  01/20/11 18:46:00</description>
    <styleUrl>#defaultStyle</styleUrl>
    <Point>
        <coordinates>-80.4281915998,27.2970439142,500.0</coordinates>
    </Point>
</Placemark>
<Placemark>
    <name>FP25 (STLUCIEW) 2715811301</name>
    <description>(731) 439-5644  01/20/11 18:46:00</description>
    <styleUrl>#defaultStyle</styleUrl>
    <Point>
        <coordinates>-80.4297361037,27.2976834705,500.0</coordinates>
    </Point>
</Placemark>
<Placemark>
    <name>FP25 (STLUCIEW) 2715811301</name>
    <description>(731) 439-5644  01/20/11 18:46:00</description>
    <styleUrl>#defaultStyle</styleUrl>
    <Point>
        <coordinates>-80.4312545316,27.2983705071,500.0</coordinates>
    </Point>
</Placemark>
<Placemark>
    <name>FP25 (STLUCIEW) 2715811301</name>
    <description>(731) 439-5644  01/20/11 18:46:00</description>
    <styleUrl>#defaultStyle</styleUrl>
    <Point>
        <coordinates>-80.4327450336,27.2991041878,500.0</coordinates>
    </Point>
</Placemark>
<Placemark>
    <name>FP25 (STLUCIEW) 2715811301</name>
    <description>(731) 439-5644  01/20/11 18:46:00</description>
    <styleUrl>#defaultStyle</styleUrl>
    <Point>
        <coordinates>-80.4342057936,27.2998836197,500.0</coordinates>
    </Point>
</Placemark>
<Placemark>
    <name>FP25 (STLUCIEW) 2715811301</name>
    <description>(731) 439-5644  01/20/11 18:46:00</description>
    <styleUrl>#defaultStyle</styleUrl>
    <Point>
        <coordinates>-80.435635032,27.3007078541,500.0</coordinates>
    </Point>
</Placemark>
<Placemark>
    <name>FP25 (STLUCIEW) 2715811301</name>
    <description>(731) 439-5644  01/20/11 18:46:00</description>
    <styleUrl>#defaultStyle</styleUrl>
    <Point>
        <coordinates>-80.4370310075,27.3015758878,500.0</coordinates>
    </Point>
</Placemark>
<Placemark>
    <name>FP25 (STLUCIEW) 2715811301</name>
    <description>(731) 439-5644  01/20/11 18:46:00</description>
    <styleUrl>#defaultStyle</styleUrl>
    <Point>
        <coordinates>-80.4383920192,27.3024866642,500.0</coordinates>
    </Point>
</Placemark>
<Placemark>
    <name>FP25 (STLUCIEW) 2715811301</name>
    <description>(731) 439-5644  01/20/11 18:46:00</description>
    <styleUrl>#defaultStyle</styleUrl>
    <Point>
        <coordinates>-80.439716409,27.3034390748,500.0</coordinates>
    </Point>
</Placemark>
<Placemark>
    <name>FP25 (STLUCIEW) 2715811301</name>
    <description>(731) 439-5644  01/20/11 18:46:00</description>
    <styleUrl>#defaultStyle</styleUrl>
    <Point>
        <coordinates>-80.4410025634,27.3044319602,500.0</coordinates>
    </Point>
</Placemark>
<Placemark>
    <name>FP25 (STLUCIEW) 2715811301</name>
    <description>(731) 439-5644  01/20/11 18:46:00</description>
    <styleUrl>#defaultStyle</styleUrl>
    <Point>
        <coordinates>-80.4422489153,27.3054641118,500.0</coordinates>
    </Point>
</Placemark>
<Placemark>
    <name>FP25 (STLUCIEW) 2715811301</name>
    <description>(731) 439-5644  01/20/11 18:46:00</description>
    <styleUrl>#defaultStyle</styleUrl>
    <Point>
        <coordinates>-80.4434539462,27.3065342732,500.0</coordinates>
    </Point>
</Placemark>
<Placemark>
    <name>FP25 (STLUCIEW) 2715811301</name>
    <description>(731) 439-5644  01/20/11 18:46:00</description>
    <styleUrl>#defaultStyle</styleUrl>
    <Point>
        <coordinates>-80.4446161881,27.3076411417,500.0</coordinates>
    </Point>
</Placemark>
<Placemark>
    <name>FP25 (STLUCIEW) 2715811301</name>
    <description>(731) 439-5644  01/20/11 18:46:00</description>
    <styleUrl>#defaultStyle</styleUrl>
    <Point>
        <coordinates>-80.4457342249,27.3087833697,500.0</coordinates>
    </Point>
</Placemark>
<Placemark>
    <name>FP25 (STLUCIEW) 2715811301</name>
    <description>(731) 439-5644  01/20/11 18:46:00</description>
    <styleUrl>#defaultStyle</styleUrl>
    <Point>
        <coordinates>-80.4468066945,27.3099595668,500.0</coordinates>
    </Point>
</Placemark>
<Placemark>
    <name>FP25 (STLUCIEW) 2715811301</name>
    <description>(731) 439-5644  01/20/11 18:46:00</description>
    <styleUrl>#defaultStyle</styleUrl>
    <Point>
        <coordinates>-80.4478322902,27.3111683008,500.0</coordinates>
    </Point>
</Placemark>
<Placemark>
    <name>FP25 (STLUCIEW) 2715811301</name>
    <description>(731) 439-5644  01/20/11 18:46:00</description>
    <styleUrl>#defaultStyle</styleUrl>
    <Point>
        <coordinates>-80.4488097625,27.3124081004,500.0</coordinates>
    </Point>
</Placemark>
<Placemark>
    <name>FP25 (STLUCIEW) 2715811301</name>
    <description>(731) 439-5644  01/20/11 18:46:00</description>
    <styleUrl>#defaultStyle</styleUrl>
    <Point>
        <coordinates>-80.4497379205,27.3136774558,500.0</coordinates>
    </Point>
</Placemark>
<Placemark>
    <name>FP25 (STLUCIEW) 2715811301</name>
    <description>(731) 439-5644  01/20/11 18:46:00</description>
    <styleUrl>#defaultStyle</styleUrl>
    <Point>
        <coordinates>-80.4506156334,27.3149748217,500.0</coordinates>
    </Point>
</Placemark>
<Placemark>
    <name>FP25 (STLUCIEW) 2715811301</name>
    <description>(731) 439-5644  01/20/11 18:46:00</description>
    <styleUrl>#defaultStyle</styleUrl>
    <Point>
        <coordinates>-80.4514418318,27.3162986183,500.0</coordinates>
    </Point>
</Placemark>
<Placemark>
    <name>FP25 (STLUCIEW) 2715811301</name>
    <description>(731) 439-5644  01/20/11 18:46:00</description>
    <styleUrl>#defaultStyle</styleUrl>
    <Point>
        <coordinates>-80.4522155091,27.3176472338,500.0</coordinates>
    </Point>
</Placemark>
<Placemark>
    <name>FP25 (STLUCIEW) 2715811301</name>
    <description>(731) 439-5644  01/20/11 18:46:00</description>
    <styleUrl>#defaultStyle</styleUrl>
    <Point>
        <coordinates>-80.4529357228,27.3190190258,500.0</coordinates>
    </Point>
</Placemark>
<Placemark>
    <name>FP25 (STLUCIEW) 2715811301</name>
    <description>(731) 439-5644  01/20/11 18:46:00</description>
    <styleUrl>#defaultStyle</styleUrl>
    <Point>
        <coordinates>-80.4536015953,27.3204123239,500.0</coordinates>
    </Point>
</Placemark>
<Placemark>
    <name>FP25 (STLUCIEW) 2715811301</name>
    <description>(731) 439-5644  01/20/11 18:46:00</description>
    <styleUrl>#defaultStyle</styleUrl>
    <Point>
        <coordinates>-80.4542123155,27.3218254315,500.0</coordinates>
    </Point>
</Placemark>
<Placemark>
    <name>FP25 (STLUCIEW) 2715811301</name>
    <description>(731) 439-5644  01/20/11 18:46:00</description>
    <styleUrl>#defaultStyle</styleUrl>
    <Point>
        <coordinates>-80.4547671392,27.3232566275,500.0</coordinates>
    </Point>
</Placemark>
<Placemark>
    <name>FP25 (STLUCIEW) 2715811301</name>
    <description>(731) 439-5644  01/20/11 18:46:00</description>
    <styleUrl>#defaultStyle</styleUrl>
    <Point>
        <coordinates>-80.4552653904,27.3247041689,500.0</coordinates>
    </Point>
</Placemark>
<Placemark>
    <name>FP25 (STLUCIEW) 2715811301</name>
    <description>(731) 439-5644  01/20/11 18:46:00</description>
    <styleUrl>#defaultStyle</styleUrl>
    <Point>
        <coordinates>-80.4557064623,27.3261662927,500.0</coordinates>
    </Point>
</Placemark>
<Placemark>
    <name>FP25 (STLUCIEW) 2715811301</name>
    <description>(731) 439-5644  01/20/11 18:46:00</description>
    <styleUrl>#defaultStyle</styleUrl>
    <Point>
        <coordinates>-80.4560898172,27.3276412181,500.0</coordinates>
    </Point>
</Placemark>
<Placemark>
    <name>FP25 (STLUCIEW) 2715811301</name>
    <description>(731) 439-5644  01/20/11 18:46:00</description>
    <styleUrl>#defaultStyle</styleUrl>
    <Point>
        <coordinates>-80.4564149883,27.3291271486,500.0</coordinates>
    </Point>
</Placemark>
<Placemark>
    <name>FP25 (STLUCIEW) 2715811301</name>
    <description>(731) 439-5644  01/20/11 18:46:00</description>
    <styleUrl>#defaultStyle</styleUrl>
    <Point>
        <coordinates>-80.4566815793,27.3306222743,500.0</coordinates>
    </Point>
</Placemark>
<Placemark>
    <name>FP25 (STLUCIEW) 2715811301</name>
    <description>(731) 439-5644  01/20/11 18:46:00</description>
    <styleUrl>#defaultStyle</styleUrl>
    <Point>
        <coordinates>-80.4568892655,27.3321247738,500.0</coordinates>
    </Point>
</Placemark>
<Placemark>
    <name>FP25 (STLUCIEW) 2715811301</name>
    <description>(731) 439-5644  01/20/11 18:46:00</description>
    <styleUrl>#defaultStyle</styleUrl>
    <Point>
        <coordinates>-80.4570377937,27.333632817,500.0</coordinates>
    </Point>
</Placemark>
<Placemark>
    <name>FP25 (STLUCIEW) 2715811301</name>
    <description>(731) 439-5644  01/20/11 18:46:00</description>
    <styleUrl>#defaultStyle</styleUrl>
    <Point>
        <coordinates>-80.4571269831,27.3351445665,500.0</coordinates>
    </Point>
</Placemark>
<Placemark>
    <name>FP25 (STLUCIEW) 2715811301</name>
    <description>(731) 439-5644  01/20/11 18:46:00</description>
    <styleUrl>#defaultStyle</styleUrl>
    <Point>
        <coordinates>-80.457156725,27.3366581809,500.0</coordinates>
    </Point>
</Placemark>
<Placemark>
    <name>FP25 (STLUCIEW) 2715811301</name>
    <description>(731) 439-5644  01/20/11 18:46:00</description>
    <styleUrl>#defaultStyle</styleUrl>
    <Point>
        <coordinates>-80.4571269831,27.3381718158,500.0</coordinates>
    </Point>
</Placemark>
<Placemark>
    <name>FP25 (STLUCIEW) 2715811301</name>
    <description>(731) 439-5644  01/20/11 18:46:00</description>
    <styleUrl>#defaultStyle</styleUrl>
    <Point>
        <coordinates>-80.4570377937,27.3396836273,500.0</coordinates>
    </Point>
</Placemark>
<Placemark>
    <name>EV3116 MAYFIELD MURRAY 1501031163</name>
    <description>(731) 798-0089  01/28/11 11:48:00</description>
    <styleUrl>#defaultStyle</styleUrl>
    <Point>
        <coordinates>-88.421533294,36.643751957,500.0</coordinates>
    </Point>
</Placemark>
<Placemark>
    <name>EV3116 MAYFIELD MURRAY 1501031163</name>
    <description>(731) 798-0089  01/28/11 11:48:00</description>
    <styleUrl>#defaultStyle</styleUrl>
    <Point>
        <coordinates>-88.4216320407,36.6422402211,500.0</coordinates>
    </Point>
</Placemark>
<Placemark>
    <name>EV3116 MAYFIELD MURRAY 1501031163</name>
    <description>(731) 798-0089  01/28/11 11:48:00</description>
    <styleUrl>#defaultStyle</styleUrl>
    <Point>
        <coordinates>-88.4217964849,36.6407322007,500.0</coordinates>
    </Point>
</Placemark>
<Placemark>
    <name>EV3116 MAYFIELD MURRAY 1501031163</name>
    <description>(731) 798-0089  01/28/11 11:48:00</description>
    <styleUrl>#defaultStyle</styleUrl>
    <Point>
        <coordinates>-88.4220264262,36.6392297327,500.0</coordinates>
    </Point>
</Placemark>
<Placemark>
    <name>EV3116 MAYFIELD MURRAY 1501031163</name>
    <description>(731) 798-0089  01/28/11 11:48:00</description>
    <styleUrl>#defaultStyle</styleUrl>
    <Point>
        <coordinates>-88.4223215844,36.6377346474,500.0</coordinates>
    </Point>
</Placemark>
<Placemark>
    <name>EV3116 MAYFIELD MURRAY 1501031163</name>
    <description>(731) 798-0089  01/28/11 11:48:00</description>
    <styleUrl>#defaultStyle</styleUrl>
    <Point>
        <coordinates>-88.4226816,36.6362487657,500.0</coordinates>
    </Point>
</Placemark>
<Placemark>
    <name>EV3116 MAYFIELD MURRAY 1501031163</name>
    <description>(731) 798-0089  01/28/11 11:48:00</description>
    <styleUrl>#defaultStyle</styleUrl>
    <Point>
        <coordinates>-88.4231060344,36.6347738973,500.0</coordinates>
    </Point>
</Placemark>
<Placemark>
    <name>EV3116 MAYFIELD MURRAY 1501031163</name>
    <description>(731) 798-0089  01/28/11 11:48:00</description>
    <styleUrl>#defaultStyle</styleUrl>
    <Point>
        <coordinates>-88.4235943703,36.6333118386,500.0</coordinates>
    </Point>
</Placemark>
<Placemark>
    <name>EV3116 MAYFIELD MURRAY 1501031163</name>
    <description>(731) 798-0089  01/28/11 11:48:00</description>
    <styleUrl>#defaultStyle</styleUrl>
    <Point>
        <coordinates>-88.424146013,36.63186437,500.0</coordinates>
    </Point>
</Placemark>
<Placemark>
    <name>EV3116 MAYFIELD MURRAY 1501031163</name>
    <description>(731) 798-0089  01/28/11 11:48:00</description>
    <styleUrl>#defaultStyle</styleUrl>
    <Point>
        <coordinates>-88.4247602902,36.6304332541,500.0</coordinates>
    </Point>
</Placemark>
<Placemark>
    <name>EV3116 MAYFIELD MURRAY 1501031163</name>
    <description>(731) 798-0089  01/28/11 11:48:00</description>
    <styleUrl>#defaultStyle</styleUrl>
    <Point>
        <coordinates>-88.4254364536,36.6290202337,500.0</coordinates>
    </Point>
</Placemark>
<Placemark>
    <name>EV3116 MAYFIELD MURRAY 1501031163</name>
    <description>(731) 798-0089  01/28/11 11:48:00</description>
    <styleUrl>#defaultStyle</styleUrl>
    <Point>
        <coordinates>-88.4261736794,36.6276270291,500.0</coordinates>
    </Point>
</Placemark>
<Placemark>
    <name>EV3116 MAYFIELD MURRAY 1501031163</name>
    <description>(731) 798-0089  01/28/11 11:48:00</description>
    <styleUrl>#defaultStyle</styleUrl>
    <Point>
        <coordinates>-88.4269710694,36.6262553367,500.0</coordinates>
    </Point>
</Placemark>
<Placemark>
    <name>EV3116 MAYFIELD MURRAY 1501031163</name>
    <description>(731) 798-0089  01/28/11 11:48:00</description>
    <styleUrl>#defaultStyle</styleUrl>
    <Point>
        <coordinates>-88.4278276521,36.6249068265,500.0</coordinates>
    </Point>
</Placemark>
<Placemark>
    <name>EV3116 MAYFIELD MURRAY 1501031163</name>
    <description>(731) 798-0089  01/28/11 11:48:00</description>
    <styleUrl>#defaultStyle</styleUrl>
    <Point>
        <coordinates>-88.4287423839,36.6235831402,500.0</coordinates>
    </Point>
</Placemark>
<Placemark>
    <name>EV3116 MAYFIELD MURRAY 1501031163</name>
    <description>(731) 798-0089  01/28/11 11:48:00</description>
    <styleUrl>#defaultStyle</styleUrl>
    <Point>
        <coordinates>-88.4297141504,36.6222858891,500.0</coordinates>
    </Point>
</Placemark>
<Placemark>
    <name>EV3116 MAYFIELD MURRAY 1501031163</name>
    <description>(731) 798-0089  01/28/11 11:48:00</description>
    <styleUrl>#defaultStyle</styleUrl>
    <Point>
        <coordinates>-88.4307417675,36.6210166524,500.0</coordinates>
    </Point>
</Placemark>
<Placemark>
    <name>EV3116 MAYFIELD MURRAY 1501031163</name>
    <description>(731) 798-0089  01/28/11 11:48:00</description>
    <styleUrl>#defaultStyle</styleUrl>
    <Point>
        <coordinates>-88.4318239834,36.6197769751,500.0</coordinates>
    </Point>
</Placemark>
<Placemark>
    <name>EV3116 MAYFIELD MURRAY 1501031163</name>
    <description>(731) 798-0089  01/28/11 11:48:00</description>
    <styleUrl>#defaultStyle</styleUrl>
    <Point>
        <coordinates>-88.4329594794,36.618568366,500.0</coordinates>
    </Point>
</Placemark>
<Placemark>
    <name>EV3116 MAYFIELD MURRAY 1501031163</name>
    <description>(731) 798-0089  01/28/11 11:48:00</description>
    <styleUrl>#defaultStyle</styleUrl>
    <Point>
        <coordinates>-88.4341468722,36.6173922961,500.0</coordinates>
    </Point>
</Placemark>
<Placemark>
    <name>EV3116 MAYFIELD MURRAY 1501031163</name>
    <description>(731) 798-0089  01/28/11 11:48:00</description>
    <styleUrl>#defaultStyle</styleUrl>
    <Point>
        <coordinates>-88.4353847151,36.6162501968,500.0</coordinates>
    </Point>
</Placemark>
<Placemark>
    <name>EV3116 MAYFIELD MURRAY 1501031163</name>
    <description>(731) 798-0089  01/28/11 11:48:00</description>
    <styleUrl>#defaultStyle</styleUrl>
    <Point>
        <coordinates>-88.4366715001,36.615143458,500.0</coordinates>
    </Point>
</Placemark>
<Placemark>
    <name>EV3116 MAYFIELD MURRAY 1501031163</name>
    <description>(731) 798-0089  01/28/11 11:48:00</description>
    <styleUrl>#defaultStyle</styleUrl>
    <Point>
        <coordinates>-88.4380056593,36.6140734265,500.0</coordinates>
    </Point>
</Placemark>
<Placemark>
    <name>EV3116 MAYFIELD MURRAY 1501031163</name>
    <description>(731) 798-0089  01/28/11 11:48:00</description>
    <styleUrl>#defaultStyle</styleUrl>
    <Point>
        <coordinates>-88.4393855673,36.6130414045,500.0</coordinates>
    </Point>
</Placemark>
<Placemark>
    <name>EV3116 MAYFIELD MURRAY 1501031163</name>
    <description>(731) 798-0089  01/28/11 11:48:00</description>
    <styleUrl>#defaultStyle</styleUrl>
    <Point>
        <coordinates>-88.4408095428,36.6120486478,500.0</coordinates>
    </Point>
</Placemark>
<Placemark>
    <name>EV3116 MAYFIELD MURRAY 1501031163</name>
    <description>(731) 798-0089  01/28/11 11:48:00</description>
    <styleUrl>#defaultStyle</styleUrl>
    <Point>
        <coordinates>-88.4422758511,36.6110963643,500.0</coordinates>
    </Point>
</Placemark>
<Placemark>
    <name>EV3116 MAYFIELD MURRAY 1501031163</name>
    <description>(731) 798-0089  01/28/11 11:48:00</description>
    <styleUrl>#defaultStyle</styleUrl>
    <Point>
        <coordinates>-88.4437827056,36.6101857128,500.0</coordinates>
    </Point>
</Placemark>
<Placemark>
    <name>EV3116 MAYFIELD MURRAY 1501031163</name>
    <description>(731) 798-0089  01/28/11 11:48:00</description>
    <styleUrl>#defaultStyle</styleUrl>
    <Point>
        <coordinates>-88.4453282705,36.6093178012,500.0</coordinates>
    </Point>
</Placemark>
<Placemark>
    <name>EV3116 MAYFIELD MURRAY 1501031163</name>
    <description>(731) 798-0089  01/28/11 11:48:00</description>
    <styleUrl>#defaultStyle</styleUrl>
    <Point>
        <coordinates>-88.4469106627,36.6084936855,500.0</coordinates>
    </Point>
</Placemark>
<Placemark>
    <name>EV3116 MAYFIELD MURRAY 1501031163</name>
    <description>(731) 798-0089  01/28/11 11:48:00</description>
    <styleUrl>#defaultStyle</styleUrl>
    <Point>
        <coordinates>-88.4485279543,36.6077143683,500.0</coordinates>
    </Point>
</Placemark>
<Placemark>
    <name>EV3116 MAYFIELD MURRAY 1501031163</name>
    <description>(731) 798-0089  01/28/11 11:48:00</description>
    <styleUrl>#defaultStyle</styleUrl>
    <Point>
        <coordinates>-88.4501781749,36.6069807978,500.0</coordinates>
    </Point>
</Placemark>
<Placemark>
    <name>EV3116 MAYFIELD MURRAY 1501031163</name>
    <description>(731) 798-0089  01/28/11 11:48:00</description>
    <styleUrl>#defaultStyle</styleUrl>
    <Point>
        <coordinates>-88.451859314,36.6062938663,500.0</coordinates>
    </Point>
</Placemark>
<Placemark>
    <name>EV3116 MAYFIELD MURRAY 1501031163</name>
    <description>(731) 798-0089  01/28/11 11:48:00</description>
    <styleUrl>#defaultStyle</styleUrl>
    <Point>
        <coordinates>-88.4535693234,36.6056544096,500.0</coordinates>
    </Point>
</Placemark>
<Placemark>
    <name>EV3116 MAYFIELD MURRAY 1501031163</name>
    <description>(731) 798-0089  01/28/11 11:48:00</description>
    <styleUrl>#defaultStyle</styleUrl>
    <Point>
        <coordinates>-88.4553061196,36.6050632054,500.0</coordinates>
    </Point>
</Placemark>
<Placemark>
    <name>EV3116 MAYFIELD MURRAY 1501031163</name>
    <description>(731) 798-0089  01/28/11 11:48:00</description>
    <styleUrl>#defaultStyle</styleUrl>
    <Point>
        <coordinates>-88.4570675867,36.6045209731,500.0</coordinates>
    </Point>
</Placemark>
<Placemark>
    <name>EV3116 MAYFIELD MURRAY 1501031163</name>
    <description>(731) 798-0089  01/28/11 11:48:00</description>
    <styleUrl>#defaultStyle</styleUrl>
    <Point>
        <coordinates>-88.4588515786,36.6040283721,500.0</coordinates>
    </Point>
</Placemark>
<Placemark>
    <name>EV3116 MAYFIELD MURRAY 1501031163</name>
    <description>(731) 798-0089  01/28/11 11:48:00</description>
    <styleUrl>#defaultStyle</styleUrl>
    <Point>
        <coordinates>-88.4606559217,36.6035860017,500.0</coordinates>
    </Point>
</Placemark>
<Placemark>
    <name>EV3116 MAYFIELD MURRAY 1501031163</name>
    <description>(731) 798-0089  01/28/11 11:48:00</description>
    <styleUrl>#defaultStyle</styleUrl>
    <Point>
        <coordinates>-88.4624784178,36.6031944,500.0</coordinates>
    </Point>
</Placemark>
<Placemark>
    <name>EV3116 MAYFIELD MURRAY 1501031163</name>
    <description>(731) 798-0089  01/28/11 11:48:00</description>
    <styleUrl>#defaultStyle</styleUrl>
    <Point>
        <coordinates>-88.4643168463,36.6028540433,500.0</coordinates>
    </Point>
</Placemark>
<Placemark>
    <name>EV3116 MAYFIELD MURRAY 1501031163</name>
    <description>(731) 798-0089  01/28/11 11:48:00</description>
    <styleUrl>#defaultStyle</styleUrl>
    <Point>
        <coordinates>-88.4661689675,36.6025653455,500.0</coordinates>
    </Point>
</Placemark>
<Placemark>
    <name>EV3116 MAYFIELD MURRAY 1501031163</name>
    <description>(731) 798-0089  01/28/11 11:48:00</description>
    <styleUrl>#defaultStyle</styleUrl>
    <Point>
        <coordinates>-88.4680325249,36.6023286579,500.0</coordinates>
    </Point>
</Placemark>
<Placemark>
    <name>EV3116 MAYFIELD MURRAY 1501031163</name>
    <description>(731) 798-0089  01/28/11 11:48:00</description>
    <styleUrl>#defaultStyle</styleUrl>
    <Point>
        <coordinates>-88.4699052479,36.6021442684,500.0</coordinates>
    </Point>
</Placemark>
<Placemark>
    <name>EV3116 MAYFIELD MURRAY 1501031163</name>
    <description>(731) 798-0089  01/28/11 11:48:00</description>
    <styleUrl>#defaultStyle</styleUrl>
    <Point>
        <coordinates>-88.471784855,36.6020124011,500.0</coordinates>
    </Point>
</Placemark>
<Placemark>
    <name>EV3116 MAYFIELD MURRAY 1501031163</name>
    <description>(731) 798-0089  01/28/11 11:48:00</description>
    <styleUrl>#defaultStyle</styleUrl>
    <Point>
        <coordinates>-88.4736690561,36.6019332165,500.0</coordinates>
    </Point>
</Placemark>
<Placemark>
    <name>EV3116 MAYFIELD MURRAY 1501031163</name>
    <description>(731) 798-0089  01/28/11 11:48:00</description>
    <styleUrl>#defaultStyle</styleUrl>
    <Point>
        <coordinates>-88.4755555556,36.601906811,500.0</coordinates>
    </Point>
</Placemark>
<Placemark>
    <name>EV3116 MAYFIELD MURRAY 1501031163</name>
    <description>(731) 798-0089  01/28/11 11:48:00</description>
    <styleUrl>#defaultStyle</styleUrl>
    <Point>
        <coordinates>-88.4774420551,36.6019332165,500.0</coordinates>
    </Point>
</Placemark>
<Placemark>
    <name>EV3116 MAYFIELD MURRAY 1501031163</name>
    <description>(731) 798-0089  01/28/11 11:48:00</description>
    <styleUrl>#defaultStyle</styleUrl>
    <Point>
        <coordinates>-88.4793262561,36.6020124011,500.0</coordinates>
    </Point>
</Placemark>
<Placemark>
    <name>EV3116 MAYFIELD MURRAY 1501031163</name>
    <description>(731) 798-0089  01/28/11 11:48:00</description>
    <styleUrl>#defaultStyle</styleUrl>
    <Point>
        <coordinates>-88.4812058632,36.6021442684,500.0</coordinates>
    </Point>
</Placemark>
<Placemark>
    <name>EV3116 MAYFIELD MURRAY 1501031163</name>
    <description>(731) 798-0089  01/28/11 11:48:00</description>
    <styleUrl>#defaultStyle</styleUrl>
    <Point>
        <coordinates>-88.4830785862,36.6023286579,500.0</coordinates>
    </Point>
</Placemark>
<Placemark>
    <name>EV3116 MAYFIELD MURRAY 1501031163</name>
    <description>(731) 798-0089  01/28/11 11:48:00</description>
    <styleUrl>#defaultStyle</styleUrl>
    <Point>
        <coordinates>-88.4849421436,36.6025653455,500.0</coordinates>
    </Point>
</Placemark>
<Placemark>
    <name>EV3116 MAYFIELD MURRAY 1501031163</name>
    <description>(731) 798-0089  01/28/11 11:48:00</description>
    <styleUrl>#defaultStyle</styleUrl>
    <Point>
        <coordinates>-88.4867942648,36.6028540433,500.0</coordinates>
    </Point>
</Placemark>
<Placemark>
    <name>EV3116 MAYFIELD MURRAY 1501031163</name>
    <description>(731) 798-0089  01/28/11 11:48:00</description>
    <styleUrl>#defaultStyle</styleUrl>
    <Point>
        <coordinates>-88.4886326934,36.6031944,500.0</coordinates>
    </Point>
</Placemark>
<Placemark>
    <name>EV3116 MAYFIELD MURRAY 1501031163</name>
    <description>(731) 798-0089  01/28/11 11:48:00</description>
    <styleUrl>#defaultStyle</styleUrl>
    <Point>
        <coordinates>-88.4904551894,36.6035860017,500.0</coordinates>
    </Point>
</Placemark>
<Placemark>
    <name>EV3116 MAYFIELD MURRAY 1501031163</name>
    <description>(731) 798-0089  01/28/11 11:48:00</description>
    <styleUrl>#defaultStyle</styleUrl>
    <Point>
        <coordinates>-88.4922595325,36.6040283721,500.0</coordinates>
    </Point>
</Placemark>
<Placemark>
    <name>EV3116 MAYFIELD MURRAY 1501031163</name>
    <description>(731) 798-0089  01/28/11 11:48:00</description>
    <styleUrl>#defaultStyle</styleUrl>
    <Point>
        <coordinates>-88.4940435244,36.6045209731,500.0</coordinates>
    </Point>
</Placemark>
<Placemark>
    <name>EV3116 MAYFIELD MURRAY 1501031163</name>
    <description>(731) 798-0089  01/28/11 11:48:00</description>
    <styleUrl>#defaultStyle</styleUrl>
    <Point>
        <coordinates>-88.4958049915,36.6050632054,500.0</coordinates>
    </Point>
</Placemark>
<Placemark>
    <name>EV3116 MAYFIELD MURRAY 1501031163</name>
    <description>(731) 798-0089  01/28/11 11:48:00</description>
    <styleUrl>#defaultStyle</styleUrl>
    <Point>
        <coordinates>-88.4975417877,36.6056544096,500.0</coordinates>
    </Point>
</Placemark>
<Placemark>
    <name>EV3116 MAYFIELD MURRAY 1501031163</name>
    <description>(731) 798-0089  01/28/11 11:48:00</description>
    <styleUrl>#defaultStyle</styleUrl>
    <Point>
        <coordinates>-88.4992517971,36.6062938663,500.0</coordinates>
    </Point>
</Placemark>
<Placemark>
    <name>EV3116 MAYFIELD MURRAY 1501031163</name>
    <description>(731) 798-0089  01/28/11 11:48:00</description>
    <styleUrl>#defaultStyle</styleUrl>
    <Point>
        <coordinates>-88.5009329362,36.6069807978,500.0</coordinates>
    </Point>
</Placemark>
<Placemark>
    <name>EV3116 MAYFIELD MURRAY 1501031163</name>
    <description>(731) 798-0089  01/28/11 11:48:00</description>
    <styleUrl>#defaultStyle</styleUrl>
    <Point>
        <coordinates>-88.5025831568,36.6077143683,500.0</coordinates>
    </Point>
</Placemark>
<Placemark>
    <name>EV3116 MAYFIELD MURRAY 1501031163</name>
    <description>(731) 798-0089  01/28/11 11:48:00</description>
    <styleUrl>#defaultStyle</styleUrl>
    <Point>
        <coordinates>-88.5042004484,36.6084936855,500.0</coordinates>
    </Point>
</Placemark>
<Placemark>
    <name>EV3116 MAYFIELD MURRAY 1501031163</name>
    <description>(731) 798-0089  01/28/11 11:48:00</description>
    <styleUrl>#defaultStyle</styleUrl>
    <Point>
        <coordinates>-88.5057828406,36.6093178012,500.0</coordinates>
    </Point>
</Placemark>
<Placemark>
    <name>EV3116 MAYFIELD MURRAY 1501031163</name>
    <description>(731) 798-0089  01/28/11 11:48:00</description>
    <styleUrl>#defaultStyle</styleUrl>
    <Point>
        <coordinates>-88.5073284055,36.6101857128,500.0</coordinates>
    </Point>
</Placemark>
<Placemark>
    <name>EV3116 MAYFIELD MURRAY 1501031163</name>
    <description>(731) 798-0089  01/28/11 11:48:00</description>
    <styleUrl>#defaultStyle</styleUrl>
    <Point>
        <coordinates>-88.50883526,36.6110963643,500.0</coordinates>
    </Point>
</Placemark>
<Placemark>
    <name>EV3116 MAYFIELD MURRAY 1501031163</name>
    <description>(731) 798-0089  01/28/11 11:48:00</description>
    <styleUrl>#defaultStyle</styleUrl>
    <Point>
        <coordinates>-88.5103015683,36.6120486478,500.0</coordinates>
    </Point>
</Placemark>
<Placemark>
    <name>EV3116 MAYFIELD MURRAY 1501031163</name>
    <description>(731) 798-0089  01/28/11 11:48:00</description>
    <styleUrl>#defaultStyle</styleUrl>
    <Point>
        <coordinates>-88.5117255439,36.6130414045,500.0</coordinates>
    </Point>
</Placemark>
<Placemark>
    <name>EV3116 MAYFIELD MURRAY 1501031163</name>
    <description>(731) 798-0089  01/28/11 11:48:00</description>
    <styleUrl>#defaultStyle</styleUrl>
    <Point>
        <coordinates>-88.5131054518,36.6140734265,500.0</coordinates>
    </Point>
</Placemark>
<Placemark>
    <name>EV3116 MAYFIELD MURRAY 1501031163</name>
    <description>(731) 798-0089  01/28/11 11:48:00</description>
    <styleUrl>#defaultStyle</styleUrl>
    <Point>
        <coordinates>-88.514439611,36.615143458,500.0</coordinates>
    </Point>
</Placemark>
<Placemark>
    <name>EV3116 MAYFIELD MURRAY 1501031163</name>
    <description>(731) 798-0089  01/28/11 11:48:00</description>
    <styleUrl>#defaultStyle</styleUrl>
    <Point>
        <coordinates>-88.515726396,36.6162501968,500.0</coordinates>
    </Point>
</Placemark>
<Placemark>
    <name>EV3116 MAYFIELD MURRAY 1501031163</name>
    <description>(731) 798-0089  01/28/11 11:48:00</description>
    <styleUrl>#defaultStyle</styleUrl>
    <Point>
        <coordinates>-88.5169642389,36.6173922961,500.0</coordinates>
    </Point>
</Placemark>
<Placemark>
    <name>EV3116 MAYFIELD MURRAY 1501031163</name>
    <description>(731) 798-0089  01/28/11 11:48:00</description>
    <styleUrl>#defaultStyle</styleUrl>
    <Point>
        <coordinates>-88.5181516317,36.618568366,500.0</coordinates>
    </Point>
</Placemark>
<Placemark>
    <name>EV3116 MAYFIELD MURRAY 1501031163</name>
    <description>(731) 798-0089  01/28/11 11:48:00</description>
    <styleUrl>#defaultStyle</styleUrl>
    <Point>
        <coordinates>-88.5192871278,36.6197769751,500.0</coordinates>
    </Point>
</Placemark>
<Placemark>
    <name>EV3116 MAYFIELD MURRAY 1501031163</name>
    <description>(731) 798-0089  01/28/11 11:48:00</description>
    <styleUrl>#defaultStyle</styleUrl>
    <Point>
        <coordinates>-88.5203693436,36.6210166524,500.0</coordinates>
    </Point>
</Placemark>
<Placemark>
    <name>EV3116 MAYFIELD MURRAY 1501031163</name>
    <description>(731) 798-0089  01/28/11 11:48:00</description>
    <styleUrl>#defaultStyle</styleUrl>
    <Point>
        <coordinates>-88.5213969607,36.6222858891,500.0</coordinates>
    </Point>
</Placemark>
<Placemark>
    <name>EV3116 MAYFIELD MURRAY 1501031163</name>
    <description>(731) 798-0089  01/28/11 11:48:00</description>
    <styleUrl>#defaultStyle</styleUrl>
    <Point>
        <coordinates>-88.5223687272,36.6235831402,500.0</coordinates>
    </Point>
</Placemark>
<Placemark>
    <name>EV3116 MAYFIELD MURRAY 1501031163</name>
    <description>(731) 798-0089  01/28/11 11:48:00</description>
    <styleUrl>#defaultStyle</styleUrl>
    <Point>
        <coordinates>-88.523283459,36.6249068265,500.0</coordinates>
    </Point>
</Placemark>
<Placemark>
    <name>EV3116 MAYFIELD MURRAY 1501031163</name>
    <description>(731) 798-0089  01/28/11 11:48:00</description>
    <styleUrl>#defaultStyle</styleUrl>
    <Point>
        <coordinates>-88.5241400417,36.6262553367,500.0</coordinates>
    </Point>
</Placemark>
<Placemark>
    <name>EV3116 MAYFIELD MURRAY 1501031163</name>
    <description>(731) 798-0089  01/28/11 11:48:00</description>
    <styleUrl>#defaultStyle</styleUrl>
    <Point>
        <coordinates>-88.5249374317,36.6276270291,500.0</coordinates>
    </Point>
</Placemark>
<Placemark>
    <name>EV3116 MAYFIELD MURRAY 1501031163</name>
    <description>(731) 798-0089  01/28/11 11:48:00</description>
    <styleUrl>#defaultStyle</styleUrl>
    <Point>
        <coordinates>-88.5256746575,36.6290202337,500.0</coordinates>
    </Point>
</Placemark>
<Placemark>
    <name>EV3116 MAYFIELD MURRAY 1501031163</name>
    <description>(731) 798-0089  01/28/11 11:48:00</description>
    <styleUrl>#defaultStyle</styleUrl>
    <Point>
        <coordinates>-88.5263508209,36.6304332541,500.0</coordinates>
    </Point>
</Placemark>
<Placemark>
    <name>EV3116 MAYFIELD MURRAY 1501031163</name>
    <description>(731) 798-0089  01/28/11 11:48:00</description>
    <styleUrl>#defaultStyle</styleUrl>
    <Point>
        <coordinates>-88.5269650981,36.63186437,500.0</coordinates>
    </Point>
</Placemark>
<Placemark>
    <name>EV3116 MAYFIELD MURRAY 1501031163</name>
    <description>(731) 798-0089  01/28/11 11:48:00</description>
    <styleUrl>#defaultStyle</styleUrl>
    <Point>
        <coordinates>-88.5275167408,36.6333118386,500.0</coordinates>
    </Point>
</Placemark>
<Placemark>
    <name>EV3116 MAYFIELD MURRAY 1501031163</name>
    <description>(731) 798-0089  01/28/11 11:48:00</description>
    <styleUrl>#defaultStyle</styleUrl>
    <Point>
        <coordinates>-88.5280050768,36.6347738973,500.0</coordinates>
    </Point>
</Placemark>
<Placemark>
    <name>EV3116 MAYFIELD MURRAY 1501031163</name>
    <description>(731) 798-0089  01/28/11 11:48:00</description>
    <styleUrl>#defaultStyle</styleUrl>
    <Point>
        <coordinates>-88.5284295111,36.6362487657,500.0</coordinates>
    </Point>
</Placemark>
<Placemark>
    <name>EV3116 MAYFIELD MURRAY 1501031163</name>
    <description>(731) 798-0089  01/28/11 11:48:00</description>
    <styleUrl>#defaultStyle</styleUrl>
    <Point>
        <coordinates>-88.5287895267,36.6377346474,500.0</coordinates>
    </Point>
</Placemark>
<Placemark>
    <name>EV3116 MAYFIELD MURRAY 1501031163</name>
    <description>(731) 798-0089  01/28/11 11:48:00</description>
    <styleUrl>#defaultStyle</styleUrl>
    <Point>
        <coordinates>-88.5290846849,36.6392297327,500.0</coordinates>
    </Point>
</Placemark>
<Placemark>
    <name>EV3116 MAYFIELD MURRAY 1501031163</name>
    <description>(731) 798-0089  01/28/11 11:48:00</description>
    <styleUrl>#defaultStyle</styleUrl>
    <Point>
        <coordinates>-88.5293146262,36.6407322007,500.0</coordinates>
    </Point>
</Placemark>
<Placemark>
    <name>EV3116 MAYFIELD MURRAY 1501031163</name>
    <description>(731) 798-0089  01/28/11 11:48:00</description>
    <styleUrl>#defaultStyle</styleUrl>
    <Point>
        <coordinates>-88.5294790704,36.6422402211,500.0</coordinates>
    </Point>
</Placemark>
<Placemark>
    <name>EV3116 MAYFIELD MURRAY 1501031163</name>
    <description>(731) 798-0089  01/28/11 11:48:00</description>
    <styleUrl>#defaultStyle</styleUrl>
    <Point>
        <coordinates>-88.5295778171,36.643751957,500.0</coordinates>
    </Point>
</Placemark>
<Placemark>
    <name>EV3116 MAYFIELD MURRAY 1501031163</name>
    <description>(731) 798-0089  01/28/11 11:48:00</description>
    <styleUrl>#defaultStyle</styleUrl>
    <Point>
        <coordinates>-88.529610746,36.6452655667,500.0</coordinates>
    </Point>
</Placemark>
<Placemark>
    <name>EV3116 MAYFIELD MURRAY 1501031163</name>
    <description>(731) 798-0089  01/28/11 11:48:00</description>
    <styleUrl>#defaultStyle</styleUrl>
    <Point>
        <coordinates>-88.5295778171,36.6467792061,500.0</coordinates>
    </Point>
</Placemark>
<Placemark>
    <name>EV3116 MAYFIELD MURRAY 1501031163</name>
    <description>(731) 798-0089  01/28/11 11:48:00</description>
    <styleUrl>#defaultStyle</styleUrl>
    <Point>
        <coordinates>-88.5294790704,36.648291031,500.0</coordinates>
    </Point>
</Placemark>
<Placemark>
    <name>EV3116 MAYFIELD MURRAY 1501031163</name>
    <description>(731) 798-0089  01/28/11 11:48:00</description>
    <styleUrl>#defaultStyle</styleUrl>
    <Point>
        <coordinates>-88.5293146262,36.6497991994,500.0</coordinates>
    </Point>
</Placemark>
<Placemark>
    <name>EV3116 MAYFIELD MURRAY 1501031163</name>
    <description>(731) 798-0089  01/28/11 11:48:00</description>
    <styleUrl>#defaultStyle</styleUrl>
    <Point>
        <coordinates>-88.5290846849,36.6513018736,500.0</coordinates>
    </Point>
</Placemark>
<Placemark>
    <name>EV3116 MAYFIELD MURRAY 1501031163</name>
    <description>(731) 798-0089  01/28/11 11:48:00</description>
    <styleUrl>#defaultStyle</styleUrl>
    <Point>
        <coordinates>-88.5287895267,36.6527972224,500.0</coordinates>
    </Point>
</Placemark>
<Placemark>
    <name>EV3116 MAYFIELD MURRAY 1501031163</name>
    <description>(731) 798-0089  01/28/11 11:48:00</description>
    <styleUrl>#defaultStyle</styleUrl>
    <Point>
        <coordinates>-88.5284295111,36.6542834234,500.0</coordinates>
    </Point>
</Placemark>
<Placemark>
    <name>EV3116 MAYFIELD MURRAY 1501031163</name>
    <description>(731) 798-0089  01/28/11 11:48:00</description>
    <styleUrl>#defaultStyle</styleUrl>
    <Point>
        <coordinates>-88.5280050768,36.6557586653,500.0</coordinates>
    </Point>
</Placemark>
<Placemark>
    <name>EV3116 MAYFIELD MURRAY 1501031163</name>
    <description>(731) 798-0089  01/28/11 11:48:00</description>
    <styleUrl>#defaultStyle</styleUrl>
    <Point>
        <coordinates>-88.5275167408,36.6572211502,500.0</coordinates>
    </Point>
</Placemark>
<Placemark>
    <name>EV3116 MAYFIELD MURRAY 1501031163</name>
    <description>(731) 798-0089  01/28/11 11:48:00</description>
    <styleUrl>#defaultStyle</styleUrl>
    <Point>
        <coordinates>-88.5269650981,36.6586690954,500.0</coordinates>
    </Point>
</Placemark>
<Placemark>
    <name>EV3116 MAYFIELD MURRAY 1501031163</name>
    <description>(731) 798-0089  01/28/11 11:48:00</description>
    <styleUrl>#defaultStyle</styleUrl>
    <Point>
        <coordinates>-88.5263508209,36.660100736,500.0</coordinates>
    </Point>
</Placemark>
<Placemark>
    <name>EV3116 MAYFIELD MURRAY 1501031163</name>
    <description>(731) 798-0089  01/28/11 11:48:00</description>
    <styleUrl>#defaultStyle</styleUrl>
    <Point>
        <coordinates>-88.5256746575,36.6615143268,500.0</coordinates>
    </Point>
</Placemark>
<Placemark>
    <name>EV3116 MAYFIELD MURRAY 1501031163</name>
    <description>(731) 798-0089  01/28/11 11:48:00</description>
    <styleUrl>#defaultStyle</styleUrl>
    <Point>
        <coordinates>-88.5249374317,36.6629081445,500.0</coordinates>
    </Point>
</Placemark>
<Placemark>
    <name>EV3116 MAYFIELD MURRAY 1501031163</name>
    <description>(731) 798-0089  01/28/11 11:48:00</description>
    <styleUrl>#defaultStyle</styleUrl>
    <Point>
        <coordinates>-88.5241400417,36.6642804898,500.0</coordinates>
    </Point>
</Placemark>
<Placemark>
    <name>EV3116 MAYFIELD MURRAY 1501031163</name>
    <description>(731) 798-0089  01/28/11 11:48:00</description>
    <styleUrl>#defaultStyle</styleUrl>
    <Point>
        <coordinates>-88.523283459,36.6656296896,500.0</coordinates>
    </Point>
</Placemark>
<Placemark>
    <name>EV3116 MAYFIELD MURRAY 1501031163</name>
    <description>(731) 798-0089  01/28/11 11:48:00</description>
    <styleUrl>#defaultStyle</styleUrl>
    <Point>
        <coordinates>-88.5223687272,36.6669540987,500.0</coordinates>
    </Point>
</Placemark>
<Placemark>
    <name>EV3116 MAYFIELD MURRAY 1501031163</name>
    <description>(731) 798-0089  01/28/11 11:48:00</description>
    <styleUrl>#defaultStyle</styleUrl>
    <Point>
        <coordinates>-88.5213969607,36.6682521023,500.0</coordinates>
    </Point>
</Placemark>
<Placemark>
    <name>EV3116 MAYFIELD MURRAY 1501031163</name>
    <description>(731) 798-0089  01/28/11 11:48:00</description>
    <styleUrl>#defaultStyle</styleUrl>
    <Point>
        <coordinates>-88.5203693436,36.6695221176,500.0</coordinates>
    </Point>
</Placemark>
<Placemark>
    <name>EV3116 MAYFIELD MURRAY 1501031163</name>
    <description>(731) 798-0089  01/28/11 11:48:00</description>
    <styleUrl>#defaultStyle</styleUrl>
    <Point>
        <coordinates>-88.5192871278,36.6707625959,500.0</coordinates>
    </Point>
</Placemark>
<Placemark>
    <name>EV3116 MAYFIELD MURRAY 1501031163</name>
    <description>(731) 798-0089  01/28/11 11:48:00</description>
    <styleUrl>#defaultStyle</styleUrl>
    <Point>
        <coordinates>-88.5181516317,36.6719720243,500.0</coordinates>
    </Point>
</Placemark>
<Placemark>
    <name>EV3116 MAYFIELD MURRAY 1501031163</name>
    <description>(731) 798-0089  01/28/11 11:48:00</description>
    <styleUrl>#defaultStyle</styleUrl>
    <Point>
        <coordinates>-88.5169642389,36.6731489279,500.0</coordinates>
    </Point>
</Placemark>
<Placemark>
    <name>EV3116 MAYFIELD MURRAY 1501031163</name>
    <description>(731) 798-0089  01/28/11 11:48:00</description>
    <styleUrl>#defaultStyle</styleUrl>
    <Point>
        <coordinates>-88.515726396,36.6742918712,500.0</coordinates>
    </Point>
</Placemark>
<Placemark>
    <name>EV3116 MAYFIELD MURRAY 1501031163</name>
    <description>(731) 798-0089  01/28/11 11:48:00</description>
    <styleUrl>#defaultStyle</styleUrl>
    <Point>
        <coordinates>-88.514439611,36.6753994603,500.0</coordinates>
    </Point>
</Placemark>
<Placemark>
    <name>EV3116 MAYFIELD MURRAY 1501031163</name>
    <description>(731) 798-0089  01/28/11 11:48:00</description>
    <styleUrl>#defaultStyle</styleUrl>
    <Point>
        <coordinates>-88.5131054518,36.6764703441,500.0</coordinates>
    </Point>
</Placemark>
<Placemark>
    <name>EV3116 MAYFIELD MURRAY 1501031163</name>
    <description>(731) 798-0089  01/28/11 11:48:00</description>
    <styleUrl>#defaultStyle</styleUrl>
    <Point>
        <coordinates>-88.5117255439,36.6775032163,500.0</coordinates>
    </Point>
</Placemark>
<Placemark>
    <name>EV3116 MAYFIELD MURRAY 1501031163</name>
    <description>(731) 798-0089  01/28/11 11:48:00</description>
    <styleUrl>#defaultStyle</styleUrl>
    <Point>
        <coordinates>-88.5103015683,36.6784968171,500.0</coordinates>
    </Point>
</Placemark>
<Placemark>
    <name>EV3116 MAYFIELD MURRAY 1501031163</name>
    <description>(731) 798-0089  01/28/11 11:48:00</description>
    <styleUrl>#defaultStyle</styleUrl>
    <Point>
        <coordinates>-88.50883526,36.6794499342,500.0</coordinates>
    </Point>
</Placemark>
<Placemark>
    <name>EV3116 MAYFIELD MURRAY 1501031163</name>
    <description>(731) 798-0089  01/28/11 11:48:00</description>
    <styleUrl>#defaultStyle</styleUrl>
    <Point>
        <coordinates>-88.5073284055,36.6803614051,500.0</coordinates>
    </Point>
</Placemark>
<Placemark>
    <name>EV3116 MAYFIELD MURRAY 1501031163</name>
    <description>(731) 798-0089  01/28/11 11:48:00</description>
    <styleUrl>#defaultStyle</styleUrl>
    <Point>
        <coordinates>-88.5057828406,36.6812301176,500.0</coordinates>
    </Point>
</Placemark>
<Placemark>
    <name>EV3116 MAYFIELD MURRAY 1501031163</name>
    <description>(731) 798-0089  01/28/11 11:48:00</description>
    <styleUrl>#defaultStyle</styleUrl>
    <Point>
        <coordinates>-88.5042004484,36.6820550119,500.0</coordinates>
    </Point>
</Placemark>
<Placemark>
    <name>CR1257 PARSONS 1600812571</name>
    <description>(731) 798-0089  04/17/11 17:37:00</description>
    <styleUrl>#defaultStyle</styleUrl>
    <Point>
        <coordinates>-89.8927777778,35.1083333333,0.0</coordinates>
    </Point>
</Placemark>
<Placemark>
    <name>CR1012 BEMIS 1690210127</name>
    <description>(731) 549-0599  03/21/11 15:46:00</description>
    <styleUrl>#defaultStyle</styleUrl>
    <Point>
        <coordinates>-88.8116666667,35.6180555556,500.0</coordinates>
    </Point>
</Placemark>
<Placemark>
    <name>CR1012 BEMIS 1690210127</name>
    <description>(731) 549-0599  03/21/11 15:46:00</description>
    <styleUrl>#defaultStyle</styleUrl>
    <Point>
        <coordinates>-88.8578710772,35.5963612561,500.0</coordinates>
    </Point>
</Placemark>
<Placemark>
    <name>CR1012 BEMIS 1690210127</name>
    <description>(731) 549-0599  03/21/11 15:46:00</description>
    <styleUrl>#defaultStyle</styleUrl>
    <Point>
        <coordinates>-88.8587739138,35.5976849558,500.0</coordinates>
    </Point>
</Placemark>
<Placemark>
    <name>CR1012 BEMIS 1690210127</name>
    <description>(731) 549-0599  03/21/11 15:46:00</description>
    <styleUrl>#defaultStyle</styleUrl>
    <Point>
        <coordinates>-88.8596193575,35.5990334788,500.0</coordinates>
    </Point>
</Placemark>
<Placemark>
    <name>CR1012 BEMIS 1690210127</name>
    <description>(731) 549-0599  03/21/11 15:46:00</description>
    <styleUrl>#defaultStyle</styleUrl>
    <Point>
        <coordinates>-88.8604063782,35.6004051832,500.0</coordinates>
    </Point>
</Placemark>
<Placemark>
    <name>CR1012 BEMIS 1690210127</name>
    <description>(731) 549-0599  03/21/11 15:46:00</description>
    <styleUrl>#defaultStyle</styleUrl>
    <Point>
        <coordinates>-88.8611340171,35.6017983992,500.0</coordinates>
    </Point>
</Placemark>
<Placemark>
    <name>CR1012 BEMIS 1690210127</name>
    <description>(731) 549-0599  03/21/11 15:46:00</description>
    <styleUrl>#defaultStyle</styleUrl>
    <Point>
        <coordinates>-88.8618013876,35.6032114302,500.0</coordinates>
    </Point>
</Placemark>
<Placemark>
    <name>CR1012 BEMIS 1690210127</name>
    <description>(731) 549-0599  03/21/11 15:46:00</description>
    <styleUrl>#defaultStyle</styleUrl>
    <Point>
        <coordinates>-88.8624076768,35.6046425557,500.0</coordinates>
    </Point>
</Placemark>
<Placemark>
    <name>CR1012 BEMIS 1690210127</name>
    <description>(731) 549-0599  03/21/11 15:46:00</description>
    <styleUrl>#defaultStyle</styleUrl>
    <Point>
        <coordinates>-88.8629521458,35.6060900332,500.0</coordinates>
    </Point>
</Placemark>
<Placemark>
    <name>CR1012 BEMIS 1690210127</name>
    <description>(731) 549-0599  03/21/11 15:46:00</description>
    <styleUrl>#defaultStyle</styleUrl>
    <Point>
        <coordinates>-88.8634341315,35.6075520998,500.0</coordinates>
    </Point>
</Placemark>
<Placemark>
    <name>CR1012 BEMIS 1690210127</name>
    <description>(731) 549-0599  03/21/11 15:46:00</description>
    <styleUrl>#defaultStyle</styleUrl>
    <Point>
        <coordinates>-88.8638530464,35.609026975,500.0</coordinates>
    </Point>
</Placemark>
<Placemark>
    <name>CR1012 BEMIS 1690210127</name>
    <description>(731) 549-0599  03/21/11 15:46:00</description>
    <styleUrl>#defaultStyle</styleUrl>
    <Point>
        <coordinates>-88.8642083804,35.6105128626,500.0</coordinates>
    </Point>
</Placemark>
<Placemark>
    <name>CR1012 BEMIS 1690210127</name>
    <description>(731) 549-0599  03/21/11 15:46:00</description>
    <styleUrl>#defaultStyle</styleUrl>
    <Point>
        <coordinates>-88.8644997004,35.6120079529,500.0</coordinates>
    </Point>
</Placemark>
<Placemark>
    <name>CR1012 BEMIS 1690210127</name>
    <description>(731) 549-0599  03/21/11 15:46:00</description>
    <styleUrl>#defaultStyle</styleUrl>
    <Point>
        <coordinates>-88.8647266515,35.6135104247,500.0</coordinates>
    </Point>
</Placemark>
<Placemark>
    <name>CR1012 BEMIS 1690210127</name>
    <description>(731) 549-0599  03/21/11 15:46:00</description>
    <styleUrl>#defaultStyle</styleUrl>
    <Point>
        <coordinates>-88.8648889572,35.6150184479,500.0</coordinates>
    </Point>
</Placemark>
<Placemark>
    <name>CR1012 BEMIS 1690210127</name>
    <description>(731) 549-0599  03/21/11 15:46:00</description>
    <styleUrl>#defaultStyle</styleUrl>
    <Point>
        <coordinates>-88.8649864198,35.6165301854,500.0</coordinates>
    </Point>
</Placemark>
<Placemark>
    <name>CR1012 BEMIS 1690210127</name>
    <description>(731) 549-0599  03/21/11 15:46:00</description>
    <styleUrl>#defaultStyle</styleUrl>
    <Point>
        <coordinates>-88.8650189205,35.6180437956,500.0</coordinates>
    </Point>
</Placemark>
<Placemark>
    <name>CR1012 BEMIS 1690210127</name>
    <description>(731) 549-0599  03/21/11 15:46:00</description>
    <styleUrl>#defaultStyle</styleUrl>
    <Point>
        <coordinates>-88.8649864198,35.6195574345,500.0</coordinates>
    </Point>
</Placemark>
<Placemark>
    <name>CR1012 BEMIS 1690210127</name>
    <description>(731) 549-0599  03/21/11 15:46:00</description>
    <styleUrl>#defaultStyle</styleUrl>
    <Point>
        <coordinates>-88.8648889572,35.6210692578,500.0</coordinates>
    </Point>
</Placemark>
<Placemark>
    <name>CR1012 BEMIS 1690210127</name>
    <description>(731) 549-0599  03/21/11 15:46:00</description>
    <styleUrl>#defaultStyle</styleUrl>
    <Point>
        <coordinates>-88.8647266515,35.6225774235,500.0</coordinates>
    </Point>
</Placemark>
<Placemark>
    <name>CR1012 BEMIS 1690210127</name>
    <description>(731) 549-0599  03/21/11 15:46:00</description>
    <styleUrl>#defaultStyle</styleUrl>
    <Point>
        <coordinates>-88.8644997004,35.6240800939,500.0</coordinates>
    </Point>
</Placemark>
<Placemark>
    <name>CR1012 BEMIS 1690210127</name>
    <description>(731) 549-0599  03/21/11 15:46:00</description>
    <styleUrl>#defaultStyle</styleUrl>
    <Point>
        <coordinates>-88.8642083804,35.6255754378,500.0</coordinates>
    </Point>
</Placemark>
<Placemark>
    <name>CR1012 BEMIS 1690210127</name>
    <description>(731) 549-0599  03/21/11 15:46:00</description>
    <styleUrl>#defaultStyle</styleUrl>
    <Point>
        <coordinates>-88.8638530464,35.6270616329,500.0</coordinates>
    </Point>
</Placemark>
<Placemark>
    <name>CR1012 BEMIS 1690210127</name>
    <description>(731) 549-0599  03/21/11 15:46:00</description>
    <styleUrl>#defaultStyle</styleUrl>
    <Point>
        <coordinates>-88.8634341315,35.628536868,500.0</coordinates>
    </Point>
</Placemark>
<Placemark>
    <name>CR1012 BEMIS 1690210127</name>
    <description>(731) 549-0599  03/21/11 15:46:00</description>
    <styleUrl>#defaultStyle</styleUrl>
    <Point>
        <coordinates>-88.8629521458,35.629999345,500.0</coordinates>
    </Point>
</Placemark>
<Placemark>
    <name>CR1012 BEMIS 1690210127</name>
    <description>(731) 549-0599  03/21/11 15:46:00</description>
    <styleUrl>#defaultStyle</styleUrl>
    <Point>
        <coordinates>-88.8624076768,35.6314472815,500.0</coordinates>
    </Point>
</Placemark>
<Placemark>
    <name>CR1012 BEMIS 1690210127</name>
    <description>(731) 549-0599  03/21/11 15:46:00</description>
    <styleUrl>#defaultStyle</styleUrl>
    <Point>
        <coordinates>-88.8618013876,35.6328789124,500.0</coordinates>
    </Point>
</Placemark>
<Placemark>
    <name>CR1012 BEMIS 1690210127</name>
    <description>(731) 549-0599  03/21/11 15:46:00</description>
    <styleUrl>#defaultStyle</styleUrl>
    <Point>
        <coordinates>-88.8611340171,35.6342924926,500.0</coordinates>
    </Point>
</Placemark>
<Placemark>
    <name>CR1012 BEMIS 1690210127</name>
    <description>(731) 549-0599  03/21/11 15:46:00</description>
    <styleUrl>#defaultStyle</styleUrl>
    <Point>
        <coordinates>-88.8604063782,35.635686299,500.0</coordinates>
    </Point>
</Placemark>
<Placemark>
    <name>CR1012 BEMIS 1690210127</name>
    <description>(731) 549-0599  03/21/11 15:46:00</description>
    <styleUrl>#defaultStyle</styleUrl>
    <Point>
        <coordinates>-88.8596193575,35.6370586322,500.0</coordinates>
    </Point>
</Placemark>
<Placemark>
    <name>CR1012 BEMIS 1690210127</name>
    <description>(731) 549-0599  03/21/11 15:46:00</description>
    <styleUrl>#defaultStyle</styleUrl>
    <Point>
        <coordinates>-88.8587739138,35.6384078193,500.0</coordinates>
    </Point>
</Placemark>
<Placemark>
    <name>CR1012 BEMIS 1690210127</name>
    <description>(731) 549-0599  03/21/11 15:46:00</description>
    <styleUrl>#defaultStyle</styleUrl>
    <Point>
        <coordinates>-88.8578710772,35.6397322151,500.0</coordinates>
    </Point>
</Placemark>
<Placemark>
    <name>CR1012 BEMIS 1690210127</name>
    <description>(731) 549-0599  03/21/11 15:46:00</description>
    <styleUrl>#defaultStyle</styleUrl>
    <Point>
        <coordinates>-88.8569119477,35.6410302048,500.0</coordinates>
    </Point>
</Placemark>
<Placemark>
    <name>CR1012 BEMIS 1690210127</name>
    <description>(731) 549-0599  03/21/11 15:46:00</description>
    <styleUrl>#defaultStyle</styleUrl>
    <Point>
        <coordinates>-88.8558976937,35.6423002057,500.0</coordinates>
    </Point>
</Placemark>
<Placemark>
    <name>CR1012 BEMIS 1690210127</name>
    <description>(731) 549-0599  03/21/11 15:46:00</description>
    <styleUrl>#defaultStyle</styleUrl>
    <Point>
        <coordinates>-88.854829551,35.6435406692,500.0</coordinates>
    </Point>
</Placemark>
<Placemark>
    <name>CR1012 BEMIS 1690210127</name>
    <description>(731) 549-0599  03/21/11 15:46:00</description>
    <styleUrl>#defaultStyle</styleUrl>
    <Point>
        <coordinates>-88.853708821,35.6447500825,500.0</coordinates>
    </Point>
</Placemark>
<Placemark>
    <name>CR1012 BEMIS 1690210127</name>
    <description>(731) 549-0599  03/21/11 15:46:00</description>
    <styleUrl>#defaultStyle</styleUrl>
    <Point>
        <coordinates>-88.8525368691,35.6459269706,500.0</coordinates>
    </Point>
</Placemark>
<Placemark>
    <name>CR1012 BEMIS 1690210127</name>
    <description>(731) 549-0599  03/21/11 15:46:00</description>
    <styleUrl>#defaultStyle</styleUrl>
    <Point>
        <coordinates>-88.8513151232,35.6470698984,500.0</coordinates>
    </Point>
</Placemark>
<Placemark>
    <name>CR1012 BEMIS 1690210127</name>
    <description>(731) 549-0599  03/21/11 15:46:00</description>
    <styleUrl>#defaultStyle</styleUrl>
    <Point>
        <coordinates>-88.8500450717,35.6481774717,500.0</coordinates>
    </Point>
</Placemark>
<Placemark>
    <name>CR1012 BEMIS 1690210127</name>
    <description>(731) 549-0599  03/21/11 15:46:00</description>
    <styleUrl>#defaultStyle</styleUrl>
    <Point>
        <coordinates>-88.8487282619,35.6492483397,500.0</coordinates>
    </Point>
</Placemark>
<Placemark>
    <name>CR1012 BEMIS 1690210127</name>
    <description>(731) 549-0599  03/21/11 15:46:00</description>
    <styleUrl>#defaultStyle</styleUrl>
    <Point>
        <coordinates>-88.8473662983,35.6502811963,500.0</coordinates>
    </Point>
</Placemark>
<Placemark>
    <name>CR1012 BEMIS 1690210127</name>
    <description>(731) 549-0599  03/21/11 15:46:00</description>
    <styleUrl>#defaultStyle</styleUrl>
    <Point>
        <coordinates>-88.8459608402,35.6512747814,500.0</coordinates>
    </Point>
</Placemark>
<Placemark>
    <name>CR1012 BEMIS 1690210127</name>
    <description>(731) 549-0599  03/21/11 15:46:00</description>
    <styleUrl>#defaultStyle</styleUrl>
    <Point>
        <coordinates>-88.8445135999,35.6522278832,500.0</coordinates>
    </Point>
</Placemark>
<Placemark>
    <name>CR1012 BEMIS 1690210127</name>
    <description>(731) 549-0599  03/21/11 15:46:00</description>
    <styleUrl>#defaultStyle</styleUrl>
    <Point>
        <coordinates>-88.8430263406,35.6531393389,500.0</coordinates>
    </Point>
</Placemark>
<Placemark>
    <name>CR1012 BEMIS 1690210127</name>
    <description>(731) 549-0599  03/21/11 15:46:00</description>
    <styleUrl>#defaultStyle</styleUrl>
    <Point>
        <coordinates>-88.8415008743,35.6540080366,500.0</coordinates>
    </Point>
</Placemark>
<Placemark>
    <name>CR1012 BEMIS 1690210127</name>
    <description>(731) 549-0599  03/21/11 15:46:00</description>
    <styleUrl>#defaultStyle</styleUrl>
    <Point>
        <coordinates>-88.8399390597,35.6548329165,500.0</coordinates>
    </Point>
</Placemark>
<Placemark>
    <name>CR1012 BEMIS 1690210127</name>
    <description>(731) 549-0599  03/21/11 15:46:00</description>
    <styleUrl>#defaultStyle</styleUrl>
    <Point>
        <coordinates>-88.8383427994,35.6556129723,500.0</coordinates>
    </Point>
</Placemark>
<Placemark>
    <name>CR1012 BEMIS 1690210127</name>
    <description>(731) 549-0599  03/21/11 15:46:00</description>
    <styleUrl>#defaultStyle</styleUrl>
    <Point>
        <coordinates>-88.8367140383,35.6563472523,500.0</coordinates>
    </Point>
</Placemark>
<Placemark>
    <name>CR1012 BEMIS 1690210127</name>
    <description>(731) 549-0599  03/21/11 15:46:00</description>
    <styleUrl>#defaultStyle</styleUrl>
    <Point>
        <coordinates>-88.8350547608,35.6570348606,500.0</coordinates>
    </Point>
</Placemark>
<Placemark>
    <name>CR1012 BEMIS 1690210127</name>
    <description>(731) 549-0599  03/21/11 15:46:00</description>
    <styleUrl>#defaultStyle</styleUrl>
    <Point>
        <coordinates>-88.8333669885,35.6576749582,500.0</coordinates>
    </Point>
</Placemark>
<Placemark>
    <name>CR1012 BEMIS 1690210127</name>
    <description>(731) 549-0599  03/21/11 15:46:00</description>
    <styleUrl>#defaultStyle</styleUrl>
    <Point>
        <coordinates>-88.8316527777,35.6582667641,500.0</coordinates>
    </Point>
</Placemark>
<Placemark>
    <name>CR1012 BEMIS 1690210127</name>
    <description>(731) 549-0599  03/21/11 15:46:00</description>
    <styleUrl>#defaultStyle</styleUrl>
    <Point>
        <coordinates>-88.8299142168,35.6588095562,500.0</coordinates>
    </Point>
</Placemark>
<Placemark>
    <name>CR1012 BEMIS 1690210127</name>
    <description>(731) 549-0599  03/21/11 15:46:00</description>
    <styleUrl>#defaultStyle</styleUrl>
    <Point>
        <coordinates>-88.8281534241,35.6593026722,500.0</coordinates>
    </Point>
</Placemark>
<Placemark>
    <name>CR1012 BEMIS 1690210127</name>
    <description>(731) 549-0599  03/21/11 15:46:00</description>
    <styleUrl>#defaultStyle</styleUrl>
    <Point>
        <coordinates>-88.8263725448,35.6597455104,500.0</coordinates>
    </Point>
</Placemark>
<Placemark>
    <name>CR1012 BEMIS 1690210127</name>
    <description>(731) 549-0599  03/21/11 15:46:00</description>
    <styleUrl>#defaultStyle</styleUrl>
    <Point>
        <coordinates>-88.8245737486,35.6601375304,500.0</coordinates>
    </Point>
</Placemark>
<Placemark>
    <name>CR1012 BEMIS 1690210127</name>
    <description>(731) 549-0599  03/21/11 15:46:00</description>
    <styleUrl>#defaultStyle</styleUrl>
    <Point>
        <coordinates>-88.822759227,35.6604782539,500.0</coordinates>
    </Point>
</Placemark>
<Placemark>
    <name>CR1012 BEMIS 1690210127</name>
    <description>(731) 549-0599  03/21/11 15:46:00</description>
    <styleUrl>#defaultStyle</styleUrl>
    <Point>
        <coordinates>-88.8209311909,35.660767265,500.0</coordinates>
    </Point>
</Placemark>
<Placemark>
    <name>CR1012 BEMIS 1690210127</name>
    <description>(731) 549-0599  03/21/11 15:46:00</description>
    <styleUrl>#defaultStyle</styleUrl>
    <Point>
        <coordinates>-88.8190918674,35.6610042111,500.0</coordinates>
    </Point>
</Placemark>
<Placemark>
    <name>CR1012 BEMIS 1690210127</name>
    <description>(731) 549-0599  03/21/11 15:46:00</description>
    <styleUrl>#defaultStyle</styleUrl>
    <Point>
        <coordinates>-88.8172434974,35.6611888031,500.0</coordinates>
    </Point>
</Placemark>
<Placemark>
    <name>CR1012 BEMIS 1690210127</name>
    <description>(731) 549-0599  03/21/11 15:46:00</description>
    <styleUrl>#defaultStyle</styleUrl>
    <Point>
        <coordinates>-88.8153883328,35.6613208156,500.0</coordinates>
    </Point>
</Placemark>
<Placemark>
    <name>CR1012 BEMIS 1690210127</name>
    <description>(731) 549-0599  03/21/11 15:46:00</description>
    <styleUrl>#defaultStyle</styleUrl>
    <Point>
        <coordinates>-88.813528634,35.6614000876,500.0</coordinates>
    </Point>
</Placemark>
<Placemark>
    <name>CR1012 BEMIS 1690210127</name>
    <description>(731) 549-0599  03/21/11 15:46:00</description>
    <styleUrl>#defaultStyle</styleUrl>
    <Point>
        <coordinates>-88.8116666667,35.6614265224,500.0</coordinates>
    </Point>
</Placemark>
<Placemark>
    <name>ST CLOUD 2727120073</name>
    <description>(731) 439-5644  01/20/11 20:24:00</description>
    <styleUrl>#defaultStyle</styleUrl>
    <Point>
        <coordinates>-81.2622222222,28.2083709668,500.0</coordinates>
    </Point>
</Placemark>
<Placemark>
    <name>ST CLOUD 2727120073</name>
    <description>(731) 439-5644  01/20/11 20:24:00</description>
    <styleUrl>#defaultStyle</styleUrl>
    <Point>
        <coordinates>-81.2605052994,28.2083445357,500.0</coordinates>
    </Point>
</Placemark>
<Placemark>
    <name>ST CLOUD 2727120073</name>
    <description>(731) 439-5644  01/20/11 20:24:00</description>
    <styleUrl>#defaultStyle</styleUrl>
    <Point>
        <coordinates>-81.2587904684,28.2082652745,500.0</coordinates>
    </Point>
</Placemark>
<Placemark>
    <name>ST CLOUD 2727120073</name>
    <description>(731) 439-5644  01/20/11 20:24:00</description>
    <styleUrl>#defaultStyle</styleUrl>
    <Point>
        <coordinates>-81.2570798185,28.20813328,500.0</coordinates>
    </Point>
</Placemark>
<Placemark>
    <name>ST CLOUD 2727120073</name>
    <description>(731) 439-5644  01/20/11 20:24:00</description>
    <styleUrl>#defaultStyle</styleUrl>
    <Point>
        <coordinates>-81.2553754338,28.2079487132,500.0</coordinates>
    </Point>
</Placemark>
<Placemark>
    <name>ST CLOUD 2727120073</name>
    <description>(731) 439-5644  01/20/11 20:24:00</description>
    <styleUrl>#defaultStyle</styleUrl>
    <Point>
        <coordinates>-81.2536793909,28.2077117991,500.0</coordinates>
    </Point>
</Placemark>
<Placemark>
    <name>ST CLOUD 2727120073</name>
    <description>(731) 439-5644  01/20/11 20:24:00</description>
    <styleUrl>#defaultStyle</styleUrl>
    <Point>
        <coordinates>-81.2519937561,28.2074228269,500.0</coordinates>
    </Point>
</Placemark>
<Placemark>
    <name>ST CLOUD 2727120073</name>
    <description>(731) 439-5644  01/20/11 20:24:00</description>
    <styleUrl>#defaultStyle</styleUrl>
    <Point>
        <coordinates>-81.2503205832,28.2070821489,500.0</coordinates>
    </Point>
</Placemark>
<Placemark>
    <name>ST CLOUD 2727120073</name>
    <description>(731) 439-5644  01/20/11 20:24:00</description>
    <styleUrl>#defaultStyle</styleUrl>
    <Point>
        <coordinates>-81.2486619105,28.2066901808,500.0</coordinates>
    </Point>
</Placemark>
<Placemark>
    <name>ST CLOUD 2727120073</name>
    <description>(731) 439-5644  01/20/11 20:24:00</description>
    <styleUrl>#defaultStyle</styleUrl>
    <Point>
        <coordinates>-81.2470197591,28.2062474006,500.0</coordinates>
    </Point>
</Placemark>
<Placemark>
    <name>ST CLOUD 2727120073</name>
    <description>(731) 439-5644  01/20/11 20:24:00</description>
    <styleUrl>#defaultStyle</styleUrl>
    <Point>
        <coordinates>-81.2453961295,28.2057543485,500.0</coordinates>
    </Point>
</Placemark>
<Placemark>
    <name>ST CLOUD 2727120073</name>
    <description>(731) 439-5644  01/20/11 20:24:00</description>
    <styleUrl>#defaultStyle</styleUrl>
    <Point>
        <coordinates>-81.243793,28.2052116258,500.0</coordinates>
    </Point>
</Placemark>
<Placemark>
    <name>ST CLOUD 2727120073</name>
    <description>(731) 439-5644  01/20/11 20:24:00</description>
    <styleUrl>#defaultStyle</styleUrl>
    <Point>
        <coordinates>-81.2422123237,28.2046198946,500.0</coordinates>
    </Point>
</Placemark>
<Placemark>
    <name>ST CLOUD 2727120073</name>
    <description>(731) 439-5644  01/20/11 20:24:00</description>
    <styleUrl>#defaultStyle</styleUrl>
    <Point>
        <coordinates>-81.2406560263,28.2039798765,500.0</coordinates>
    </Point>
</Placemark>
<Placemark>
    <name>ST CLOUD 2727120073</name>
    <description>(731) 439-5644  01/20/11 20:24:00</description>
    <styleUrl>#defaultStyle</styleUrl>
    <Point>
        <coordinates>-81.2391260041,28.2032923521,500.0</coordinates>
    </Point>
</Placemark>
<Placemark>
    <name>ST CLOUD 2727120073</name>
    <description>(731) 439-5644  01/20/11 20:24:00</description>
    <styleUrl>#defaultStyle</styleUrl>
    <Point>
        <coordinates>-81.2376241211,28.2025581602,500.0</coordinates>
    </Point>
</Placemark>
<Placemark>
    <name>ST CLOUD 2727120073</name>
    <description>(731) 439-5644  01/20/11 20:24:00</description>
    <styleUrl>#defaultStyle</styleUrl>
    <Point>
        <coordinates>-81.2361522071,28.201778196,500.0</coordinates>
    </Point>
</Placemark>
<Placemark>
    <name>ST CLOUD 2727120073</name>
    <description>(731) 439-5644  01/20/11 20:24:00</description>
    <styleUrl>#defaultStyle</styleUrl>
    <Point>
        <coordinates>-81.2347120555,28.2009534108,500.0</coordinates>
    </Point>
</Placemark>
<Placemark>
    <name>ST CLOUD 2727120073</name>
    <description>(731) 439-5644  01/20/11 20:24:00</description>
    <styleUrl>#defaultStyle</styleUrl>
    <Point>
        <coordinates>-81.2333054208,28.2000848106,500.0</coordinates>
    </Point>
</Placemark>
<Placemark>
    <name>ST CLOUD 2727120073</name>
    <description>(731) 439-5644  01/20/11 20:24:00</description>
    <styleUrl>#defaultStyle</styleUrl>
    <Point>
        <coordinates>-81.2319340167,28.1991734546,500.0</coordinates>
    </Point>
</Placemark>
<Placemark>
    <name>ST CLOUD 2727120073</name>
    <description>(731) 439-5644  01/20/11 20:24:00</description>
    <styleUrl>#defaultStyle</styleUrl>
    <Point>
        <coordinates>-81.2305995143,28.1982204543,500.0</coordinates>
    </Point>
</Placemark>
<Placemark>
    <name>ST CLOUD 2727120073</name>
    <description>(731) 439-5644  01/20/11 20:24:00</description>
    <styleUrl>#defaultStyle</styleUrl>
    <Point>
        <coordinates>-81.2293035392,28.1972269719,500.0</coordinates>
    </Point>
</Placemark>
<Placemark>
    <name>ST CLOUD 2727120073</name>
    <description>(731) 439-5644  01/20/11 20:24:00</description>
    <styleUrl>#defaultStyle</styleUrl>
    <Point>
        <coordinates>-81.2280476705,28.1961942189,500.0</coordinates>
    </Point>
</Placemark>
<Placemark>
    <name>ST CLOUD 2727120073</name>
    <description>(731) 439-5644  01/20/11 20:24:00</description>
    <styleUrl>#defaultStyle</styleUrl>
    <Point>
        <coordinates>-81.2268334383,28.1951234546,500.0</coordinates>
    </Point>
</Placemark>
<Placemark>
    <name>ST CLOUD 2727120073</name>
    <description>(731) 439-5644  01/20/11 20:24:00</description>
    <styleUrl>#defaultStyle</styleUrl>
    <Point>
        <coordinates>-81.2256623218,28.1940159847,500.0</coordinates>
    </Point>
</Placemark>
<Placemark>
    <name>ST CLOUD 2727120073</name>
    <description>(731) 439-5644  01/20/11 20:24:00</description>
    <styleUrl>#defaultStyle</styleUrl>
    <Point>
        <coordinates>-81.224535748,28.1928731597,500.0</coordinates>
    </Point>
</Placemark>
<Placemark>
    <name>ST CLOUD 2727120073</name>
    <description>(731) 439-5644  01/20/11 20:24:00</description>
    <styleUrl>#defaultStyle</styleUrl>
    <Point>
        <coordinates>-81.2234550894,28.1916963729,500.0</coordinates>
    </Point>
</Placemark>
<Placemark>
    <name>ST CLOUD 2727120073</name>
    <description>(731) 439-5644  01/20/11 20:24:00</description>
    <styleUrl>#defaultStyle</styleUrl>
    <Point>
        <coordinates>-81.2224216625,28.1904870593,500.0</coordinates>
    </Point>
</Placemark>
<Placemark>
    <name>ST CLOUD 2727120073</name>
    <description>(731) 439-5644  01/20/11 20:24:00</description>
    <styleUrl>#defaultStyle</styleUrl>
    <Point>
        <coordinates>-81.2214367265,28.1892466933,500.0</coordinates>
    </Point>
</Placemark>
<Placemark>
    <name>ST CLOUD 2727120073</name>
    <description>(731) 439-5644  01/20/11 20:24:00</description>
    <styleUrl>#defaultStyle</styleUrl>
    <Point>
        <coordinates>-81.2205014814,28.1879767871,500.0</coordinates>
    </Point>
</Placemark>
<Placemark>
    <name>ST CLOUD 2727120073</name>
    <description>(731) 439-5644  01/20/11 20:24:00</description>
    <styleUrl>#defaultStyle</styleUrl>
    <Point>
        <coordinates>-81.2196170666,28.1866788889,500.0</coordinates>
    </Point>
</Placemark>
<Placemark>
    <name>ST CLOUD 2727120073</name>
    <description>(731) 439-5644  01/20/11 20:24:00</description>
    <styleUrl>#defaultStyle</styleUrl>
    <Point>
        <coordinates>-81.2187845595,28.185354581,500.0</coordinates>
    </Point>
</Placemark>
<Placemark>
    <name>ST CLOUD 2727120073</name>
    <description>(731) 439-5644  01/20/11 20:24:00</description>
    <styleUrl>#defaultStyle</styleUrl>
    <Point>
        <coordinates>-81.2180049746,28.1840054778,500.0</coordinates>
    </Point>
</Placemark>
<Placemark>
    <name>ST CLOUD 2727120073</name>
    <description>(731) 439-5644  01/20/11 20:24:00</description>
    <styleUrl>#defaultStyle</styleUrl>
    <Point>
        <coordinates>-81.2172792616,28.182633224,500.0</coordinates>
    </Point>
</Placemark>
<Placemark>
    <name>ST CLOUD 2727120073</name>
    <description>(731) 439-5644  01/20/11 20:24:00</description>
    <styleUrl>#defaultStyle</styleUrl>
    <Point>
        <coordinates>-81.2166083046,28.1812394921,500.0</coordinates>
    </Point>
</Placemark>
<Placemark>
    <name>ST CLOUD 2727120073</name>
    <description>(731) 439-5644  01/20/11 20:24:00</description>
    <styleUrl>#defaultStyle</styleUrl>
    <Point>
        <coordinates>-81.2159929212,28.1798259812,500.0</coordinates>
    </Point>
</Placemark>
<Placemark>
    <name>ST CLOUD 2727120073</name>
    <description>(731) 439-5644  01/20/11 20:24:00</description>
    <styleUrl>#defaultStyle</styleUrl>
    <Point>
        <coordinates>-81.215433861,28.1783944141,500.0</coordinates>
    </Point>
</Placemark>
<Placemark>
    <name>ST CLOUD 2727120073</name>
    <description>(731) 439-5644  01/20/11 20:24:00</description>
    <styleUrl>#defaultStyle</styleUrl>
    <Point>
        <coordinates>-81.2149318053,28.1769465356,500.0</coordinates>
    </Point>
</Placemark>
<Placemark>
    <name>ST CLOUD 2727120073</name>
    <description>(731) 439-5644  01/20/11 20:24:00</description>
    <styleUrl>#defaultStyle</styleUrl>
    <Point>
        <coordinates>-81.2144873656,28.1754841103,500.0</coordinates>
    </Point>
</Placemark>
<Placemark>
    <name>ST CLOUD 2727120073</name>
    <description>(731) 439-5644  01/20/11 20:24:00</description>
    <styleUrl>#defaultStyle</styleUrl>
    <Point>
        <coordinates>-81.2141010834,28.1740089206,500.0</coordinates>
    </Point>
</Placemark>
<Placemark>
    <name>ST CLOUD 2727120073</name>
    <description>(731) 439-5644  01/20/11 20:24:00</description>
    <styleUrl>#defaultStyle</styleUrl>
    <Point>
        <coordinates>-81.2137734294,28.1725227642,500.0</coordinates>
    </Point>
</Placemark>
<Placemark>
    <name>ST CLOUD 2727120073</name>
    <description>(731) 439-5644  01/20/11 20:24:00</description>
    <styleUrl>#defaultStyle</styleUrl>
    <Point>
        <coordinates>-81.2135048028,28.1710274523,500.0</coordinates>
    </Point>
</Placemark>
<Placemark>
    <name>ST CLOUD 2727120073</name>
    <description>(731) 439-5644  01/20/11 20:24:00</description>
    <styleUrl>#defaultStyle</styleUrl>
    <Point>
        <coordinates>-81.2132955308,28.1695248069,500.0</coordinates>
    </Point>
</Placemark>
<Placemark>
    <name>ST CLOUD 2727120073</name>
    <description>(731) 439-5644  01/20/11 20:24:00</description>
    <styleUrl>#defaultStyle</styleUrl>
    <Point>
        <coordinates>-81.2131458685,28.1680166591,500.0</coordinates>
    </Point>
</Placemark>
<Placemark>
    <name>ST CLOUD 2727120073</name>
    <description>(731) 439-5644  01/20/11 20:24:00</description>
    <styleUrl>#defaultStyle</styleUrl>
    <Point>
        <coordinates>-81.213055998,28.1665048465,500.0</coordinates>
    </Point>
</Placemark>
<Placemark>
    <name>ST CLOUD 2727120073</name>
    <description>(731) 439-5644  01/20/11 20:24:00</description>
    <styleUrl>#defaultStyle</styleUrl>
    <Point>
        <coordinates>-81.2130260291,28.1649912112,500.0</coordinates>
    </Point>
</Placemark>
<Placemark>
    <name>ST CLOUD 2727120073</name>
    <description>(731) 439-5644  01/20/11 20:24:00</description>
    <styleUrl>#defaultStyle</styleUrl>
    <Point>
        <coordinates>-81.213055998,28.1634775972,500.0</coordinates>
    </Point>
</Placemark>
<Placemark>
    <name>ST CLOUD 2727120073</name>
    <description>(731) 439-5644  01/20/11 20:24:00</description>
    <styleUrl>#defaultStyle</styleUrl>
    <Point>
        <coordinates>-81.2131458685,28.1619658488,500.0</coordinates>
    </Point>
</Placemark>
<Placemark>
    <name>ST CLOUD 2727120073</name>
    <description>(731) 439-5644  01/20/11 20:24:00</description>
    <styleUrl>#defaultStyle</styleUrl>
    <Point>
        <coordinates>-81.2132955308,28.1604578075,500.0</coordinates>
    </Point>
</Placemark>
<Placemark>
    <name>ST CLOUD 2727120073</name>
    <description>(731) 439-5644  01/20/11 20:24:00</description>
    <styleUrl>#defaultStyle</styleUrl>
    <Point>
        <coordinates>-81.2135048028,28.1589553105,500.0</coordinates>
    </Point>
</Placemark>
<Placemark>
    <name>ST CLOUD 2727120073</name>
    <description>(731) 439-5644  01/20/11 20:24:00</description>
    <styleUrl>#defaultStyle</styleUrl>
    <Point>
        <coordinates>-81.2137734294,28.1574601881,500.0</coordinates>
    </Point>
</Placemark>
<Placemark>
    <name>ST CLOUD 2727120073</name>
    <description>(731) 439-5644  01/20/11 20:24:00</description>
    <styleUrl>#defaultStyle</styleUrl>
    <Point>
        <coordinates>-81.2141010834,28.1559742616,500.0</coordinates>
    </Point>
</Placemark>
<Placemark>
    <name>ST CLOUD 2727120073</name>
    <description>(731) 439-5644  01/20/11 20:24:00</description>
    <styleUrl>#defaultStyle</styleUrl>
    <Point>
        <coordinates>-81.2144873656,28.1544993408,500.0</coordinates>
    </Point>
</Placemark>
<Placemark>
    <name>ST CLOUD 2727120073</name>
    <description>(731) 439-5644  01/20/11 20:24:00</description>
    <styleUrl>#defaultStyle</styleUrl>
    <Point>
        <coordinates>-81.2149318053,28.1530372223,500.0</coordinates>
    </Point>
</Placemark>
<Placemark>
    <name>ST CLOUD 2727120073</name>
    <description>(731) 439-5644  01/20/11 20:24:00</description>
    <styleUrl>#defaultStyle</styleUrl>
    <Point>
        <coordinates>-81.215433861,28.1515896868,500.0</coordinates>
    </Point>
</Placemark>
<Placemark>
    <name>ST CLOUD 2727120073</name>
    <description>(731) 439-5644  01/20/11 20:24:00</description>
    <styleUrl>#defaultStyle</styleUrl>
    <Point>
        <coordinates>-81.2159929212,28.1501584973,500.0</coordinates>
    </Point>
</Placemark>
<Placemark>
    <name>ST CLOUD 2727120073</name>
    <description>(731) 439-5644  01/20/11 20:24:00</description>
    <styleUrl>#defaultStyle</styleUrl>
    <Point>
        <coordinates>-81.2166083046,28.1487453969,500.0</coordinates>
    </Point>
</Placemark>
<Placemark>
    <name>ST CLOUD 2727120073</name>
    <description>(731) 439-5644  01/20/11 20:24:00</description>
    <styleUrl>#defaultStyle</styleUrl>
    <Point>
        <coordinates>-81.2172792616,28.1473521063,500.0</coordinates>
    </Point>
</Placemark>
<Placemark>
    <name>ST CLOUD 2727120073</name>
    <description>(731) 439-5644  01/20/11 20:24:00</description>
    <styleUrl>#defaultStyle</styleUrl>
    <Point>
        <coordinates>-81.2180049746,28.1459803224,500.0</coordinates>
    </Point>
</Placemark>
<Placemark>
    <name>ST CLOUD 2727120073</name>
    <description>(731) 439-5644  01/20/11 20:24:00</description>
    <styleUrl>#defaultStyle</styleUrl>
    <Point>
        <coordinates>-81.2187845595,28.1446317155,500.0</coordinates>
    </Point>
</Placemark>
<Placemark>
    <name>ST CLOUD 2727120073</name>
    <description>(731) 439-5644  01/20/11 20:24:00</description>
    <styleUrl>#defaultStyle</styleUrl>
    <Point>
        <coordinates>-81.2196170666,28.1433079279,500.0</coordinates>
    </Point>
</Placemark>
<Placemark>
    <name>ST CLOUD 2727120073</name>
    <description>(731) 439-5644  01/20/11 20:24:00</description>
    <styleUrl>#defaultStyle</styleUrl>
    <Point>
        <coordinates>-81.2205014814,28.1420105713,500.0</coordinates>
    </Point>
</Placemark>
<Placemark>
    <name>ST CLOUD 2727120073</name>
    <description>(731) 439-5644  01/20/11 20:24:00</description>
    <styleUrl>#defaultStyle</styleUrl>
    <Point>
        <coordinates>-81.2214367265,28.1407412255,500.0</coordinates>
    </Point>
</Placemark>
<Placemark>
    <name>ST CLOUD 2727120073</name>
    <description>(731) 439-5644  01/20/11 20:24:00</description>
    <styleUrl>#defaultStyle</styleUrl>
    <Point>
        <coordinates>-81.2224216625,28.1395014359,500.0</coordinates>
    </Point>
</Placemark>
<Placemark>
    <name>ST CLOUD 2727120073</name>
    <description>(731) 439-5644  01/20/11 20:24:00</description>
    <styleUrl>#defaultStyle</styleUrl>
    <Point>
        <coordinates>-81.2234550894,28.138292712,500.0</coordinates>
    </Point>
</Placemark>
<Placemark>
    <name>ST CLOUD 2727120073</name>
    <description>(731) 439-5644  01/20/11 20:24:00</description>
    <styleUrl>#defaultStyle</styleUrl>
    <Point>
        <coordinates>-81.224535748,28.1371165253,500.0</coordinates>
    </Point>
</Placemark>
<Placemark>
    <name>ST CLOUD 2727120073</name>
    <description>(731) 439-5644  01/20/11 20:24:00</description>
    <styleUrl>#defaultStyle</styleUrl>
    <Point>
        <coordinates>-81.2256623218,28.1359743078,500.0</coordinates>
    </Point>
</Placemark>
<Placemark>
    <name>ST CLOUD 2727120073</name>
    <description>(731) 439-5644  01/20/11 20:24:00</description>
    <styleUrl>#defaultStyle</styleUrl>
    <Point>
        <coordinates>-81.2268334383,28.1348674499,500.0</coordinates>
    </Point>
</Placemark>
<Placemark>
    <name>ST CLOUD 2727120073</name>
    <description>(731) 439-5644  01/20/11 20:24:00</description>
    <styleUrl>#defaultStyle</styleUrl>
    <Point>
        <coordinates>-81.2280476705,28.133797299,500.0</coordinates>
    </Point>
</Placemark>
<Placemark>
    <name>ST CLOUD 2727120073</name>
    <description>(731) 439-5644  01/20/11 20:24:00</description>
    <styleUrl>#defaultStyle</styleUrl>
    <Point>
        <coordinates>-81.2293035392,28.1327651579,500.0</coordinates>
    </Point>
</Placemark>
<Placemark>
    <name>ST CLOUD 2727120073</name>
    <description>(731) 439-5644  01/20/11 20:24:00</description>
    <styleUrl>#defaultStyle</styleUrl>
    <Point>
        <coordinates>-81.2305995143,28.131772283,500.0</coordinates>
    </Point>
</Placemark>
<Placemark>
    <name>ST CLOUD 2727120073</name>
    <description>(731) 439-5644  01/20/11 20:24:00</description>
    <styleUrl>#defaultStyle</styleUrl>
    <Point>
        <coordinates>-81.2319340167,28.1308198828,500.0</coordinates>
    </Point>
</Placemark>
<Placemark>
    <name>ST CLOUD 2727120073</name>
    <description>(731) 439-5644  01/20/11 20:24:00</description>
    <styleUrl>#defaultStyle</styleUrl>
    <Point>
        <coordinates>-81.2333054208,28.1299091165,500.0</coordinates>
    </Point>
</Placemark>
<Placemark>
    <name>ST CLOUD 2727120073</name>
    <description>(731) 439-5644  01/20/11 20:24:00</description>
    <styleUrl>#defaultStyle</styleUrl>
    <Point>
        <coordinates>-81.2347120555,28.1290410927,500.0</coordinates>
    </Point>
</Placemark>
<Placemark>
    <name>ST CLOUD 2727120073</name>
    <description>(731) 439-5644  01/20/11 20:24:00</description>
    <styleUrl>#defaultStyle</styleUrl>
    <Point>
        <coordinates>-81.2361522071,28.128216868,500.0</coordinates>
    </Point>
</Placemark>
<Placemark>
    <name>ST CLOUD 2727120073</name>
    <description>(731) 439-5644  01/20/11 20:24:00</description>
    <styleUrl>#defaultStyle</styleUrl>
    <Point>
        <coordinates>-81.2376241211,28.1274374454,500.0</coordinates>
    </Point>
</Placemark>
<Placemark>
    <name>ST CLOUD 2727120073</name>
    <description>(731) 439-5644  01/20/11 20:24:00</description>
    <styleUrl>#defaultStyle</styleUrl>
    <Point>
        <coordinates>-81.2391260041,28.1267037737,500.0</coordinates>
    </Point>
</Placemark>
<Placemark>
    <name>ST CLOUD 2727120073</name>
    <description>(731) 439-5644  01/20/11 20:24:00</description>
    <styleUrl>#defaultStyle</styleUrl>
    <Point>
        <coordinates>-81.2406560263,28.1260167456,500.0</coordinates>
    </Point>
</Placemark>
<Placemark>
    <name>ST CLOUD 2727120073</name>
    <description>(731) 439-5644  01/20/11 20:24:00</description>
    <styleUrl>#defaultStyle</styleUrl>
    <Point>
        <coordinates>-81.2422123237,28.1253771975,500.0</coordinates>
    </Point>
</Placemark>
<Placemark>
    <name>ST CLOUD 2727120073</name>
    <description>(731) 439-5644  01/20/11 20:24:00</description>
    <styleUrl>#defaultStyle</styleUrl>
    <Point>
        <coordinates>-81.243793,28.1247859075,500.0</coordinates>
    </Point>
</Placemark>
<Placemark>
    <name>ST CLOUD 2727120073</name>
    <description>(731) 439-5644  01/20/11 20:24:00</description>
    <styleUrl>#defaultStyle</styleUrl>
    <Point>
        <coordinates>-81.2453961295,28.1242435953,500.0</coordinates>
    </Point>
</Placemark>
<Placemark>
    <name>ST CLOUD 2727120073</name>
    <description>(731) 439-5644  01/20/11 20:24:00</description>
    <styleUrl>#defaultStyle</styleUrl>
    <Point>
        <coordinates>-81.2470197591,28.1237509208,500.0</coordinates>
    </Point>
</Placemark>
<Placemark>
    <name>ST CLOUD 2727120073</name>
    <description>(731) 439-5644  01/20/11 20:24:00</description>
    <styleUrl>#defaultStyle</styleUrl>
    <Point>
        <coordinates>-81.2486619105,28.1233084837,500.0</coordinates>
    </Point>
</Placemark>
<Placemark>
    <name>ST CLOUD 2727120073</name>
    <description>(731) 439-5644  01/20/11 20:24:00</description>
    <styleUrl>#defaultStyle</styleUrl>
    <Point>
        <coordinates>-81.2503205832,28.1229168223,500.0</coordinates>
    </Point>
</Placemark>
<Placemark>
    <name>ST CLOUD 2727120073</name>
    <description>(731) 439-5644  01/20/11 20:24:00</description>
    <styleUrl>#defaultStyle</styleUrl>
    <Point>
        <coordinates>-81.2519937561,28.1225764133,500.0</coordinates>
    </Point>
</Placemark>
<Placemark>
    <name>ST CLOUD 2727120073</name>
    <description>(731) 439-5644  01/20/11 20:24:00</description>
    <styleUrl>#defaultStyle</styleUrl>
    <Point>
        <coordinates>-81.2536793909,28.1222876709,500.0</coordinates>
    </Point>
</Placemark>
<Placemark>
    <name>ST CLOUD 2727120073</name>
    <description>(731) 439-5644  01/20/11 20:24:00</description>
    <styleUrl>#defaultStyle</styleUrl>
    <Point>
        <coordinates>-81.2553754338,28.1220509464,500.0</coordinates>
    </Point>
</Placemark>
<Placemark>
    <name>ST CLOUD 2727120073</name>
    <description>(731) 439-5644  01/20/11 20:24:00</description>
    <styleUrl>#defaultStyle</styleUrl>
    <Point>
        <coordinates>-81.2570798185,28.1218665279,500.0</coordinates>
    </Point>
</Placemark>
<Placemark>
    <name>ST CLOUD 2727120073</name>
    <description>(731) 439-5644  01/20/11 20:24:00</description>
    <styleUrl>#defaultStyle</styleUrl>
    <Point>
        <coordinates>-81.2587904684,28.12173464,500.0</coordinates>
    </Point>
</Placemark>
<Placemark>
    <name>ST CLOUD 2727120073</name>
    <description>(731) 439-5644  01/20/11 20:24:00</description>
    <styleUrl>#defaultStyle</styleUrl>
    <Point>
        <coordinates>-81.2605052994,28.1216554429,500.0</coordinates>
    </Point>
</Placemark>
<Placemark>
    <name>ST CLOUD 2727120073</name>
    <description>(731) 439-5644  01/20/11 20:24:00</description>
    <styleUrl>#defaultStyle</styleUrl>
    <Point>
        <coordinates>-81.2622222222,28.1216290332,500.0</coordinates>
    </Point>
</Placemark>
<Placemark>
    <name>ST CLOUD 2727120073</name>
    <description>(731) 439-5644  01/20/11 20:24:00</description>
    <styleUrl>#defaultStyle</styleUrl>
    <Point>
        <coordinates>-81.263939145,28.1216554429,500.0</coordinates>
    </Point>
</Placemark>
<Placemark>
    <name>ST CLOUD 2727120073</name>
    <description>(731) 439-5644  01/20/11 20:24:00</description>
    <styleUrl>#defaultStyle</styleUrl>
    <Point>
        <coordinates>-81.265653976,28.12173464,500.0</coordinates>
    </Point>
</Placemark>
<Placemark>
    <name>ST CLOUD 2727120073</name>
    <description>(731) 439-5644  01/20/11 20:24:00</description>
    <styleUrl>#defaultStyle</styleUrl>
    <Point>
        <coordinates>-81.2673646259,28.1218665279,500.0</coordinates>
    </Point>
</Placemark>
<Placemark>
    <name>ST CLOUD 2727120073</name>
    <description>(731) 439-5644  01/20/11 20:24:00</description>
    <styleUrl>#defaultStyle</styleUrl>
    <Point>
        <coordinates>-81.2690690106,28.1220509464,500.0</coordinates>
    </Point>
</Placemark>
<Placemark>
    <name>ST CLOUD 2727120073</name>
    <description>(731) 439-5644  01/20/11 20:24:00</description>
    <styleUrl>#defaultStyle</styleUrl>
    <Point>
        <coordinates>-81.2707650535,28.1222876709,500.0</coordinates>
    </Point>
</Placemark>
<Placemark>
    <name>ST CLOUD 2727120073</name>
    <description>(731) 439-5644  01/20/11 20:24:00</description>
    <styleUrl>#defaultStyle</styleUrl>
    <Point>
        <coordinates>-81.2724506883,28.1225764133,500.0</coordinates>
    </Point>
</Placemark>
<Placemark>
    <name>ST CLOUD 2727120073</name>
    <description>(731) 439-5644  01/20/11 20:24:00</description>
    <styleUrl>#defaultStyle</styleUrl>
    <Point>
        <coordinates>-81.2741238613,28.1229168223,500.0</coordinates>
    </Point>
</Placemark>
<Placemark>
    <name>ST CLOUD 2727120073</name>
    <description>(731) 439-5644  01/20/11 20:24:00</description>
    <styleUrl>#defaultStyle</styleUrl>
    <Point>
        <coordinates>-81.2757825339,28.1233084837,500.0</coordinates>
    </Point>
</Placemark>
<Placemark>
    <name>ST CLOUD 2727120073</name>
    <description>(731) 439-5644  01/20/11 20:24:00</description>
    <styleUrl>#defaultStyle</styleUrl>
    <Point>
        <coordinates>-81.2774246853,28.1237509208,500.0</coordinates>
    </Point>
</Placemark>
<Placemark>
    <name>ST CLOUD 2727120073</name>
    <description>(731) 439-5644  01/20/11 20:24:00</description>
    <styleUrl>#defaultStyle</styleUrl>
    <Point>
        <coordinates>-81.2790483149,28.1242435953,500.0</coordinates>
    </Point>
</Placemark>
<Placemark>
    <name>ST CLOUD 2727120073</name>
    <description>(731) 439-5644  01/20/11 20:24:00</description>
    <styleUrl>#defaultStyle</styleUrl>
    <Point>
        <coordinates>-81.2806514444,28.1247859075,500.0</coordinates>
    </Point>
</Placemark>
<Placemark>
    <name>ST CLOUD 2727120073</name>
    <description>(731) 439-5644  01/20/11 20:24:00</description>
    <styleUrl>#defaultStyle</styleUrl>
    <Point>
        <coordinates>-81.2822321208,28.1253771975,500.0</coordinates>
    </Point>
</Placemark>
<Placemark>
    <name>ST CLOUD 2727120073</name>
    <description>(731) 439-5644  01/20/11 20:24:00</description>
    <styleUrl>#defaultStyle</styleUrl>
    <Point>
        <coordinates>-81.2837884181,28.1260167456,500.0</coordinates>
    </Point>
</Placemark>
<Placemark>
    <name>ST CLOUD 2727120073</name>
    <description>(731) 439-5644  01/20/11 20:24:00</description>
    <styleUrl>#defaultStyle</styleUrl>
    <Point>
        <coordinates>-81.2853184403,28.1267037737,500.0</coordinates>
    </Point>
</Placemark>
<Placemark>
    <name>ST CLOUD 2727120073</name>
    <description>(731) 439-5644  01/20/11 20:24:00</description>
    <styleUrl>#defaultStyle</styleUrl>
    <Point>
        <coordinates>-81.2868203233,28.1274374454,500.0</coordinates>
    </Point>
</Placemark>
<Placemark>
    <name>ST CLOUD 2727120073</name>
    <description>(731) 439-5644  01/20/11 20:24:00</description>
    <styleUrl>#defaultStyle</styleUrl>
    <Point>
        <coordinates>-81.2882922373,28.128216868,500.0</coordinates>
    </Point>
</Placemark>
<Placemark>
    <name>ST CLOUD 2727120073</name>
    <description>(731) 439-5644  01/20/11 20:24:00</description>
    <styleUrl>#defaultStyle</styleUrl>
    <Point>
        <coordinates>-81.289732389,28.1290410927,500.0</coordinates>
    </Point>
</Placemark>
<Placemark>
    <name>ST CLOUD 2727120073</name>
    <description>(731) 439-5644  01/20/11 20:24:00</description>
    <styleUrl>#defaultStyle</styleUrl>
    <Point>
        <coordinates>-81.2911390237,28.1299091165,500.0</coordinates>
    </Point>
</Placemark>
<Placemark>
    <name>ST CLOUD 2727120073</name>
    <description>(731) 439-5644  01/20/11 20:24:00</description>
    <styleUrl>#defaultStyle</styleUrl>
    <Point>
        <coordinates>-81.2925104277,28.1308198828,500.0</coordinates>
    </Point>
</Placemark>
<Placemark>
    <name>ST CLOUD 2727120073</name>
    <description>(731) 439-5644  01/20/11 20:24:00</description>
    <styleUrl>#defaultStyle</styleUrl>
    <Point>
        <coordinates>-81.2938449302,28.131772283,500.0</coordinates>
    </Point>
</Placemark>
<Placemark>
    <name>ST CLOUD 2727120073</name>
    <description>(731) 439-5644  01/20/11 20:24:00</description>
    <styleUrl>#defaultStyle</styleUrl>
    <Point>
        <coordinates>-81.2951409053,28.1327651579,500.0</coordinates>
    </Point>
</Placemark>
<Placemark>
    <name>ST CLOUD 2727120073</name>
    <description>(731) 439-5644  01/20/11 20:24:00</description>
    <styleUrl>#defaultStyle</styleUrl>
    <Point>
        <coordinates>-81.2963967739,28.133797299,500.0</coordinates>
    </Point>
</Placemark>
<Placemark>
    <name>ST CLOUD 2727120073</name>
    <description>(731) 439-5644  01/20/11 20:24:00</description>
    <styleUrl>#defaultStyle</styleUrl>
    <Point>
        <coordinates>-81.2976110062,28.1348674499,500.0</coordinates>
    </Point>
</Placemark>
<Placemark>
    <name>ST CLOUD 2727120073</name>
    <description>(731) 439-5644  01/20/11 20:24:00</description>
    <styleUrl>#defaultStyle</styleUrl>
    <Point>
        <coordinates>-81.2987821226,28.1359743078,500.0</coordinates>
    </Point>
</Placemark>
<Placemark>
    <name>ST CLOUD 2727120073</name>
    <description>(731) 439-5644  01/20/11 20:24:00</description>
    <styleUrl>#defaultStyle</styleUrl>
    <Point>
        <coordinates>-81.2999086964,28.1371165253,500.0</coordinates>
    </Point>
</Placemark>
<Placemark>
    <name>ST CLOUD 2727120073</name>
    <description>(731) 439-5644  01/20/11 20:24:00</description>
    <styleUrl>#defaultStyle</styleUrl>
    <Point>
        <coordinates>-81.3009893551,28.138292712,500.0</coordinates>
    </Point>
</Placemark>
<Placemark>
    <name>ST CLOUD 2727120073</name>
    <description>(731) 439-5644  01/20/11 20:24:00</description>
    <styleUrl>#defaultStyle</styleUrl>
    <Point>
        <coordinates>-81.3020227819,28.1395014359,500.0</coordinates>
    </Point>
</Placemark>
<Placemark>
    <name>ST CLOUD 2727120073</name>
    <description>(731) 439-5644  01/20/11 20:24:00</description>
    <styleUrl>#defaultStyle</styleUrl>
    <Point>
        <coordinates>-81.3030077179,28.1407412255,500.0</coordinates>
    </Point>
</Placemark>
<Placemark>
    <name>ST CLOUD 2727120073</name>
    <description>(731) 439-5644  01/20/11 20:24:00</description>
    <styleUrl>#defaultStyle</styleUrl>
    <Point>
        <coordinates>-81.3039429631,28.1420105713,500.0</coordinates>
    </Point>
</Placemark>
<Placemark>
    <name>ST CLOUD 2727120073</name>
    <description>(731) 439-5644  01/20/11 20:24:00</description>
    <styleUrl>#defaultStyle</styleUrl>
    <Point>
        <coordinates>-81.3048273779,28.1433079279,500.0</coordinates>
    </Point>
</Placemark>
<Placemark>
    <name>ST CLOUD 2727120073</name>
    <description>(731) 439-5644  01/20/11 20:24:00</description>
    <styleUrl>#defaultStyle</styleUrl>
    <Point>
        <coordinates>-81.3056598849,28.1446317155,500.0</coordinates>
    </Point>
</Placemark>
<Placemark>
    <name>ST CLOUD 2727120073</name>
    <description>(731) 439-5644  01/20/11 20:24:00</description>
    <styleUrl>#defaultStyle</styleUrl>
    <Point>
        <coordinates>-81.3064394698,28.1459803224,500.0</coordinates>
    </Point>
</Placemark>
<Placemark>
    <name>ST CLOUD 2727120073</name>
    <description>(731) 439-5644  01/20/11 20:24:00</description>
    <styleUrl>#defaultStyle</styleUrl>
    <Point>
        <coordinates>-81.3071651829,28.1473521063,500.0</coordinates>
    </Point>
</Placemark>
<Placemark>
    <name>ST CLOUD 2727120073</name>
    <description>(731) 439-5644  01/20/11 20:24:00</description>
    <styleUrl>#defaultStyle</styleUrl>
    <Point>
        <coordinates>-81.3078361398,28.1487453969,500.0</coordinates>
    </Point>
</Placemark>
<Placemark>
    <name>ST CLOUD 2727120073</name>
    <description>(731) 439-5644  01/20/11 20:24:00</description>
    <styleUrl>#defaultStyle</styleUrl>
    <Point>
        <coordinates>-81.3084515232,28.1501584973,500.0</coordinates>
    </Point>
</Placemark>
<Placemark>
    <name>ST CLOUD 2727120073</name>
    <description>(731) 439-5644  01/20/11 20:24:00</description>
    <styleUrl>#defaultStyle</styleUrl>
    <Point>
        <coordinates>-81.3090105834,28.1515896868,500.0</coordinates>
    </Point>
</Placemark>
<Placemark>
    <name>ST CLOUD 2727120073</name>
    <description>(731) 439-5644  01/20/11 20:24:00</description>
    <styleUrl>#defaultStyle</styleUrl>
    <Point>
        <coordinates>-81.3095126392,28.1530372223,500.0</coordinates>
    </Point>
</Placemark>
<Placemark>
    <name>ST CLOUD 2727120073</name>
    <description>(731) 439-5644  01/20/11 20:24:00</description>
    <styleUrl>#defaultStyle</styleUrl>
    <Point>
        <coordinates>-81.3099570789,28.1544993408,500.0</coordinates>
    </Point>
</Placemark>
<Placemark>
    <name>ST CLOUD 2727120073</name>
    <description>(731) 439-5644  01/20/11 20:24:00</description>
    <styleUrl>#defaultStyle</styleUrl>
    <Point>
        <coordinates>-81.310343361,28.1559742616,500.0</coordinates>
    </Point>
</Placemark>
<Placemark>
    <name>ST CLOUD 2727120073</name>
    <description>(731) 439-5644  01/20/11 20:24:00</description>
    <styleUrl>#defaultStyle</styleUrl>
    <Point>
        <coordinates>-81.310671015,28.1574601881,500.0</coordinates>
    </Point>
</Placemark>
<Placemark>
    <name>ST CLOUD 2727120073</name>
    <description>(731) 439-5644  01/20/11 20:24:00</description>
    <styleUrl>#defaultStyle</styleUrl>
    <Point>
        <coordinates>-81.3109396417,28.1589553105,500.0</coordinates>
    </Point>
</Placemark>
<Placemark>
    <name>ST CLOUD 2727120073</name>
    <description>(731) 439-5644  01/20/11 20:24:00</description>
    <styleUrl>#defaultStyle</styleUrl>
    <Point>
        <coordinates>-81.3111489136,28.1604578075,500.0</coordinates>
    </Point>
</Placemark>
<Placemark>
    <name>ST CLOUD 2727120073</name>
    <description>(731) 439-5644  01/20/11 20:24:00</description>
    <styleUrl>#defaultStyle</styleUrl>
    <Point>
        <coordinates>-81.311298576,28.1619658488,500.0</coordinates>
    </Point>
</Placemark>
<Placemark>
    <name>ST CLOUD 2727120073</name>
    <description>(731) 439-5644  01/20/11 20:24:00</description>
    <styleUrl>#defaultStyle</styleUrl>
    <Point>
        <coordinates>-81.3113884464,28.1634775972,500.0</coordinates>
    </Point>
</Placemark>
<Placemark>
    <name>ST CLOUD 2727120073</name>
    <description>(731) 439-5644  01/20/11 20:24:00</description>
    <styleUrl>#defaultStyle</styleUrl>
    <Point>
        <coordinates>-81.3114184154,28.1649912112,500.0</coordinates>
    </Point>
</Placemark>
<Placemark>
    <name>ST CLOUD 2727120073</name>
    <description>(731) 439-5644  01/20/11 20:24:00</description>
    <styleUrl>#defaultStyle</styleUrl>
    <Point>
        <coordinates>-81.3113884464,28.1665048465,500.0</coordinates>
    </Point>
</Placemark>
<Placemark>
    <name>ST CLOUD 2727120073</name>
    <description>(731) 439-5644  01/20/11 20:24:00</description>
    <styleUrl>#defaultStyle</styleUrl>
    <Point>
        <coordinates>-81.311298576,28.1680166591,500.0</coordinates>
    </Point>
</Placemark>
<Placemark>
    <name>ST CLOUD 2727120073</name>
    <description>(731) 439-5644  01/20/11 20:24:00</description>
    <styleUrl>#defaultStyle</styleUrl>
    <Point>
        <coordinates>-81.3111489136,28.1695248069,500.0</coordinates>
    </Point>
</Placemark>
<Placemark>
    <name>ST CLOUD 2727120073</name>
    <description>(731) 439-5644  01/20/11 20:24:00</description>
    <styleUrl>#defaultStyle</styleUrl>
    <Point>
        <coordinates>-81.3109396417,28.1710274523,500.0</coordinates>
    </Point>
</Placemark>
<Placemark>
    <name>ST CLOUD 2727120073</name>
    <description>(731) 439-5644  01/20/11 20:24:00</description>
    <styleUrl>#defaultStyle</styleUrl>
    <Point>
        <coordinates>-81.310671015,28.1725227642,500.0</coordinates>
    </Point>
</Placemark>
<Placemark>
    <name>ST CLOUD 2727120073</name>
    <description>(731) 439-5644  01/20/11 20:24:00</description>
    <styleUrl>#defaultStyle</styleUrl>
    <Point>
        <coordinates>-81.310343361,28.1740089206,500.0</coordinates>
    </Point>
</Placemark>
<Placemark>
    <name>ST CLOUD 2727120073</name>
    <description>(731) 439-5644  01/20/11 20:24:00</description>
    <styleUrl>#defaultStyle</styleUrl>
    <Point>
        <coordinates>-81.3099570789,28.1754841103,500.0</coordinates>
    </Point>
</Placemark>
<Placemark>
    <name>ST CLOUD 2727120073</name>
    <description>(731) 439-5644  01/20/11 20:24:00</description>
    <styleUrl>#defaultStyle</styleUrl>
    <Point>
        <coordinates>-81.3095126392,28.1769465356,500.0</coordinates>
    </Point>
</Placemark>
<Placemark>
    <name>ST CLOUD 2727120073</name>
    <description>(731) 439-5644  01/20/11 20:24:00</description>
    <styleUrl>#defaultStyle</styleUrl>
    <Point>
        <coordinates>-81.3090105834,28.1783944141,500.0</coordinates>
    </Point>
</Placemark>
<Placemark>
    <name>ST CLOUD 2727120073</name>
    <description>(731) 439-5644  01/20/11 20:24:00</description>
    <styleUrl>#defaultStyle</styleUrl>
    <Point>
        <coordinates>-81.3084515232,28.1798259812,500.0</coordinates>
    </Point>
</Placemark>
<Placemark>
    <name>ST CLOUD 2727120073</name>
    <description>(731) 439-5644  01/20/11 20:24:00</description>
    <styleUrl>#defaultStyle</styleUrl>
    <Point>
        <coordinates>-81.3078361398,28.1812394921,500.0</coordinates>
    </Point>
</Placemark>
<Placemark>
    <name>ST CLOUD 2727120073</name>
    <description>(731) 439-5644  01/20/11 20:24:00</description>
    <styleUrl>#defaultStyle</styleUrl>
    <Point>
        <coordinates>-81.3071651829,28.182633224,500.0</coordinates>
    </Point>
</Placemark>
<Placemark>
    <name>ST CLOUD 2727120073</name>
    <description>(731) 439-5644  01/20/11 20:24:00</description>
    <styleUrl>#defaultStyle</styleUrl>
    <Point>
        <coordinates>-81.3064394698,28.1840054778,500.0</coordinates>
    </Point>
</Placemark>
<Placemark>
    <name>ST CLOUD 2727120073</name>
    <description>(731) 439-5644  01/20/11 20:24:00</description>
    <styleUrl>#defaultStyle</styleUrl>
    <Point>
        <coordinates>-81.3056598849,28.185354581,500.0</coordinates>
    </Point>
</Placemark>
<Placemark>
    <name>ST CLOUD 2727120073</name>
    <description>(731) 439-5644  01/20/11 20:24:00</description>
    <styleUrl>#defaultStyle</styleUrl>
    <Point>
        <coordinates>-81.3048273779,28.1866788889,500.0</coordinates>
    </Point>
</Placemark>
<Placemark>
    <name>ST CLOUD 2727120073</name>
    <description>(731) 439-5644  01/20/11 20:24:00</description>
    <styleUrl>#defaultStyle</styleUrl>
    <Point>
        <coordinates>-81.3039429631,28.1879767871,500.0</coordinates>
    </Point>
</Placemark>
<Placemark>
    <name>ST CLOUD 2727120073</name>
    <description>(731) 439-5644  01/20/11 20:24:00</description>
    <styleUrl>#defaultStyle</styleUrl>
    <Point>
        <coordinates>-81.3030077179,28.1892466933,500.0</coordinates>
    </Point>
</Placemark>
<Placemark>
    <name>ST CLOUD 2727120073</name>
    <description>(731) 439-5644  01/20/11 20:24:00</description>
    <styleUrl>#defaultStyle</styleUrl>
    <Point>
        <coordinates>-81.3020227819,28.1904870593,500.0</coordinates>
    </Point>
</Placemark>
<Placemark>
    <name>ST CLOUD 2727120073</name>
    <description>(731) 439-5644  01/20/11 20:24:00</description>
    <styleUrl>#defaultStyle</styleUrl>
    <Point>
        <coordinates>-81.3009893551,28.1916963729,500.0</coordinates>
    </Point>
</Placemark>
<Placemark>
    <name>ST CLOUD 2727120073</name>
    <description>(731) 439-5644  01/20/11 20:24:00</description>
    <styleUrl>#defaultStyle</styleUrl>
    <Point>
        <coordinates>-81.2999086964,28.1928731597,500.0</coordinates>
    </Point>
</Placemark>
<Placemark>
    <name>ST CLOUD 2727120073</name>
    <description>(731) 439-5644  01/20/11 20:24:00</description>
    <styleUrl>#defaultStyle</styleUrl>
    <Point>
        <coordinates>-81.2987821226,28.1940159847,500.0</coordinates>
    </Point>
</Placemark>
<Placemark>
    <name>ST CLOUD 2727120073</name>
    <description>(731) 439-5644  01/20/11 20:24:00</description>
    <styleUrl>#defaultStyle</styleUrl>
    <Point>
        <coordinates>-81.2976110062,28.1951234546,500.0</coordinates>
    </Point>
</Placemark>
<Placemark>
    <name>ST CLOUD 2727120073</name>
    <description>(731) 439-5644  01/20/11 20:24:00</description>
    <styleUrl>#defaultStyle</styleUrl>
    <Point>
        <coordinates>-81.2963967739,28.1961942189,500.0</coordinates>
    </Point>
</Placemark>
<Placemark>
    <name>ST CLOUD 2727120073</name>
    <description>(731) 439-5644  01/20/11 20:24:00</description>
    <styleUrl>#defaultStyle</styleUrl>
    <Point>
        <coordinates>-81.2951409053,28.1972269719,500.0</coordinates>
    </Point>
</Placemark>
<Placemark>
    <name>ST CLOUD 2727120073</name>
    <description>(731) 439-5644  01/20/11 20:24:00</description>
    <styleUrl>#defaultStyle</styleUrl>
    <Point>
        <coordinates>-81.2938449302,28.1982204543,500.0</coordinates>
    </Point>
</Placemark>
<Placemark>
    <name>ST CLOUD 2727120073</name>
    <description>(731) 439-5644  01/20/11 20:24:00</description>
    <styleUrl>#defaultStyle</styleUrl>
    <Point>
        <coordinates>-81.2925104277,28.1991734546,500.0</coordinates>
    </Point>
</Placemark>
<Placemark>
    <name>ST CLOUD 2727120073</name>
    <description>(731) 439-5644  01/20/11 20:24:00</description>
    <styleUrl>#defaultStyle</styleUrl>
    <Point>
        <coordinates>-81.2911390237,28.2000848106,500.0</coordinates>
    </Point>
</Placemark>
<Placemark>
    <name>ST CLOUD 2727120073</name>
    <description>(731) 439-5644  01/20/11 20:24:00</description>
    <styleUrl>#defaultStyle</styleUrl>
    <Point>
        <coordinates>-81.289732389,28.2009534108,500.0</coordinates>
    </Point>
</Placemark>
<Placemark>
    <name>ST CLOUD 2727120073</name>
    <description>(731) 439-5644  01/20/11 20:24:00</description>
    <styleUrl>#defaultStyle</styleUrl>
    <Point>
        <coordinates>-81.2882922373,28.201778196,500.0</coordinates>
    </Point>
</Placemark>
<Placemark>
    <name>ST CLOUD 2727120073</name>
    <description>(731) 439-5644  01/20/11 20:24:00</description>
    <styleUrl>#defaultStyle</styleUrl>
    <Point>
        <coordinates>-81.2868203233,28.2025581602,500.0</coordinates>
    </Point>
</Placemark>
<Placemark>
    <name>ST CLOUD 2727120073</name>
    <description>(731) 439-5644  01/20/11 20:24:00</description>
    <styleUrl>#defaultStyle</styleUrl>
    <Point>
        <coordinates>-81.2853184403,28.2032923521,500.0</coordinates>
    </Point>
</Placemark>
<Placemark>
    <name>ST CLOUD 2727120073</name>
    <description>(731) 439-5644  01/20/11 20:24:00</description>
    <styleUrl>#defaultStyle</styleUrl>
    <Point>
        <coordinates>-81.2837884181,28.2039798765,500.0</coordinates>
    </Point>
</Placemark>
<Placemark>
    <name>ST CLOUD 2727120073</name>
    <description>(731) 439-5644  01/20/11 20:24:00</description>
    <styleUrl>#defaultStyle</styleUrl>
    <Point>
        <coordinates>-81.2822321208,28.2046198946,500.0</coordinates>
    </Point>
</Placemark>
<Placemark>
    <name>ST CLOUD 2727120073</name>
    <description>(731) 439-5644  01/20/11 20:24:00</description>
    <styleUrl>#defaultStyle</styleUrl>
    <Point>
        <coordinates>-81.2806514444,28.2052116258,500.0</coordinates>
    </Point>
</Placemark>
<Placemark>
    <name>ST CLOUD 2727120073</name>
    <description>(731) 439-5644  01/20/11 20:24:00</description>
    <styleUrl>#defaultStyle</styleUrl>
    <Point>
        <coordinates>-81.2790483149,28.2057543485,500.0</coordinates>
    </Point>
</Placemark>
<Placemark>
    <name>ST CLOUD 2727120073</name>
    <description>(731) 439-5644  01/20/11 20:24:00</description>
    <styleUrl>#defaultStyle</styleUrl>
    <Point>
        <coordinates>-81.2774246853,28.2062474006,500.0</coordinates>
    </Point>
</Placemark>
<Placemark>
    <name>ST CLOUD 2727120073</name>
    <description>(731) 439-5644  01/20/11 20:24:00</description>
    <styleUrl>#defaultStyle</styleUrl>
    <Point>
        <coordinates>-81.2757825339,28.2066901808,500.0</coordinates>
    </Point>
</Placemark>
<Placemark>
    <name>ST CLOUD 2727120073</name>
    <description>(731) 439-5644  01/20/11 20:24:00</description>
    <styleUrl>#defaultStyle</styleUrl>
    <Point>
        <coordinates>-81.2741238613,28.2070821489,500.0</coordinates>
    </Point>
</Placemark>
<Placemark>
    <name>ST CLOUD 2727120073</name>
    <description>(731) 439-5644  01/20/11 20:24:00</description>
    <styleUrl>#defaultStyle</styleUrl>
    <Point>
        <coordinates>-81.2724506883,28.2074228269,500.0</coordinates>
    </Point>
</Placemark>
<Placemark>
    <name>ST CLOUD 2727120073</name>
    <description>(731) 439-5644  01/20/11 20:24:00</description>
    <styleUrl>#defaultStyle</styleUrl>
    <Point>
        <coordinates>-81.2707650535,28.2077117991,500.0</coordinates>
    </Point>
</Placemark>
<Placemark>
    <name>ST CLOUD 2727120073</name>
    <description>(731) 439-5644  01/20/11 20:24:00</description>
    <styleUrl>#defaultStyle</styleUrl>
    <Point>
        <coordinates>-81.2690690106,28.2079487132,500.0</coordinates>
    </Point>
</Placemark>
<Placemark>
    <name>ST CLOUD 2727120073</name>
    <description>(731) 439-5644  01/20/11 20:24:00</description>
    <styleUrl>#defaultStyle</styleUrl>
    <Point>
        <coordinates>-81.2673646259,28.20813328,500.0</coordinates>
    </Point>
</Placemark>
<Placemark>
    <name>ST CLOUD 2727120073</name>
    <description>(731) 439-5644  01/20/11 20:24:00</description>
    <styleUrl>#defaultStyle</styleUrl>
    <Point>
        <coordinates>-81.265653976,28.2082652745,500.0</coordinates>
    </Point>
</Placemark>
<Placemark>
    <name>ST CLOUD 2727120073</name>
    <description>(731) 439-5644  01/20/11 20:24:00</description>
    <styleUrl>#defaultStyle</styleUrl>
    <Point>
        <coordinates>-81.263939145,28.2083445357,500.0</coordinates>
    </Point>
</Placemark>
<Placemark>
    <name>ST CLOUD 2727120073</name>
    <description>(731) 439-5644  01/20/11 20:24:00</description>
    <styleUrl>#defaultStyle</styleUrl>
    <Point>
        <coordinates>-81.2622222222,28.165,0.0</coordinates>
    </Point>
</Placemark>
<Placemark>
    <name> 1691831653</name>
    <description>(731) 733-0071  02/04/11 18:44:00</description>
    <styleUrl>#defaultStyle</styleUrl>
    <Point>
        <coordinates>-87.0266666667,36.0777777778,500.0</coordinates>
    </Point>
</Placemark>
<Placemark>
    <name>CR1007 SUNNY HILL 1601110072</name>
    <description>(731) 549-7352  03/16/11 16:13:00</description>
    <styleUrl>#defaultStyle</styleUrl>
    <Point>
        <coordinates>-89.2572222222,35.5388888889,500.0</coordinates>
    </Point>
</Placemark>
<Placemark>
    <name>M136 (GEGE) 2710407861</name>
    <description>(731) 439-5644  01/17/11 12:49:00</description>
    <styleUrl>#defaultStyle</styleUrl>
    <Point>
        <coordinates>-80.3172482155,25.9784572026,500.0</coordinates>
    </Point>
</Placemark>
<Placemark>
    <name>M136 (GEGE) 2710407861</name>
    <description>(731) 439-5644  01/17/11 12:49:00</description>
    <styleUrl>#defaultStyle</styleUrl>
    <Point>
        <coordinates>-80.3161000177,25.9773497606,500.0</coordinates>
    </Point>
</Placemark>
<Placemark>
    <name>M136 (GEGE) 2710407861</name>
    <description>(731) 439-5644  01/17/11 12:49:00</description>
    <styleUrl>#defaultStyle</styleUrl>
    <Point>
        <coordinates>-80.3149954908,25.9762069632,500.0</coordinates>
    </Point>
</Placemark>
<Placemark>
    <name>M136 (GEGE) 2710407861</name>
    <description>(731) 439-5644  01/17/11 12:49:00</description>
    <styleUrl>#defaultStyle</styleUrl>
    <Point>
        <coordinates>-80.3139359805,25.9750302039,500.0</coordinates>
    </Point>
</Placemark>
<Placemark>
    <name>M136 (GEGE) 2710407861</name>
    <description>(731) 439-5644  01/17/11 12:49:00</description>
    <styleUrl>#defaultStyle</styleUrl>
    <Point>
        <coordinates>-80.3129227777,25.9738209171,500.0</coordinates>
    </Point>
</Placemark>
<Placemark>
    <name>M136 (GEGE) 2710407861</name>
    <description>(731) 439-5644  01/17/11 12:49:00</description>
    <styleUrl>#defaultStyle</styleUrl>
    <Point>
        <coordinates>-80.3119571168,25.9725805774,500.0</coordinates>
    </Point>
</Placemark>
<Placemark>
    <name>M136 (GEGE) 2710407861</name>
    <description>(731) 439-5644  01/17/11 12:49:00</description>
    <styleUrl>#defaultStyle</styleUrl>
    <Point>
        <coordinates>-80.3110401743,25.9713106967,500.0</coordinates>
    </Point>
</Placemark>
<Placemark>
    <name>M136 (GEGE) 2710407861</name>
    <description>(731) 439-5644  01/17/11 12:49:00</description>
    <styleUrl>#defaultStyle</styleUrl>
    <Point>
        <coordinates>-80.3101730674,25.9700128232,500.0</coordinates>
    </Point>
</Placemark>
<Placemark>
    <name>CR1253 DARDEN 1600812531</name>
    <description>(731) 798-0089  03/04/11 08:12:00</description>
    <styleUrl>#defaultStyle</styleUrl>
    <Point>
        <coordinates>-87.4683333333,35.7816666667,0.0</coordinates>
    </Point>
</Placemark>
<Placemark>
    <name>NS3046 SMYRNA 1691830467</name>
    <description>(731) 733-0139  02/20/11 21:07:00</description>
    <styleUrl>#defaultStyle</styleUrl>
    <Point>
        <coordinates>-86.5241666667,35.9813888889,0.0</coordinates>
    </Point>
</Placemark>
<Placemark>
    <name>BLACKBURN 2250140833</name>
    <description>(731) 439-5644  03/22/11 14:15:00</description>
    <styleUrl>#defaultStyle</styleUrl>
    <Point>
        <coordinates>-87.7561111111,34.9202777778,500.0</coordinates>
    </Point>
</Placemark>
<Placemark>
    <name>BLACKBURN 2250140833</name>
    <description>(731) 439-5644  03/22/11 14:15:00</description>
    <styleUrl>#defaultStyle</styleUrl>
    <Point>
        <coordinates>-87.7561111111,34.876906811,500.0</coordinates>
    </Point>
</Placemark>
<Placemark>
    <name>BLACKBURN 2250140833</name>
    <description>(731) 439-5644  03/22/11 14:15:00</description>
    <styleUrl>#defaultStyle</styleUrl>
    <Point>
        <coordinates>-87.7579571098,34.8769332175,500.0</coordinates>
    </Point>
</Placemark>
<Placemark>
    <name>BLACKBURN 2250140833</name>
    <description>(731) 439-5644  03/22/11 14:15:00</description>
    <styleUrl>#defaultStyle</styleUrl>
    <Point>
        <coordinates>-87.7598008595,34.8770124048,500.0</coordinates>
    </Point>
</Placemark>
<Placemark>
    <name>BLACKBURN 2250140833</name>
    <description>(731) 439-5644  03/22/11 14:15:00</description>
    <styleUrl>#defaultStyle</styleUrl>
    <Point>
        <coordinates>-87.7616401137,34.8771442766,500.0</coordinates>
    </Point>
</Placemark>
<Placemark>
    <name>BLACKBURN 2250140833</name>
    <description>(731) 439-5644  03/22/11 14:15:00</description>
    <styleUrl>#defaultStyle</styleUrl>
    <Point>
        <coordinates>-87.7634726317,34.8773286725,500.0</coordinates>
    </Point>
</Placemark>
<Placemark>
    <name>BLACKBURN 2250140833</name>
    <description>(731) 439-5644  03/22/11 14:15:00</description>
    <styleUrl>#defaultStyle</styleUrl>
    <Point>
        <coordinates>-87.7652961808,34.8775653682,500.0</coordinates>
    </Point>
</Placemark>
<Placemark>
    <name>BLACKBURN 2250140833</name>
    <description>(731) 439-5644  03/22/11 14:15:00</description>
    <styleUrl>#defaultStyle</styleUrl>
    <Point>
        <coordinates>-87.7671085393,34.8778540757,500.0</coordinates>
    </Point>
</Placemark>
<Placemark>
    <name>BLACKBURN 2250140833</name>
    <description>(731) 439-5644  03/22/11 14:15:00</description>
    <styleUrl>#defaultStyle</styleUrl>
    <Point>
        <coordinates>-87.7689074991,34.8781944439,500.0</coordinates>
    </Point>
</Placemark>
<Placemark>
    <name>BLACKBURN 2250140833</name>
    <description>(731) 439-5644  03/22/11 14:15:00</description>
    <styleUrl>#defaultStyle</styleUrl>
    <Point>
        <coordinates>-87.7706908684,34.8785860587,500.0</coordinates>
    </Point>
</Placemark>
<Placemark>
    <name>BLACKBURN 2250140833</name>
    <description>(731) 439-5644  03/22/11 14:15:00</description>
    <styleUrl>#defaultStyle</styleUrl>
    <Point>
        <coordinates>-87.7724564746,34.8790284438,500.0</coordinates>
    </Point>
</Placemark>
<Placemark>
    <name>BLACKBURN 2250140833</name>
    <description>(731) 439-5644  03/22/11 14:15:00</description>
    <styleUrl>#defaultStyle</styleUrl>
    <Point>
        <coordinates>-87.7742021663,34.8795210609,500.0</coordinates>
    </Point>
</Placemark>
<Placemark>
    <name>BLACKBURN 2250140833</name>
    <description>(731) 439-5644  03/22/11 14:15:00</description>
    <styleUrl>#defaultStyle</styleUrl>
    <Point>
        <coordinates>-87.7759258169,34.8800633107,500.0</coordinates>
    </Point>
</Placemark>
<Placemark>
    <name>BLACKBURN 2250140833</name>
    <description>(731) 439-5644  03/22/11 14:15:00</description>
    <styleUrl>#defaultStyle</styleUrl>
    <Point>
        <coordinates>-87.7776253263,34.8806545337,500.0</coordinates>
    </Point>
</Placemark>
<Placemark>
    <name>BLACKBURN 2250140833</name>
    <description>(731) 439-5644  03/22/11 14:15:00</description>
    <styleUrl>#defaultStyle</styleUrl>
    <Point>
        <coordinates>-87.7792986239,34.8812940105,500.0</coordinates>
    </Point>
</Placemark>
<Placemark>
    <name>BLACKBURN 2250140833</name>
    <description>(731) 439-5644  03/22/11 14:15:00</description>
    <styleUrl>#defaultStyle</styleUrl>
    <Point>
        <coordinates>-87.7809436711,34.8819809632,500.0</coordinates>
    </Point>
</Placemark>
<Placemark>
    <name>BLACKBURN 2250140833</name>
    <description>(731) 439-5644  03/22/11 14:15:00</description>
    <styleUrl>#defaultStyle</styleUrl>
    <Point>
        <coordinates>-87.7825584636,34.8827145559,500.0</coordinates>
    </Point>
</Placemark>
<Placemark>
    <name>BLACKBURN 2250140833</name>
    <description>(731) 439-5644  03/22/11 14:15:00</description>
    <styleUrl>#defaultStyle</styleUrl>
    <Point>
        <coordinates>-87.784141034,34.8834938962,500.0</coordinates>
    </Point>
</Placemark>
<Placemark>
    <name>BLACKBURN 2250140833</name>
    <description>(731) 439-5644  03/22/11 14:15:00</description>
    <styleUrl>#defaultStyle</styleUrl>
    <Point>
        <coordinates>-87.7856894542,34.8843180359,500.0</coordinates>
    </Point>
</Placemark>
<Placemark>
    <name>BLACKBURN 2250140833</name>
    <description>(731) 439-5644  03/22/11 14:15:00</description>
    <styleUrl>#defaultStyle</styleUrl>
    <Point>
        <coordinates>-87.7872018377,34.8851859721,500.0</coordinates>
    </Point>
</Placemark>
<Placemark>
    <name>BLACKBURN 2250140833</name>
    <description>(731) 439-5644  03/22/11 14:15:00</description>
    <styleUrl>#defaultStyle</styleUrl>
    <Point>
        <coordinates>-87.788676342,34.8860966488,500.0</coordinates>
    </Point>
</Placemark>
<Placemark>
    <name>BLACKBURN 2250140833</name>
    <description>(731) 439-5644  03/22/11 14:15:00</description>
    <styleUrl>#defaultStyle</styleUrl>
    <Point>
        <coordinates>-87.7901111705,34.8870489579,500.0</coordinates>
    </Point>
</Placemark>
<Placemark>
    <name>BLACKBURN 2250140833</name>
    <description>(731) 439-5644  03/22/11 14:15:00</description>
    <styleUrl>#defaultStyle</styleUrl>
    <Point>
        <coordinates>-87.7915045751,34.8880417406,500.0</coordinates>
    </Point>
</Placemark>
<Placemark>
    <name>BLACKBURN 2250140833</name>
    <description>(731) 439-5644  03/22/11 14:15:00</description>
    <styleUrl>#defaultStyle</styleUrl>
    <Point>
        <coordinates>-87.7928548582,34.8890737887,500.0</coordinates>
    </Point>
</Placemark>
<Placemark>
    <name>BLACKBURN 2250140833</name>
    <description>(731) 439-5644  03/22/11 14:15:00</description>
    <styleUrl>#defaultStyle</styleUrl>
    <Point>
        <coordinates>-87.7941603747,34.8901438463,500.0</coordinates>
    </Point>
</Placemark>
<Placemark>
    <name>BLACKBURN 2250140833</name>
    <description>(731) 439-5644  03/22/11 14:15:00</description>
    <styleUrl>#defaultStyle</styleUrl>
    <Point>
        <coordinates>-87.795419534,34.8912506113,500.0</coordinates>
    </Point>
</Placemark>
<Placemark>
    <name>BLACKBURN 2250140833</name>
    <description>(731) 439-5644  03/22/11 14:15:00</description>
    <styleUrl>#defaultStyle</styleUrl>
    <Point>
        <coordinates>-87.796630802,34.8923927365,500.0</coordinates>
    </Point>
</Placemark>
<Placemark>
    <name>BLACKBURN 2250140833</name>
    <description>(731) 439-5644  03/22/11 14:15:00</description>
    <styleUrl>#defaultStyle</styleUrl>
    <Point>
        <coordinates>-87.797792703,34.893568832,500.0</coordinates>
    </Point>
</Placemark>
<Placemark>
    <name>BLACKBURN 2250140833</name>
    <description>(731) 439-5644  03/22/11 14:15:00</description>
    <styleUrl>#defaultStyle</styleUrl>
    <Point>
        <coordinates>-87.7989038214,34.8947774664,500.0</coordinates>
    </Point>
</Placemark>
<Placemark>
    <name>BLACKBURN 2250140833</name>
    <description>(731) 439-5644  03/22/11 14:15:00</description>
    <styleUrl>#defaultStyle</styleUrl>
    <Point>
        <coordinates>-87.7999628034,34.8960171683,500.0</coordinates>
    </Point>
</Placemark>
<Placemark>
    <name>BLACKBURN 2250140833</name>
    <description>(731) 439-5644  03/22/11 14:15:00</description>
    <styleUrl>#defaultStyle</styleUrl>
    <Point>
        <coordinates>-87.8009683589,34.897286429,500.0</coordinates>
    </Point>
</Placemark>
<Placemark>
    <name>BLACKBURN 2250140833</name>
    <description>(731) 439-5644  03/22/11 14:15:00</description>
    <styleUrl>#defaultStyle</styleUrl>
    <Point>
        <coordinates>-87.8019192628,34.8985837032,500.0</coordinates>
    </Point>
</Placemark>
<Placemark>
    <name>BLACKBURN 2250140833</name>
    <description>(731) 439-5644  03/22/11 14:15:00</description>
    <styleUrl>#defaultStyle</styleUrl>
    <Point>
        <coordinates>-87.8028143565,34.8999074118,500.0</coordinates>
    </Point>
</Placemark>
<Placemark>
    <name>BLACKBURN 2250140833</name>
    <description>(731) 439-5644  03/22/11 14:15:00</description>
    <styleUrl>#defaultStyle</styleUrl>
    <Point>
        <coordinates>-87.8036525494,34.9012559432,500.0</coordinates>
    </Point>
</Placemark>
<Placemark>
    <name>BLACKBURN 2250140833</name>
    <description>(731) 439-5644  03/22/11 14:15:00</description>
    <styleUrl>#defaultStyle</styleUrl>
    <Point>
        <coordinates>-87.8044328205,34.9026276557,500.0</coordinates>
    </Point>
</Placemark>
<Placemark>
    <name>BLACKBURN 2250140833</name>
    <description>(731) 439-5644  03/22/11 14:15:00</description>
    <styleUrl>#defaultStyle</styleUrl>
    <Point>
        <coordinates>-87.805154219,34.9040208791,500.0</coordinates>
    </Point>
</Placemark>
<Placemark>
    <name>BLACKBURN 2250140833</name>
    <description>(731) 439-5644  03/22/11 14:15:00</description>
    <styleUrl>#defaultStyle</styleUrl>
    <Point>
        <coordinates>-87.805815866,34.9054339171,500.0</coordinates>
    </Point>
</Placemark>
<Placemark>
    <name>BLACKBURN 2250140833</name>
    <description>(731) 439-5644  03/22/11 14:15:00</description>
    <styleUrl>#defaultStyle</styleUrl>
    <Point>
        <coordinates>-87.8064169555,34.9068650491,500.0</coordinates>
    </Point>
</Placemark>
<Placemark>
    <name>BLACKBURN 2250140833</name>
    <description>(731) 439-5644  03/22/11 14:15:00</description>
    <styleUrl>#defaultStyle</styleUrl>
    <Point>
        <coordinates>-87.8069567551,34.9083125324,500.0</coordinates>
    </Point>
</Placemark>
<Placemark>
    <name>BLACKBURN 2250140833</name>
    <description>(731) 439-5644  03/22/11 14:15:00</description>
    <styleUrl>#defaultStyle</styleUrl>
    <Point>
        <coordinates>-87.8074346071,34.9097746043,500.0</coordinates>
    </Point>
</Placemark>
<Placemark>
    <name>BLACKBURN 2250140833</name>
    <description>(731) 439-5644  03/22/11 14:15:00</description>
    <styleUrl>#defaultStyle</styleUrl>
    <Point>
        <coordinates>-87.8078499294,34.9112494841,500.0</coordinates>
    </Point>
</Placemark>
<Placemark>
    <name>BLACKBURN 2250140833</name>
    <description>(731) 439-5644  03/22/11 14:15:00</description>
    <styleUrl>#defaultStyle</styleUrl>
    <Point>
        <coordinates>-87.8082022159,34.9127353757,500.0</coordinates>
    </Point>
</Placemark>
<Placemark>
    <name>BLACKBURN 2250140833</name>
    <description>(731) 439-5644  03/22/11 14:15:00</description>
    <styleUrl>#defaultStyle</styleUrl>
    <Point>
        <coordinates>-87.8084910375,34.9142304692,500.0</coordinates>
    </Point>
</Placemark>
<Placemark>
    <name>BLACKBURN 2250140833</name>
    <description>(731) 439-5644  03/22/11 14:15:00</description>
    <styleUrl>#defaultStyle</styleUrl>
    <Point>
        <coordinates>-87.8087160422,34.9157329435,500.0</coordinates>
    </Point>
</Placemark>
<Placemark>
    <name>BLACKBURN 2250140833</name>
    <description>(731) 439-5644  03/22/11 14:15:00</description>
    <styleUrl>#defaultStyle</styleUrl>
    <Point>
        <coordinates>-87.808876956,34.9172409685,500.0</coordinates>
    </Point>
</Placemark>
<Placemark>
    <name>BLACKBURN 2250140833</name>
    <description>(731) 439-5644  03/22/11 14:15:00</description>
    <styleUrl>#defaultStyle</styleUrl>
    <Point>
        <coordinates>-87.8089735827,34.9187527072,500.0</coordinates>
    </Point>
</Placemark>
<Placemark>
    <name>BLACKBURN 2250140833</name>
    <description>(731) 439-5644  03/22/11 14:15:00</description>
    <styleUrl>#defaultStyle</styleUrl>
    <Point>
        <coordinates>-87.8090058047,34.9202663178,500.0</coordinates>
    </Point>
</Placemark>
<Placemark>
    <name>BLACKBURN 2250140833</name>
    <description>(731) 439-5644  03/22/11 14:15:00</description>
    <styleUrl>#defaultStyle</styleUrl>
    <Point>
        <coordinates>-87.8089735827,34.9217799563,500.0</coordinates>
    </Point>
</Placemark>
<Placemark>
    <name>BLACKBURN 2250140833</name>
    <description>(731) 439-5644  03/22/11 14:15:00</description>
    <styleUrl>#defaultStyle</styleUrl>
    <Point>
        <coordinates>-87.808876956,34.9232917785,500.0</coordinates>
    </Point>
</Placemark>
<Placemark>
    <name>BLACKBURN 2250140833</name>
    <description>(731) 439-5644  03/22/11 14:15:00</description>
    <styleUrl>#defaultStyle</styleUrl>
    <Point>
        <coordinates>-87.8087160422,34.9247999424,500.0</coordinates>
    </Point>
</Placemark>
<Placemark>
    <name>BLACKBURN 2250140833</name>
    <description>(731) 439-5644  03/22/11 14:15:00</description>
    <styleUrl>#defaultStyle</styleUrl>
    <Point>
        <coordinates>-87.8084910375,34.9263026103,500.0</coordinates>
    </Point>
</Placemark>
<Placemark>
    <name>BLACKBURN 2250140833</name>
    <description>(731) 439-5644  03/22/11 14:15:00</description>
    <styleUrl>#defaultStyle</styleUrl>
    <Point>
        <coordinates>-87.8082022159,34.9277979509,500.0</coordinates>
    </Point>
</Placemark>
<Placemark>
    <name>BLACKBURN 2250140833</name>
    <description>(731) 439-5644  03/22/11 14:15:00</description>
    <styleUrl>#defaultStyle</styleUrl>
    <Point>
        <coordinates>-87.8078499294,34.9292841422,500.0</coordinates>
    </Point>
</Placemark>
<Placemark>
    <name>BLACKBURN 2250140833</name>
    <description>(731) 439-5644  03/22/11 14:15:00</description>
    <styleUrl>#defaultStyle</styleUrl>
    <Point>
        <coordinates>-87.8074346071,34.9307593726,500.0</coordinates>
    </Point>
</Placemark>
<Placemark>
    <name>BLACKBURN 2250140833</name>
    <description>(731) 439-5644  03/22/11 14:15:00</description>
    <styleUrl>#defaultStyle</styleUrl>
    <Point>
        <coordinates>-87.8069567551,34.9322218444,500.0</coordinates>
    </Point>
</Placemark>
<Placemark>
    <name>BLACKBURN 2250140833</name>
    <description>(731) 439-5644  03/22/11 14:15:00</description>
    <styleUrl>#defaultStyle</styleUrl>
    <Point>
        <coordinates>-87.8064169555,34.933669775,500.0</coordinates>
    </Point>
</Placemark>
<Placemark>
    <name>BLACKBURN 2250140833</name>
    <description>(731) 439-5644  03/22/11 14:15:00</description>
    <styleUrl>#defaultStyle</styleUrl>
    <Point>
        <coordinates>-87.805815866,34.9351013995,500.0</coordinates>
    </Point>
</Placemark>
<Placemark>
    <name>BLACKBURN 2250140833</name>
    <description>(731) 439-5644  03/22/11 14:15:00</description>
    <styleUrl>#defaultStyle</styleUrl>
    <Point>
        <coordinates>-87.805154219,34.9365149728,500.0</coordinates>
    </Point>
</Placemark>
<Placemark>
    <name>BLACKBURN 2250140833</name>
    <description>(731) 439-5644  03/22/11 14:15:00</description>
    <styleUrl>#defaultStyle</styleUrl>
    <Point>
        <coordinates>-87.8044328205,34.9379087716,500.0</coordinates>
    </Point>
</Placemark>
<Placemark>
    <name>BLACKBURN 2250140833</name>
    <description>(731) 439-5644  03/22/11 14:15:00</description>
    <styleUrl>#defaultStyle</styleUrl>
    <Point>
        <coordinates>-87.8036525494,34.9392810969,500.0</coordinates>
    </Point>
</Placemark>
<Placemark>
    <name>BLACKBURN 2250140833</name>
    <description>(731) 439-5644  03/22/11 14:15:00</description>
    <styleUrl>#defaultStyle</styleUrl>
    <Point>
        <coordinates>-87.8028143565,34.9406302754,500.0</coordinates>
    </Point>
</Placemark>
<Placemark>
    <name>BLACKBURN 2250140833</name>
    <description>(731) 439-5644  03/22/11 14:15:00</description>
    <styleUrl>#defaultStyle</styleUrl>
    <Point>
        <coordinates>-87.8019192628,34.9419546623,500.0</coordinates>
    </Point>
</Placemark>
<Placemark>
    <name>HWY 67 &amp; 160 2412429612</name>
    <description>(731) 549-7798  02/13/11 10:28:00</description>
    <styleUrl>#defaultStyle</styleUrl>
    <Point>
        <coordinates>-90.5233333333,36.6641666667,500.0</coordinates>
    </Point>
</Placemark>
<Placemark>
    <name>HWY 67 &amp; 160 2412429612</name>
    <description>(731) 549-7798  02/13/11 10:28:00</description>
    <styleUrl>#defaultStyle</styleUrl>
    <Point>
        <coordinates>-90.4765086758,36.6424720228,500.0</coordinates>
    </Point>
</Placemark>
<Placemark>
    <name>HWY 67 &amp; 160 2412429612</name>
    <description>(731) 549-7798  02/13/11 10:28:00</description>
    <styleUrl>#defaultStyle</styleUrl>
    <Point>
        <coordinates>-90.4774806807,36.6411747719,500.0</coordinates>
    </Point>
</Placemark>
<Placemark>
    <name>HWY 67 &amp; 160 2412429612</name>
    <description>(731) 549-7798  02/13/11 10:28:00</description>
    <styleUrl>#defaultStyle</styleUrl>
    <Point>
        <coordinates>-90.47850855,36.6399055355,500.0</coordinates>
    </Point>
</Placemark>
<Placemark>
    <name>HWY 67 &amp; 160 2412429612</name>
    <description>(731) 549-7798  02/13/11 10:28:00</description>
    <styleUrl>#defaultStyle</styleUrl>
    <Point>
        <coordinates>-90.4795910313,36.6386658585,500.0</coordinates>
    </Point>
</Placemark>
<Placemark>
    <name>HWY 67 &amp; 160 2412429612</name>
    <description>(731) 549-7798  02/13/11 10:28:00</description>
    <styleUrl>#defaultStyle</styleUrl>
    <Point>
        <coordinates>-90.480726806,36.6374572496,500.0</coordinates>
    </Point>
</Placemark>
<Placemark>
    <name>HWY 67 &amp; 160 2412429612</name>
    <description>(731) 549-7798  02/13/11 10:28:00</description>
    <styleUrl>#defaultStyle</styleUrl>
    <Point>
        <coordinates>-90.4819144901,36.63628118,500.0</coordinates>
    </Point>
</Placemark>
<Placemark>
    <name>HWY 67 &amp; 160 2412429612</name>
    <description>(731) 549-7798  02/13/11 10:28:00</description>
    <styleUrl>#defaultStyle</styleUrl>
    <Point>
        <coordinates>-90.4831526368,36.635139081,500.0</coordinates>
    </Point>
</Placemark>
<Placemark>
    <name>HWY 67 &amp; 160 2412429612</name>
    <description>(731) 549-7798  02/13/11 10:28:00</description>
    <styleUrl>#defaultStyle</styleUrl>
    <Point>
        <coordinates>-90.4844397374,36.6340323425,500.0</coordinates>
    </Point>
</Placemark>
<Placemark>
    <name>HWY 67 &amp; 160 2412429612</name>
    <description>(731) 549-7798  02/13/11 10:28:00</description>
    <styleUrl>#defaultStyle</styleUrl>
    <Point>
        <coordinates>-90.485774224,36.6329623114,500.0</coordinates>
    </Point>
</Placemark>
<Placemark>
    <name>HWY 67 &amp; 160 2412429612</name>
    <description>(731) 549-7798  02/13/11 10:28:00</description>
    <styleUrl>#defaultStyle</styleUrl>
    <Point>
        <coordinates>-90.4871544705,36.6319302897,500.0</coordinates>
    </Point>
</Placemark>
<Placemark>
    <name>HWY 67 &amp; 160 2412429612</name>
    <description>(731) 549-7798  02/13/11 10:28:00</description>
    <styleUrl>#defaultStyle</styleUrl>
    <Point>
        <coordinates>-90.4885787955,36.6309375332,500.0</coordinates>
    </Point>
</Placemark>
<Placemark>
    <name>HWY 67 &amp; 160 2412429612</name>
    <description>(731) 549-7798  02/13/11 10:28:00</description>
    <styleUrl>#defaultStyle</styleUrl>
    <Point>
        <coordinates>-90.4900454635,36.62998525,500.0</coordinates>
    </Point>
</Placemark>
<Placemark>
    <name>HWY 67 &amp; 160 2412429612</name>
    <description>(731) 549-7798  02/13/11 10:28:00</description>
    <styleUrl>#defaultStyle</styleUrl>
    <Point>
        <coordinates>-90.4915526877,36.6290745988,500.0</coordinates>
    </Point>
</Placemark>
<Placemark>
    <name>HWY 67 &amp; 160 2412429612</name>
    <description>(731) 549-7798  02/13/11 10:28:00</description>
    <styleUrl>#defaultStyle</styleUrl>
    <Point>
        <coordinates>-90.4930986318,36.6282066875,500.0</coordinates>
    </Point>
</Placemark>
<Placemark>
    <name>HWY 67 &amp; 160 2412429612</name>
    <description>(731) 549-7798  02/13/11 10:28:00</description>
    <styleUrl>#defaultStyle</styleUrl>
    <Point>
        <coordinates>-90.4946814123,36.627382572,500.0</coordinates>
    </Point>
</Placemark>
<Placemark>
    <name>HWY 67 &amp; 160 2412429612</name>
    <description>(731) 549-7798  02/13/11 10:28:00</description>
    <styleUrl>#defaultStyle</styleUrl>
    <Point>
        <coordinates>-90.4962991007,36.6266032551,500.0</coordinates>
    </Point>
</Placemark>
<Placemark>
    <name>HWY 67 &amp; 160 2412429612</name>
    <description>(731) 549-7798  02/13/11 10:28:00</description>
    <styleUrl>#defaultStyle</styleUrl>
    <Point>
        <coordinates>-90.4979497262,36.6258696848,500.0</coordinates>
    </Point>
</Placemark>
<Placemark>
    <name>HWY 67 &amp; 160 2412429612</name>
    <description>(731) 549-7798  02/13/11 10:28:00</description>
    <styleUrl>#defaultStyle</styleUrl>
    <Point>
        <coordinates>-90.4996312778,36.6251827536,500.0</coordinates>
    </Point>
</Placemark>
<Placemark>
    <name>HWY 67 &amp; 160 2412429612</name>
    <description>(731) 549-7798  02/13/11 10:28:00</description>
    <styleUrl>#defaultStyle</styleUrl>
    <Point>
        <coordinates>-90.5013417067,36.6245432971,500.0</coordinates>
    </Point>
</Placemark>
<Placemark>
    <name>HWY 67 &amp; 160 2412429612</name>
    <description>(731) 549-7798  02/13/11 10:28:00</description>
    <styleUrl>#defaultStyle</styleUrl>
    <Point>
        <coordinates>-90.5030789291,36.6239520932,500.0</coordinates>
    </Point>
</Placemark>
<Placemark>
    <name>HWY 67 &amp; 160 2412429612</name>
    <description>(731) 549-7798  02/13/11 10:28:00</description>
    <styleUrl>#defaultStyle</styleUrl>
    <Point>
        <coordinates>-90.5048408284,36.623409861,500.0</coordinates>
    </Point>
</Placemark>
<Placemark>
    <name>HWY 67 &amp; 160 2412429612</name>
    <description>(731) 549-7798  02/13/11 10:28:00</description>
    <styleUrl>#defaultStyle</styleUrl>
    <Point>
        <coordinates>-90.5066252579,36.6229172602,500.0</coordinates>
    </Point>
</Placemark>
<Placemark>
    <name>HWY 67 &amp; 160 2412429612</name>
    <description>(731) 549-7798  02/13/11 10:28:00</description>
    <styleUrl>#defaultStyle</styleUrl>
    <Point>
        <coordinates>-90.5084300438,36.62247489,500.0</coordinates>
    </Point>
</Placemark>
<Placemark>
    <name>HWY 67 &amp; 160 2412429612</name>
    <description>(731) 549-7798  02/13/11 10:28:00</description>
    <styleUrl>#defaultStyle</styleUrl>
    <Point>
        <coordinates>-90.510252987,36.6220832884,500.0</coordinates>
    </Point>
</Placemark>
<Placemark>
    <name>HWY 67 &amp; 160 2412429612</name>
    <description>(731) 549-7798  02/13/11 10:28:00</description>
    <styleUrl>#defaultStyle</styleUrl>
    <Point>
        <coordinates>-90.5120918666,36.6217429318,500.0</coordinates>
    </Point>
</Placemark>
<Placemark>
    <name>HWY 67 &amp; 160 2412429612</name>
    <description>(731) 549-7798  02/13/11 10:28:00</description>
    <styleUrl>#defaultStyle</styleUrl>
    <Point>
        <coordinates>-90.5139444423,36.6214542342,500.0</coordinates>
    </Point>
</Placemark>
<Placemark>
    <name>HWY 67 &amp; 160 2412429612</name>
    <description>(731) 549-7798  02/13/11 10:28:00</description>
    <styleUrl>#defaultStyle</styleUrl>
    <Point>
        <coordinates>-90.5158084568,36.6212175467,500.0</coordinates>
    </Point>
</Placemark>
<Placemark>
    <name>HWY 67 &amp; 160 2412429612</name>
    <description>(731) 549-7798  02/13/11 10:28:00</description>
    <styleUrl>#defaultStyle</styleUrl>
    <Point>
        <coordinates>-90.5176816393,36.6210331572,500.0</coordinates>
    </Point>
</Placemark>
<Placemark>
    <name>HWY 67 &amp; 160 2412429612</name>
    <description>(731) 549-7798  02/13/11 10:28:00</description>
    <styleUrl>#defaultStyle</styleUrl>
    <Point>
        <coordinates>-90.5195617076,36.62090129,500.0</coordinates>
    </Point>
</Placemark>
<Placemark>
    <name>HWY 67 &amp; 160 2412429612</name>
    <description>(731) 549-7798  02/13/11 10:28:00</description>
    <styleUrl>#defaultStyle</styleUrl>
    <Point>
        <coordinates>-90.521446371,36.6208221054,500.0</coordinates>
    </Point>
</Placemark>
<Placemark>
    <name>HWY 67 &amp; 160 2412429612</name>
    <description>(731) 549-7798  02/13/11 10:28:00</description>
    <styleUrl>#defaultStyle</styleUrl>
    <Point>
        <coordinates>-90.5233333333,36.6207956999,500.0</coordinates>
    </Point>
</Placemark>
<Placemark>
    <name>HWY 67 &amp; 160 2412429612</name>
    <description>(731) 549-7798  02/13/11 10:28:00</description>
    <styleUrl>#defaultStyle</styleUrl>
    <Point>
        <coordinates>-90.5252202957,36.6208221054,500.0</coordinates>
    </Point>
</Placemark>
<Placemark>
    <name>HWY 67 &amp; 160 2412429612</name>
    <description>(731) 549-7798  02/13/11 10:28:00</description>
    <styleUrl>#defaultStyle</styleUrl>
    <Point>
        <coordinates>-90.5271049591,36.62090129,500.0</coordinates>
    </Point>
</Placemark>
<Placemark>
    <name>HWY 67 &amp; 160 2412429612</name>
    <description>(731) 549-7798  02/13/11 10:28:00</description>
    <styleUrl>#defaultStyle</styleUrl>
    <Point>
        <coordinates>-90.5289850273,36.6210331572,500.0</coordinates>
    </Point>
</Placemark>
<Placemark>
    <name>HWY 67 &amp; 160 2412429612</name>
    <description>(731) 549-7798  02/13/11 10:28:00</description>
    <styleUrl>#defaultStyle</styleUrl>
    <Point>
        <coordinates>-90.5308582098,36.6212175467,500.0</coordinates>
    </Point>
</Placemark>
<Placemark>
    <name>HWY 67 &amp; 160 2412429612</name>
    <description>(731) 549-7798  02/13/11 10:28:00</description>
    <styleUrl>#defaultStyle</styleUrl>
    <Point>
        <coordinates>-90.5327222244,36.6214542342,500.0</coordinates>
    </Point>
</Placemark>
<Placemark>
    <name>HWY 67 &amp; 160 2412429612</name>
    <description>(731) 549-7798  02/13/11 10:28:00</description>
    <styleUrl>#defaultStyle</styleUrl>
    <Point>
        <coordinates>-90.5345748001,36.6217429318,500.0</coordinates>
    </Point>
</Placemark>
<Placemark>
    <name>HWY 67 &amp; 160 2412429612</name>
    <description>(731) 549-7798  02/13/11 10:28:00</description>
    <styleUrl>#defaultStyle</styleUrl>
    <Point>
        <coordinates>-90.5364136797,36.6220832884,500.0</coordinates>
    </Point>
</Placemark>
<Placemark>
    <name>HWY 67 &amp; 160 2412429612</name>
    <description>(731) 549-7798  02/13/11 10:28:00</description>
    <styleUrl>#defaultStyle</styleUrl>
    <Point>
        <coordinates>-90.5382366229,36.62247489,500.0</coordinates>
    </Point>
</Placemark>
<Placemark>
    <name>HWY 67 &amp; 160 2412429612</name>
    <description>(731) 549-7798  02/13/11 10:28:00</description>
    <styleUrl>#defaultStyle</styleUrl>
    <Point>
        <coordinates>-90.5400414087,36.6229172602,500.0</coordinates>
    </Point>
</Placemark>
<Placemark>
    <name>HWY 67 &amp; 160 2412429612</name>
    <description>(731) 549-7798  02/13/11 10:28:00</description>
    <styleUrl>#defaultStyle</styleUrl>
    <Point>
        <coordinates>-90.5418258383,36.623409861,500.0</coordinates>
    </Point>
</Placemark>
<Placemark>
    <name>HWY 67 &amp; 160 2412429612</name>
    <description>(731) 549-7798  02/13/11 10:28:00</description>
    <styleUrl>#defaultStyle</styleUrl>
    <Point>
        <coordinates>-90.5435877376,36.6239520932,500.0</coordinates>
    </Point>
</Placemark>
<Placemark>
    <name>HWY 67 &amp; 160 2412429612</name>
    <description>(731) 549-7798  02/13/11 10:28:00</description>
    <styleUrl>#defaultStyle</styleUrl>
    <Point>
        <coordinates>-90.5453249599,36.6245432971,500.0</coordinates>
    </Point>
</Placemark>
<Placemark>
    <name>HWY 67 &amp; 160 2412429612</name>
    <description>(731) 549-7798  02/13/11 10:28:00</description>
    <styleUrl>#defaultStyle</styleUrl>
    <Point>
        <coordinates>-90.5470353889,36.6251827536,500.0</coordinates>
    </Point>
</Placemark>
<Placemark>
    <name>HWY 67 &amp; 160 2412429612</name>
    <description>(731) 549-7798  02/13/11 10:28:00</description>
    <styleUrl>#defaultStyle</styleUrl>
    <Point>
        <coordinates>-90.5487169404,36.6258696848,500.0</coordinates>
    </Point>
</Placemark>
<Placemark>
    <name>HWY 67 &amp; 160 2412429612</name>
    <description>(731) 549-7798  02/13/11 10:28:00</description>
    <styleUrl>#defaultStyle</styleUrl>
    <Point>
        <coordinates>-90.550367566,36.6266032551,500.0</coordinates>
    </Point>
</Placemark>
<Placemark>
    <name>HWY 67 &amp; 160 2412429612</name>
    <description>(731) 549-7798  02/13/11 10:28:00</description>
    <styleUrl>#defaultStyle</styleUrl>
    <Point>
        <coordinates>-90.5519852544,36.627382572,500.0</coordinates>
    </Point>
</Placemark>
<Placemark>
    <name>HWY 67 &amp; 160 2412429612</name>
    <description>(731) 549-7798  02/13/11 10:28:00</description>
    <styleUrl>#defaultStyle</styleUrl>
    <Point>
        <coordinates>-90.5535680348,36.6282066875,500.0</coordinates>
    </Point>
</Placemark>
<Placemark>
    <name>HWY 67 &amp; 160 2412429612</name>
    <description>(731) 549-7798  02/13/11 10:28:00</description>
    <styleUrl>#defaultStyle</styleUrl>
    <Point>
        <coordinates>-90.5551139789,36.6290745988,500.0</coordinates>
    </Point>
</Placemark>
<Placemark>
    <name>HWY 67 &amp; 160 2412429612</name>
    <description>(731) 549-7798  02/13/11 10:28:00</description>
    <styleUrl>#defaultStyle</styleUrl>
    <Point>
        <coordinates>-90.5566212032,36.62998525,500.0</coordinates>
    </Point>
</Placemark>
<Placemark>
    <name>HWY 67 &amp; 160 2412429612</name>
    <description>(731) 549-7798  02/13/11 10:28:00</description>
    <styleUrl>#defaultStyle</styleUrl>
    <Point>
        <coordinates>-90.5580878712,36.6309375332,500.0</coordinates>
    </Point>
</Placemark>
<Placemark>
    <name>HWY 67 &amp; 160 2412429612</name>
    <description>(731) 549-7798  02/13/11 10:28:00</description>
    <styleUrl>#defaultStyle</styleUrl>
    <Point>
        <coordinates>-90.5595121962,36.6319302897,500.0</coordinates>
    </Point>
</Placemark>
<Placemark>
    <name>HWY 67 &amp; 160 2412429612</name>
    <description>(731) 549-7798  02/13/11 10:28:00</description>
    <styleUrl>#defaultStyle</styleUrl>
    <Point>
        <coordinates>-90.5608924427,36.6329623114,500.0</coordinates>
    </Point>
</Placemark>
<Placemark>
    <name>HWY 67 &amp; 160 2412429612</name>
    <description>(731) 549-7798  02/13/11 10:28:00</description>
    <styleUrl>#defaultStyle</styleUrl>
    <Point>
        <coordinates>-90.5622269293,36.6340323425,500.0</coordinates>
    </Point>
</Placemark>
<Placemark>
    <name>HWY 67 &amp; 160 2412429612</name>
    <description>(731) 549-7798  02/13/11 10:28:00</description>
    <styleUrl>#defaultStyle</styleUrl>
    <Point>
        <coordinates>-90.5635140299,36.635139081,500.0</coordinates>
    </Point>
</Placemark>
<Placemark>
    <name>HWY 67 &amp; 160 2412429612</name>
    <description>(731) 549-7798  02/13/11 10:28:00</description>
    <styleUrl>#defaultStyle</styleUrl>
    <Point>
        <coordinates>-90.5647521766,36.63628118,500.0</coordinates>
    </Point>
</Placemark>
<Placemark>
    <name>HWY 67 &amp; 160 2412429612</name>
    <description>(731) 549-7798  02/13/11 10:28:00</description>
    <styleUrl>#defaultStyle</styleUrl>
    <Point>
        <coordinates>-90.5659398607,36.6374572496,500.0</coordinates>
    </Point>
</Placemark>
<Placemark>
    <name>HWY 67 &amp; 160 2412429612</name>
    <description>(731) 549-7798  02/13/11 10:28:00</description>
    <styleUrl>#defaultStyle</styleUrl>
    <Point>
        <coordinates>-90.5670756353,36.6386658585,500.0</coordinates>
    </Point>
</Placemark>
<Placemark>
    <name>HWY 67 &amp; 160 2412429612</name>
    <description>(731) 549-7798  02/13/11 10:28:00</description>
    <styleUrl>#defaultStyle</styleUrl>
    <Point>
        <coordinates>-90.5681581167,36.6399055355,500.0</coordinates>
    </Point>
</Placemark>
<Placemark>
    <name>HWY 67 &amp; 160 2412429612</name>
    <description>(731) 549-7798  02/13/11 10:28:00</description>
    <styleUrl>#defaultStyle</styleUrl>
    <Point>
        <coordinates>-90.569185986,36.6411747719,500.0</coordinates>
    </Point>
</Placemark>
<Placemark>
    <name>HWY 67 &amp; 160 2412429612</name>
    <description>(731) 549-7798  02/13/11 10:28:00</description>
    <styleUrl>#defaultStyle</styleUrl>
    <Point>
        <coordinates>-90.5701579908,36.6424720228,500.0</coordinates>
    </Point>
</Placemark>
<Placemark>
    <name>NS3153 FAIRVIEW 1602031533</name>
    <description>(731) 798-0089  03/14/11 11:34:00</description>
    <styleUrl>#defaultStyle</styleUrl>
    <Point>
        <coordinates>-87.1366666667,35.9938888889,0.0</coordinates>
    </Point>
</Placemark>
<Placemark>
    <name>NS3905 HICKS (NORTH CAMDEN) 1601939058</name>
    <description>(731) 549-4403  02/24/11 14:06:00</description>
    <styleUrl>#defaultStyle</styleUrl>
    <Point>
        <coordinates>-88.1416666667,36.1444444444,500.0</coordinates>
    </Point>
</Placemark>
<Placemark>
    <name>NS3905 HICKS (NORTH CAMDEN) 1601939058</name>
    <description>(731) 549-4403  02/24/11 14:06:00</description>
    <styleUrl>#defaultStyle</styleUrl>
    <Point>
        <coordinates>-88.0951541622,36.1227499728,500.0</coordinates>
    </Point>
</Placemark>
<Placemark>
    <name>NS3905 HICKS (NORTH CAMDEN) 1601939058</name>
    <description>(731) 549-4403  02/24/11 14:06:00</description>
    <styleUrl>#defaultStyle</styleUrl>
    <Point>
        <coordinates>-88.0961196872,36.1214527149,500.0</coordinates>
    </Point>
</Placemark>
<Placemark>
    <name>NS3905 HICKS (NORTH CAMDEN) 1601939058</name>
    <description>(731) 549-4403  02/24/11 14:06:00</description>
    <styleUrl>#defaultStyle</styleUrl>
    <Point>
        <coordinates>-88.0971407043,36.1201834712,500.0</coordinates>
    </Point>
</Placemark>
<Placemark>
    <name>NS3905 HICKS (NORTH CAMDEN) 1601939058</name>
    <description>(731) 549-4403  02/24/11 14:06:00</description>
    <styleUrl>#defaultStyle</styleUrl>
    <Point>
        <coordinates>-88.0982159694,36.1189437866,500.0</coordinates>
    </Point>
</Placemark>
<Placemark>
    <name>NS3905 HICKS (NORTH CAMDEN) 1601939058</name>
    <description>(731) 549-4403  02/24/11 14:06:00</description>
    <styleUrl>#defaultStyle</styleUrl>
    <Point>
        <coordinates>-88.0993441725,36.11773517,500.0</coordinates>
    </Point>
</Placemark>
<Placemark>
    <name>NS3905 HICKS (NORTH CAMDEN) 1601939058</name>
    <description>(731) 549-4403  02/24/11 14:06:00</description>
    <styleUrl>#defaultStyle</styleUrl>
    <Point>
        <coordinates>-88.100523939,36.1165590926,500.0</coordinates>
    </Point>
</Placemark>
<Placemark>
    <name>NS3905 HICKS (NORTH CAMDEN) 1601939058</name>
    <description>(731) 549-4403  02/24/11 14:06:00</description>
    <styleUrl>#defaultStyle</styleUrl>
    <Point>
        <coordinates>-88.1017538317,36.1154169856,500.0</coordinates>
    </Point>
</Placemark>
<Placemark>
    <name>NS3905 HICKS (NORTH CAMDEN) 1601939058</name>
    <description>(731) 549-4403  02/24/11 14:06:00</description>
    <styleUrl>#defaultStyle</styleUrl>
    <Point>
        <coordinates>-88.103032352,36.1143102391,500.0</coordinates>
    </Point>
</Placemark>
<Placemark>
    <name>NS3905 HICKS (NORTH CAMDEN) 1601939058</name>
    <description>(731) 549-4403  02/24/11 14:06:00</description>
    <styleUrl>#defaultStyle</styleUrl>
    <Point>
        <coordinates>-88.1043579423,36.1132402,500.0</coordinates>
    </Point>
</Placemark>
<Placemark>
    <name>NS3905 HICKS (NORTH CAMDEN) 1601939058</name>
    <description>(731) 549-4403  02/24/11 14:06:00</description>
    <styleUrl>#defaultStyle</styleUrl>
    <Point>
        <coordinates>-88.1057289875,36.1122081703,500.0</coordinates>
    </Point>
</Placemark>
<Placemark>
    <name>NS3905 HICKS (NORTH CAMDEN) 1601939058</name>
    <description>(731) 549-4403  02/24/11 14:06:00</description>
    <styleUrl>#defaultStyle</styleUrl>
    <Point>
        <coordinates>-88.1071438173,36.1112154059,500.0</coordinates>
    </Point>
</Placemark>
<Placemark>
    <name>NS3905 HICKS (NORTH CAMDEN) 1601939058</name>
    <description>(731) 549-4403  02/24/11 14:06:00</description>
    <styleUrl>#defaultStyle</styleUrl>
    <Point>
        <coordinates>-88.1086007079,36.1102631149,500.0</coordinates>
    </Point>
</Placemark>
<Placemark>
    <name>NS3905 HICKS (NORTH CAMDEN) 1601939058</name>
    <description>(731) 549-4403  02/24/11 14:06:00</description>
    <styleUrl>#defaultStyle</styleUrl>
    <Point>
        <coordinates>-88.1100978844,36.1093524559,500.0</coordinates>
    </Point>
</Placemark>
<Placemark>
    <name>NS3905 HICKS (NORTH CAMDEN) 1601939058</name>
    <description>(731) 549-4403  02/24/11 14:06:00</description>
    <styleUrl>#defaultStyle</styleUrl>
    <Point>
        <coordinates>-88.1116335225,36.1084845371,500.0</coordinates>
    </Point>
</Placemark>
<Placemark>
    <name>NS3905 HICKS (NORTH CAMDEN) 1601939058</name>
    <description>(731) 549-4403  02/24/11 14:06:00</description>
    <styleUrl>#defaultStyle</styleUrl>
    <Point>
        <coordinates>-88.1132057515,36.1076604143,500.0</coordinates>
    </Point>
</Placemark>
<Placemark>
    <name>NS3905 HICKS (NORTH CAMDEN) 1601939058</name>
    <description>(731) 549-4403  02/24/11 14:06:00</description>
    <styleUrl>#defaultStyle</styleUrl>
    <Point>
        <coordinates>-88.1148126557,36.1068810903,500.0</coordinates>
    </Point>
</Placemark>
<Placemark>
    <name>NS3905 HICKS (NORTH CAMDEN) 1601939058</name>
    <description>(731) 549-4403  02/24/11 14:06:00</description>
    <styleUrl>#defaultStyle</styleUrl>
    <Point>
        <coordinates>-88.1164522775,36.1061475132,500.0</coordinates>
    </Point>
</Placemark>
<Placemark>
    <name>NS3905 HICKS (NORTH CAMDEN) 1601939058</name>
    <description>(731) 549-4403  02/24/11 14:06:00</description>
    <styleUrl>#defaultStyle</styleUrl>
    <Point>
        <coordinates>-88.1181226191,36.1054605755,500.0</coordinates>
    </Point>
</Placemark>
<Placemark>
    <name>NS3905 HICKS (NORTH CAMDEN) 1601939058</name>
    <description>(731) 549-4403  02/24/11 14:06:00</description>
    <styleUrl>#defaultStyle</styleUrl>
    <Point>
        <coordinates>-88.1198216456,36.1048211129,500.0</coordinates>
    </Point>
</Placemark>
<Placemark>
    <name>NS3905 HICKS (NORTH CAMDEN) 1601939058</name>
    <description>(731) 549-4403  02/24/11 14:06:00</description>
    <styleUrl>#defaultStyle</styleUrl>
    <Point>
        <coordinates>-88.1215472869,36.1042299032,500.0</coordinates>
    </Point>
</Placemark>
<Placemark>
    <name>NS3905 HICKS (NORTH CAMDEN) 1601939058</name>
    <description>(731) 549-4403  02/24/11 14:06:00</description>
    <styleUrl>#defaultStyle</styleUrl>
    <Point>
        <coordinates>-88.1232974406,36.1036876656,500.0</coordinates>
    </Point>
</Placemark>
<Placemark>
    <name>NS3905 HICKS (NORTH CAMDEN) 1601939058</name>
    <description>(731) 549-4403  02/24/11 14:06:00</description>
    <styleUrl>#defaultStyle</styleUrl>
    <Point>
        <coordinates>-88.1250699744,36.1031950599,500.0</coordinates>
    </Point>
</Placemark>
<Placemark>
    <name>NS3905 HICKS (NORTH CAMDEN) 1601939058</name>
    <description>(731) 549-4403  02/24/11 14:06:00</description>
    <styleUrl>#defaultStyle</styleUrl>
    <Point>
        <coordinates>-88.1268627288,36.1027526852,500.0</coordinates>
    </Point>
</Placemark>
<Placemark>
    <name>NS3905 HICKS (NORTH CAMDEN) 1601939058</name>
    <description>(731) 549-4403  02/24/11 14:06:00</description>
    <styleUrl>#defaultStyle</styleUrl>
    <Point>
        <coordinates>-88.1286735195,36.1023610796,500.0</coordinates>
    </Point>
</Placemark>
<Placemark>
    <name>NS3905 HICKS (NORTH CAMDEN) 1601939058</name>
    <description>(731) 549-4403  02/24/11 14:06:00</description>
    <styleUrl>#defaultStyle</styleUrl>
    <Point>
        <coordinates>-88.1305001404,36.1020207195,500.0</coordinates>
    </Point>
</Placemark>
<Placemark>
    <name>NS3905 HICKS (NORTH CAMDEN) 1601939058</name>
    <description>(731) 549-4403  02/24/11 14:06:00</description>
    <styleUrl>#defaultStyle</styleUrl>
    <Point>
        <coordinates>-88.1323403659,36.1017320189,500.0</coordinates>
    </Point>
</Placemark>
<Placemark>
    <name>NS3905 HICKS (NORTH CAMDEN) 1601939058</name>
    <description>(731) 549-4403  02/24/11 14:06:00</description>
    <styleUrl>#defaultStyle</styleUrl>
    <Point>
        <coordinates>-88.1341919542,36.1014953289,500.0</coordinates>
    </Point>
</Placemark>
<Placemark>
    <name>NS3905 HICKS (NORTH CAMDEN) 1601939058</name>
    <description>(731) 549-4403  02/24/11 14:06:00</description>
    <styleUrl>#defaultStyle</styleUrl>
    <Point>
        <coordinates>-88.1360526493,36.1013109375,500.0</coordinates>
    </Point>
</Placemark>
<Placemark>
    <name>NS3905 HICKS (NORTH CAMDEN) 1601939058</name>
    <description>(731) 549-4403  02/24/11 14:06:00</description>
    <styleUrl>#defaultStyle</styleUrl>
    <Point>
        <coordinates>-88.1379201842,36.1011790689,500.0</coordinates>
    </Point>
</Placemark>
<Placemark>
    <name>NS3905 HICKS (NORTH CAMDEN) 1601939058</name>
    <description>(731) 549-4403  02/24/11 14:06:00</description>
    <styleUrl>#defaultStyle</styleUrl>
    <Point>
        <coordinates>-88.1397922836,36.1010998835,500.0</coordinates>
    </Point>
</Placemark>
<Placemark>
    <name>NS3905 HICKS (NORTH CAMDEN) 1601939058</name>
    <description>(731) 549-4403  02/24/11 14:06:00</description>
    <styleUrl>#defaultStyle</styleUrl>
    <Point>
        <coordinates>-88.1416666667,36.1010734776,500.0</coordinates>
    </Point>
</Placemark>
<Placemark>
    <name>NS3905 HICKS (NORTH CAMDEN) 1601939058</name>
    <description>(731) 549-4403  02/24/11 14:06:00</description>
    <styleUrl>#defaultStyle</styleUrl>
    <Point>
        <coordinates>-88.1435410497,36.1010998835,500.0</coordinates>
    </Point>
</Placemark>
<Placemark>
    <name>NS3905 HICKS (NORTH CAMDEN) 1601939058</name>
    <description>(731) 549-4403  02/24/11 14:06:00</description>
    <styleUrl>#defaultStyle</styleUrl>
    <Point>
        <coordinates>-88.1454131492,36.1011790689,500.0</coordinates>
    </Point>
</Placemark>
<Placemark>
    <name>NS3905 HICKS (NORTH CAMDEN) 1601939058</name>
    <description>(731) 549-4403  02/24/11 14:06:00</description>
    <styleUrl>#defaultStyle</styleUrl>
    <Point>
        <coordinates>-88.147280684,36.1013109375,500.0</coordinates>
    </Point>
</Placemark>
<Placemark>
    <name>NS3905 HICKS (NORTH CAMDEN) 1601939058</name>
    <description>(731) 549-4403  02/24/11 14:06:00</description>
    <styleUrl>#defaultStyle</styleUrl>
    <Point>
        <coordinates>-88.1491413791,36.1014953289,500.0</coordinates>
    </Point>
</Placemark>
<Placemark>
    <name>NS3905 HICKS (NORTH CAMDEN) 1601939058</name>
    <description>(731) 549-4403  02/24/11 14:06:00</description>
    <styleUrl>#defaultStyle</styleUrl>
    <Point>
        <coordinates>-88.1509929674,36.1017320189,500.0</coordinates>
    </Point>
</Placemark>
<Placemark>
    <name>NS3905 HICKS (NORTH CAMDEN) 1601939058</name>
    <description>(731) 549-4403  02/24/11 14:06:00</description>
    <styleUrl>#defaultStyle</styleUrl>
    <Point>
        <coordinates>-88.152833193,36.1020207195,500.0</coordinates>
    </Point>
</Placemark>
<Placemark>
    <name>NS3905 HICKS (NORTH CAMDEN) 1601939058</name>
    <description>(731) 549-4403  02/24/11 14:06:00</description>
    <styleUrl>#defaultStyle</styleUrl>
    <Point>
        <coordinates>-88.1546598139,36.1023610796,500.0</coordinates>
    </Point>
</Placemark>
<Placemark>
    <name>NS3905 HICKS (NORTH CAMDEN) 1601939058</name>
    <description>(731) 549-4403  02/24/11 14:06:00</description>
    <styleUrl>#defaultStyle</styleUrl>
    <Point>
        <coordinates>-88.1564706046,36.1027526852,500.0</coordinates>
    </Point>
</Placemark>
<Placemark>
    <name>NS3905 HICKS (NORTH CAMDEN) 1601939058</name>
    <description>(731) 549-4403  02/24/11 14:06:00</description>
    <styleUrl>#defaultStyle</styleUrl>
    <Point>
        <coordinates>-88.1582633589,36.1031950599,500.0</coordinates>
    </Point>
</Placemark>
<Placemark>
    <name>NS3905 HICKS (NORTH CAMDEN) 1601939058</name>
    <description>(731) 549-4403  02/24/11 14:06:00</description>
    <styleUrl>#defaultStyle</styleUrl>
    <Point>
        <coordinates>-88.1600358927,36.1036876656,500.0</coordinates>
    </Point>
</Placemark>
<Placemark>
    <name>NS3905 HICKS (NORTH CAMDEN) 1601939058</name>
    <description>(731) 549-4403  02/24/11 14:06:00</description>
    <styleUrl>#defaultStyle</styleUrl>
    <Point>
        <coordinates>-88.1617860464,36.1042299032,500.0</coordinates>
    </Point>
</Placemark>
<Placemark>
    <name>NS3905 HICKS (NORTH CAMDEN) 1601939058</name>
    <description>(731) 549-4403  02/24/11 14:06:00</description>
    <styleUrl>#defaultStyle</styleUrl>
    <Point>
        <coordinates>-88.1635116877,36.1048211129,500.0</coordinates>
    </Point>
</Placemark>
<Placemark>
    <name>NS3905 HICKS (NORTH CAMDEN) 1601939058</name>
    <description>(731) 549-4403  02/24/11 14:06:00</description>
    <styleUrl>#defaultStyle</styleUrl>
    <Point>
        <coordinates>-88.1652107142,36.1054605755,500.0</coordinates>
    </Point>
</Placemark>
<Placemark>
    <name>NS3905 HICKS (NORTH CAMDEN) 1601939058</name>
    <description>(731) 549-4403  02/24/11 14:06:00</description>
    <styleUrl>#defaultStyle</styleUrl>
    <Point>
        <coordinates>-88.1668810558,36.1061475132,500.0</coordinates>
    </Point>
</Placemark>
<Placemark>
    <name>NS3905 HICKS (NORTH CAMDEN) 1601939058</name>
    <description>(731) 549-4403  02/24/11 14:06:00</description>
    <styleUrl>#defaultStyle</styleUrl>
    <Point>
        <coordinates>-88.1685206776,36.1068810903,500.0</coordinates>
    </Point>
</Placemark>
<Placemark>
    <name>NS3905 HICKS (NORTH CAMDEN) 1601939058</name>
    <description>(731) 549-4403  02/24/11 14:06:00</description>
    <styleUrl>#defaultStyle</styleUrl>
    <Point>
        <coordinates>-88.1701275818,36.1076604143,500.0</coordinates>
    </Point>
</Placemark>
<Placemark>
    <name>NS3905 HICKS (NORTH CAMDEN) 1601939058</name>
    <description>(731) 549-4403  02/24/11 14:06:00</description>
    <styleUrl>#defaultStyle</styleUrl>
    <Point>
        <coordinates>-88.1716998108,36.1084845371,500.0</coordinates>
    </Point>
</Placemark>
<Placemark>
    <name>NS3905 HICKS (NORTH CAMDEN) 1601939058</name>
    <description>(731) 549-4403  02/24/11 14:06:00</description>
    <styleUrl>#defaultStyle</styleUrl>
    <Point>
        <coordinates>-88.173235449,36.1093524559,500.0</coordinates>
    </Point>
</Placemark>
<Placemark>
    <name>NS3905 HICKS (NORTH CAMDEN) 1601939058</name>
    <description>(731) 549-4403  02/24/11 14:06:00</description>
    <styleUrl>#defaultStyle</styleUrl>
    <Point>
        <coordinates>-88.1747326254,36.1102631149,500.0</coordinates>
    </Point>
</Placemark>
<Placemark>
    <name>NS3905 HICKS (NORTH CAMDEN) 1601939058</name>
    <description>(731) 549-4403  02/24/11 14:06:00</description>
    <styleUrl>#defaultStyle</styleUrl>
    <Point>
        <coordinates>-88.176189516,36.1112154059,500.0</coordinates>
    </Point>
</Placemark>
<Placemark>
    <name>NS3905 HICKS (NORTH CAMDEN) 1601939058</name>
    <description>(731) 549-4403  02/24/11 14:06:00</description>
    <styleUrl>#defaultStyle</styleUrl>
    <Point>
        <coordinates>-88.1776043458,36.1122081703,500.0</coordinates>
    </Point>
</Placemark>
<Placemark>
    <name>NS3905 HICKS (NORTH CAMDEN) 1601939058</name>
    <description>(731) 549-4403  02/24/11 14:06:00</description>
    <styleUrl>#defaultStyle</styleUrl>
    <Point>
        <coordinates>-88.1789753911,36.1132402,500.0</coordinates>
    </Point>
</Placemark>
<Placemark>
    <name>NS3905 HICKS (NORTH CAMDEN) 1601939058</name>
    <description>(731) 549-4403  02/24/11 14:06:00</description>
    <styleUrl>#defaultStyle</styleUrl>
    <Point>
        <coordinates>-88.1803009814,36.1143102391,500.0</coordinates>
    </Point>
</Placemark>
<Placemark>
    <name>NS3905 HICKS (NORTH CAMDEN) 1601939058</name>
    <description>(731) 549-4403  02/24/11 14:06:00</description>
    <styleUrl>#defaultStyle</styleUrl>
    <Point>
        <coordinates>-88.1815795017,36.1154169856,500.0</coordinates>
    </Point>
</Placemark>
<Placemark>
    <name>NS3905 HICKS (NORTH CAMDEN) 1601939058</name>
    <description>(731) 549-4403  02/24/11 14:06:00</description>
    <styleUrl>#defaultStyle</styleUrl>
    <Point>
        <coordinates>-88.1828093943,36.1165590926,500.0</coordinates>
    </Point>
</Placemark>
<Placemark>
    <name>NS3905 HICKS (NORTH CAMDEN) 1601939058</name>
    <description>(731) 549-4403  02/24/11 14:06:00</description>
    <styleUrl>#defaultStyle</styleUrl>
    <Point>
        <coordinates>-88.1839891608,36.11773517,500.0</coordinates>
    </Point>
</Placemark>
<Placemark>
    <name>NS3905 HICKS (NORTH CAMDEN) 1601939058</name>
    <description>(731) 549-4403  02/24/11 14:06:00</description>
    <styleUrl>#defaultStyle</styleUrl>
    <Point>
        <coordinates>-88.1851173639,36.1189437866,500.0</coordinates>
    </Point>
</Placemark>
<Placemark>
    <name>NS3905 HICKS (NORTH CAMDEN) 1601939058</name>
    <description>(731) 549-4403  02/24/11 14:06:00</description>
    <styleUrl>#defaultStyle</styleUrl>
    <Point>
        <coordinates>-88.186192629,36.1201834712,500.0</coordinates>
    </Point>
</Placemark>
<Placemark>
    <name>NS3905 HICKS (NORTH CAMDEN) 1601939058</name>
    <description>(731) 549-4403  02/24/11 14:06:00</description>
    <styleUrl>#defaultStyle</styleUrl>
    <Point>
        <coordinates>-88.1872136461,36.1214527149,500.0</coordinates>
    </Point>
</Placemark>
<Placemark>
    <name>NS3905 HICKS (NORTH CAMDEN) 1601939058</name>
    <description>(731) 549-4403  02/24/11 14:06:00</description>
    <styleUrl>#defaultStyle</styleUrl>
    <Point>
        <coordinates>-88.1881791712,36.1227499728,500.0</coordinates>
    </Point>
</Placemark>
<Placemark>
    <name>BOYNTON TOLL 2701509002</name>
    <description>(731) 439-5644  01/20/11 17:32:00</description>
    <styleUrl>#defaultStyle</styleUrl>
    <Point>
        <coordinates>-80.1733333333,26.5563888889,500.0</coordinates>
    </Point>
</Placemark>
<Placemark>
    <name>BOYNTON TOLL 2701509002</name>
    <description>(731) 439-5644  01/20/11 17:32:00</description>
    <styleUrl>#defaultStyle</styleUrl>
    <Point>
        <coordinates>-80.1733333333,26.5130179221,500.0</coordinates>
    </Point>
</Placemark>
<Placemark>
    <name>BOYNTON TOLL 2701509002</name>
    <description>(731) 439-5644  01/20/11 17:32:00</description>
    <styleUrl>#defaultStyle</styleUrl>
    <Point>
        <coordinates>-80.17502549,26.5130443325,500.0</coordinates>
    </Point>
</Placemark>
<Placemark>
    <name>BOYNTON TOLL 2701509002</name>
    <description>(731) 439-5644  01/20/11 17:32:00</description>
    <styleUrl>#defaultStyle</styleUrl>
    <Point>
        <coordinates>-80.176715585,26.5131235317,500.0</coordinates>
    </Point>
</Placemark>
<Placemark>
    <name>BOYNTON TOLL 2701509002</name>
    <description>(731) 439-5644  01/20/11 17:32:00</description>
    <styleUrl>#defaultStyle</styleUrl>
    <Point>
        <coordinates>-80.1784015592,26.5132554232,500.0</coordinates>
    </Point>
</Placemark>
<Placemark>
    <name>BOYNTON TOLL 2701509002</name>
    <description>(731) 439-5644  01/20/11 17:32:00</description>
    <styleUrl>#defaultStyle</styleUrl>
    <Point>
        <coordinates>-80.1800813586,26.5134398466,500.0</coordinates>
    </Point>
</Placemark>
<Placemark>
    <name>BOYNTON TOLL 2701509002</name>
    <description>(731) 439-5644  01/20/11 17:32:00</description>
    <styleUrl>#defaultStyle</styleUrl>
    <Point>
        <coordinates>-80.1817529366,26.5136765773,500.0</coordinates>
    </Point>
</Placemark>
<Placemark>
    <name>BOYNTON TOLL 2701509002</name>
    <description>(731) 439-5644  01/20/11 17:32:00</description>
    <styleUrl>#defaultStyle</styleUrl>
    <Point>
        <coordinates>-80.1834142565,26.5139653274,500.0</coordinates>
    </Point>
</Placemark>
<Placemark>
    <name>BOYNTON TOLL 2701509002</name>
    <description>(731) 439-5644  01/20/11 17:32:00</description>
    <styleUrl>#defaultStyle</styleUrl>
    <Point>
        <coordinates>-80.1850632944,26.5143057454,500.0</coordinates>
    </Point>
</Placemark>
<Placemark>
    <name>BOYNTON TOLL 2701509002</name>
    <description>(731) 439-5644  01/20/11 17:32:00</description>
    <styleUrl>#defaultStyle</styleUrl>
    <Point>
        <coordinates>-80.1866980411,26.514697417,500.0</coordinates>
    </Point>
</Placemark>
<Placemark>
    <name>BOYNTON TOLL 2701509002</name>
    <description>(731) 439-5644  01/20/11 17:32:00</description>
    <styleUrl>#defaultStyle</styleUrl>
    <Point>
        <coordinates>-80.188316505,26.5151398655,500.0</coordinates>
    </Point>
</Placemark>
<Placemark>
    <name>BOYNTON TOLL 2701509002</name>
    <description>(731) 439-5644  01/20/11 17:32:00</description>
    <styleUrl>#defaultStyle</styleUrl>
    <Point>
        <coordinates>-80.1899167141,26.5156325525,500.0</coordinates>
    </Point>
</Placemark>
<Placemark>
    <name>BOYNTON TOLL 2701509002</name>
    <description>(731) 439-5644  01/20/11 17:32:00</description>
    <styleUrl>#defaultStyle</styleUrl>
    <Point>
        <coordinates>-80.1914967189,26.5161748783,500.0</coordinates>
    </Point>
</Placemark>
<Placemark>
    <name>BOYNTON TOLL 2701509002</name>
    <description>(731) 439-5644  01/20/11 17:32:00</description>
    <styleUrl>#defaultStyle</styleUrl>
    <Point>
        <coordinates>-80.1930545944,26.516766183,500.0</coordinates>
    </Point>
</Placemark>
<Placemark>
    <name>BOYNTON TOLL 2701509002</name>
    <description>(731) 439-5644  01/20/11 17:32:00</description>
    <styleUrl>#defaultStyle</styleUrl>
    <Point>
        <coordinates>-80.1945884426,26.5174057467,500.0</coordinates>
    </Point>
</Placemark>
<Placemark>
    <name>BOYNTON TOLL 2701509002</name>
    <description>(731) 439-5644  01/20/11 17:32:00</description>
    <styleUrl>#defaultStyle</styleUrl>
    <Point>
        <coordinates>-80.1960963947,26.5180927913,500.0</coordinates>
    </Point>
</Placemark>
<Placemark>
    <name>BOYNTON TOLL 2701509002</name>
    <description>(731) 439-5644  01/20/11 17:32:00</description>
    <styleUrl>#defaultStyle</styleUrl>
    <Point>
        <coordinates>-80.1975766134,26.5188264803,500.0</coordinates>
    </Point>
</Placemark>
<Placemark>
    <name>BOYNTON TOLL 2701509002</name>
    <description>(731) 439-5644  01/20/11 17:32:00</description>
    <styleUrl>#defaultStyle</styleUrl>
    <Point>
        <coordinates>-80.1990272954,26.5196059209,500.0</coordinates>
    </Point>
</Placemark>
<Placemark>
    <name>BOYNTON TOLL 2701509002</name>
    <description>(731) 439-5644  01/20/11 17:32:00</description>
    <styleUrl>#defaultStyle</styleUrl>
    <Point>
        <coordinates>-80.2004466733,26.5204301642,500.0</coordinates>
    </Point>
</Placemark>
<Placemark>
    <name>BOYNTON TOLL 2701509002</name>
    <description>(731) 439-5644  01/20/11 17:32:00</description>
    <styleUrl>#defaultStyle</styleUrl>
    <Point>
        <coordinates>-80.2018330177,26.5212982071,500.0</coordinates>
    </Point>
</Placemark>
<Placemark>
    <name>BOYNTON TOLL 2701509002</name>
    <description>(731) 439-5644  01/20/11 17:32:00</description>
    <styleUrl>#defaultStyle</styleUrl>
    <Point>
        <coordinates>-80.2031846396,26.522208993,500.0</coordinates>
    </Point>
</Placemark>
<Placemark>
    <name>BOYNTON TOLL 2701509002</name>
    <description>(731) 439-5644  01/20/11 17:32:00</description>
    <styleUrl>#defaultStyle</styleUrl>
    <Point>
        <coordinates>-80.2044998922,26.5231614132,500.0</coordinates>
    </Point>
</Placemark>
<Placemark>
    <name>BOYNTON TOLL 2701509002</name>
    <description>(731) 439-5644  01/20/11 17:32:00</description>
    <styleUrl>#defaultStyle</styleUrl>
    <Point>
        <coordinates>-80.2057771732,26.5241543083,500.0</coordinates>
    </Point>
</Placemark>
<Placemark>
    <name>BOYNTON TOLL 2701509002</name>
    <description>(731) 439-5644  01/20/11 17:32:00</description>
    <styleUrl>#defaultStyle</styleUrl>
    <Point>
        <coordinates>-80.2070149263,26.5251864697,500.0</coordinates>
    </Point>
</Placemark>
<Placemark>
    <name>BOYNTON TOLL 2701509002</name>
    <description>(731) 439-5644  01/20/11 17:32:00</description>
    <styleUrl>#defaultStyle</styleUrl>
    <Point>
        <coordinates>-80.2082116436,26.526256641,500.0</coordinates>
    </Point>
</Placemark>
<Placemark>
    <name>BOYNTON TOLL 2701509002</name>
    <description>(731) 439-5644  01/20/11 17:32:00</description>
    <styleUrl>#defaultStyle</styleUrl>
    <Point>
        <coordinates>-80.209365867,26.5273635192,500.0</coordinates>
    </Point>
</Placemark>
<Placemark>
    <name>BOYNTON TOLL 2701509002</name>
    <description>(731) 439-5644  01/20/11 17:32:00</description>
    <styleUrl>#defaultStyle</styleUrl>
    <Point>
        <coordinates>-80.2104761903,26.528505757,500.0</coordinates>
    </Point>
</Placemark>
<Placemark>
    <name>BOYNTON TOLL 2701509002</name>
    <description>(731) 439-5644  01/20/11 17:32:00</description>
    <styleUrl>#defaultStyle</styleUrl>
    <Point>
        <coordinates>-80.2115412608,26.5296819636,500.0</coordinates>
    </Point>
</Placemark>
<Placemark>
    <name>BOYNTON TOLL 2701509002</name>
    <description>(731) 439-5644  01/20/11 17:32:00</description>
    <styleUrl>#defaultStyle</styleUrl>
    <Point>
        <coordinates>-80.2125597807,26.5308907071,500.0</coordinates>
    </Point>
</Placemark>
<Placemark>
    <name>BOYNTON TOLL 2701509002</name>
    <description>(731) 439-5644  01/20/11 17:32:00</description>
    <styleUrl>#defaultStyle</styleUrl>
    <Point>
        <coordinates>-80.2135305093,26.5321305159,500.0</coordinates>
    </Point>
</Placemark>
<Placemark>
    <name>BOYNTON TOLL 2701509002</name>
    <description>(731) 439-5644  01/20/11 17:32:00</description>
    <styleUrl>#defaultStyle</styleUrl>
    <Point>
        <coordinates>-80.2144522638,26.5333998803,500.0</coordinates>
    </Point>
</Placemark>
<Placemark>
    <name>BOYNTON TOLL 2701509002</name>
    <description>(731) 439-5644  01/20/11 17:32:00</description>
    <styleUrl>#defaultStyle</styleUrl>
    <Point>
        <coordinates>-80.2153239212,26.5346972548,500.0</coordinates>
    </Point>
</Placemark>
<Placemark>
    <name>BOYNTON TOLL 2701509002</name>
    <description>(731) 439-5644  01/20/11 17:32:00</description>
    <styleUrl>#defaultStyle</styleUrl>
    <Point>
        <coordinates>-80.2161444195,26.5360210598,500.0</coordinates>
    </Point>
</Placemark>
<Placemark>
    <name>BOYNTON TOLL 2701509002</name>
    <description>(731) 439-5644  01/20/11 17:32:00</description>
    <styleUrl>#defaultStyle</styleUrl>
    <Point>
        <coordinates>-80.2169127591,26.5373696832,500.0</coordinates>
    </Point>
</Placemark>
<Placemark>
    <name>BOYNTON TOLL 2701509002</name>
    <description>(731) 439-5644  01/20/11 17:32:00</description>
    <styleUrl>#defaultStyle</styleUrl>
    <Point>
        <coordinates>-80.217628004,26.5387414827,500.0</coordinates>
    </Point>
</Placemark>
<Placemark>
    <name>BOYNTON TOLL 2701509002</name>
    <description>(731) 439-5644  01/20/11 17:32:00</description>
    <styleUrl>#defaultStyle</styleUrl>
    <Point>
        <coordinates>-80.2182892825,26.5401347879,500.0</coordinates>
    </Point>
</Placemark>
<Placemark>
    <name>BOYNTON TOLL 2701509002</name>
    <description>(731) 439-5644  01/20/11 17:32:00</description>
    <styleUrl>#defaultStyle</styleUrl>
    <Point>
        <coordinates>-80.2188957892,26.5415479021,500.0</coordinates>
    </Point>
</Placemark>
<Placemark>
    <name>BOYNTON TOLL 2701509002</name>
    <description>(731) 439-5644  01/20/11 17:32:00</description>
    <styleUrl>#defaultStyle</styleUrl>
    <Point>
        <coordinates>-80.2194467851,26.5429791041,500.0</coordinates>
    </Point>
</Placemark>
<Placemark>
    <name>BOYNTON TOLL 2701509002</name>
    <description>(731) 439-5644  01/20/11 17:32:00</description>
    <styleUrl>#defaultStyle</styleUrl>
    <Point>
        <coordinates>-80.2199415989,26.544426651,500.0</coordinates>
    </Point>
</Placemark>
<Placemark>
    <name>BOYNTON TOLL 2701509002</name>
    <description>(731) 439-5644  01/20/11 17:32:00</description>
    <styleUrl>#defaultStyle</styleUrl>
    <Point>
        <coordinates>-80.2203796277,26.5458887797,500.0</coordinates>
    </Point>
</Placemark>
<Placemark>
    <name>BOYNTON TOLL 2701509002</name>
    <description>(731) 439-5644  01/20/11 17:32:00</description>
    <styleUrl>#defaultStyle</styleUrl>
    <Point>
        <coordinates>-80.2207603378,26.5473637095,500.0</coordinates>
    </Point>
</Placemark>
<Placemark>
    <name>BOYNTON TOLL 2701509002</name>
    <description>(731) 439-5644  01/20/11 17:32:00</description>
    <styleUrl>#defaultStyle</styleUrl>
    <Point>
        <coordinates>-80.2210832655,26.5488496437,500.0</coordinates>
    </Point>
</Placemark>
<Placemark>
    <name>BOYNTON TOLL 2701509002</name>
    <description>(731) 439-5644  01/20/11 17:32:00</description>
    <styleUrl>#defaultStyle</styleUrl>
    <Point>
        <coordinates>-80.2213480173,26.5503447724,500.0</coordinates>
    </Point>
</Placemark>
<Placemark>
    <name>BOYNTON TOLL 2701509002</name>
    <description>(731) 439-5644  01/20/11 17:32:00</description>
    <styleUrl>#defaultStyle</styleUrl>
    <Point>
        <coordinates>-80.2215542705,26.5518472743,500.0</coordinates>
    </Point>
</Placemark>
<Placemark>
    <name>BOYNTON TOLL 2701509002</name>
    <description>(731) 439-5644  01/20/11 17:32:00</description>
    <styleUrl>#defaultStyle</styleUrl>
    <Point>
        <coordinates>-80.2217017741,26.5533553191,500.0</coordinates>
    </Point>
</Placemark>
<Placemark>
    <name>BOYNTON TOLL 2701509002</name>
    <description>(731) 439-5644  01/20/11 17:32:00</description>
    <styleUrl>#defaultStyle</styleUrl>
    <Point>
        <coordinates>-80.2217903481,26.5548670697,500.0</coordinates>
    </Point>
</Placemark>
<Placemark>
    <name>BOYNTON TOLL 2701509002</name>
    <description>(731) 439-5644  01/20/11 17:32:00</description>
    <styleUrl>#defaultStyle</styleUrl>
    <Point>
        <coordinates>-80.2218198848,26.5563806844,500.0</coordinates>
    </Point>
</Placemark>
<Placemark>
    <name>BOYNTON TOLL 2701509002</name>
    <description>(731) 439-5644  01/20/11 17:32:00</description>
    <styleUrl>#defaultStyle</styleUrl>
    <Point>
        <coordinates>-80.2217903481,26.5578943191,500.0</coordinates>
    </Point>
</Placemark>
<Placemark>
    <name>BOYNTON TOLL 2701509002</name>
    <description>(731) 439-5644  01/20/11 17:32:00</description>
    <styleUrl>#defaultStyle</styleUrl>
    <Point>
        <coordinates>-80.2217017741,26.5594061295,500.0</coordinates>
    </Point>
</Placemark>
<Placemark>
    <name>BOYNTON TOLL 2701509002</name>
    <description>(731) 439-5644  01/20/11 17:32:00</description>
    <styleUrl>#defaultStyle</styleUrl>
    <Point>
        <coordinates>-80.2215542705,26.5609142738,500.0</coordinates>
    </Point>
</Placemark>
<Placemark>
    <name>BOYNTON TOLL 2701509002</name>
    <description>(731) 439-5644  01/20/11 17:32:00</description>
    <styleUrl>#defaultStyle</styleUrl>
    <Point>
        <coordinates>-80.2213480173,26.5624169143,500.0</coordinates>
    </Point>
</Placemark>
<Placemark>
    <name>BOYNTON TOLL 2701509002</name>
    <description>(731) 439-5644  01/20/11 17:32:00</description>
    <styleUrl>#defaultStyle</styleUrl>
    <Point>
        <coordinates>-80.2210832655,26.5639122199,500.0</coordinates>
    </Point>
</Placemark>
<Placemark>
    <name>BOYNTON TOLL 2701509002</name>
    <description>(731) 439-5644  01/20/11 17:32:00</description>
    <styleUrl>#defaultStyle</styleUrl>
    <Point>
        <coordinates>-80.2207603378,26.5653983687,500.0</coordinates>
    </Point>
</Placemark>
<Placemark>
    <name>BOYNTON TOLL 2701509002</name>
    <description>(731) 439-5644  01/20/11 17:32:00</description>
    <styleUrl>#defaultStyle</styleUrl>
    <Point>
        <coordinates>-80.2203796277,26.5668735494,500.0</coordinates>
    </Point>
</Placemark>
<Placemark>
    <name>BOYNTON TOLL 2701509002</name>
    <description>(731) 439-5644  01/20/11 17:32:00</description>
    <styleUrl>#defaultStyle</styleUrl>
    <Point>
        <coordinates>-80.2199415989,26.5683359645,500.0</coordinates>
    </Point>
</Placemark>
<Placemark>
    <name>BOYNTON TOLL 2701509002</name>
    <description>(731) 439-5644  01/20/11 17:32:00</description>
    <styleUrl>#defaultStyle</styleUrl>
    <Point>
        <coordinates>-80.2194467851,26.5697838316,500.0</coordinates>
    </Point>
</Placemark>
<Placemark>
    <name>BOYNTON TOLL 2701509002</name>
    <description>(731) 439-5644  01/20/11 17:32:00</description>
    <styleUrl>#defaultStyle</styleUrl>
    <Point>
        <coordinates>-80.2188957892,26.5712153862,500.0</coordinates>
    </Point>
</Placemark>
<Placemark>
    <name>BOYNTON TOLL 2701509002</name>
    <description>(731) 439-5644  01/20/11 17:32:00</description>
    <styleUrl>#defaultStyle</styleUrl>
    <Point>
        <coordinates>-80.2182892825,26.5726288835,500.0</coordinates>
    </Point>
</Placemark>
<Placemark>
    <name>BOYNTON TOLL 2701509002</name>
    <description>(731) 439-5644  01/20/11 17:32:00</description>
    <styleUrl>#defaultStyle</styleUrl>
    <Point>
        <coordinates>-80.217628004,26.5740226007,500.0</coordinates>
    </Point>
</Placemark>
<Placemark>
    <name>BOYNTON TOLL 2701509002</name>
    <description>(731) 439-5644  01/20/11 17:32:00</description>
    <styleUrl>#defaultStyle</styleUrl>
    <Point>
        <coordinates>-80.2169127591,26.5753948389,500.0</coordinates>
    </Point>
</Placemark>
<Placemark>
    <name>BOYNTON TOLL 2701509002</name>
    <description>(731) 439-5644  01/20/11 17:32:00</description>
    <styleUrl>#defaultStyle</styleUrl>
    <Point>
        <coordinates>-80.2161444195,26.5767439256,500.0</coordinates>
    </Point>
</Placemark>
<Placemark>
    <name>BOYNTON TOLL 2701509002</name>
    <description>(731) 439-5644  01/20/11 17:32:00</description>
    <styleUrl>#defaultStyle</styleUrl>
    <Point>
        <coordinates>-80.2153239212,26.5780682162,500.0</coordinates>
    </Point>
</Placemark>
<Placemark>
    <name>NS3933 PURYEAR (HAZEL) 1601939331</name>
    <description>(731) 798-0089  01/28/11 16:21:00</description>
    <styleUrl>#defaultStyle</styleUrl>
    <Point>
        <coordinates>-88.3230555556,36.4689265224,500.0</coordinates>
    </Point>
</Placemark>
<Placemark>
    <name>NS3933 PURYEAR (HAZEL) 1601939331</name>
    <description>(731) 798-0089  01/28/11 16:21:00</description>
    <styleUrl>#defaultStyle</styleUrl>
    <Point>
        <coordinates>-88.3211744086,36.4689000872,500.0</coordinates>
    </Point>
</Placemark>
<Placemark>
    <name>NS3933 PURYEAR (HAZEL) 1601939331</name>
    <description>(731) 798-0089  01/28/11 16:21:00</description>
    <styleUrl>#defaultStyle</styleUrl>
    <Point>
        <coordinates>-88.3192955536,36.4688208139,500.0</coordinates>
    </Point>
</Placemark>
<Placemark>
    <name>NS3933 PURYEAR (HAZEL) 1601939331</name>
    <description>(731) 798-0089  01/28/11 16:21:00</description>
    <styleUrl>#defaultStyle</styleUrl>
    <Point>
        <coordinates>-88.3174212795,36.4686887992,500.0</coordinates>
    </Point>
</Placemark>
<Placemark>
    <name>NS3933 PURYEAR (HAZEL) 1601939331</name>
    <description>(731) 798-0089  01/28/11 16:21:00</description>
    <styleUrl>#defaultStyle</styleUrl>
    <Point>
        <coordinates>-88.31555387,36.4685042042,500.0</coordinates>
    </Point>
</Placemark>
<Placemark>
    <name>NS3933 PURYEAR (HAZEL) 1601939331</name>
    <description>(731) 798-0089  01/28/11 16:21:00</description>
    <styleUrl>#defaultStyle</styleUrl>
    <Point>
        <coordinates>-88.3136956001,36.4682672543,500.0</coordinates>
    </Point>
</Placemark>
<Placemark>
    <name>NS3933 PURYEAR (HAZEL) 1601939331</name>
    <description>(731) 798-0089  01/28/11 16:21:00</description>
    <styleUrl>#defaultStyle</styleUrl>
    <Point>
        <coordinates>-88.311848734,36.4679782386,500.0</coordinates>
    </Point>
</Placemark>
<Placemark>
    <name>NS3933 PURYEAR (HAZEL) 1601939331</name>
    <description>(731) 798-0089  01/28/11 16:21:00</description>
    <styleUrl>#defaultStyle</styleUrl>
    <Point>
        <coordinates>-88.3100155216,36.4676375097,500.0</coordinates>
    </Point>
</Placemark>
<Placemark>
    <name>NS3933 PURYEAR (HAZEL) 1601939331</name>
    <description>(731) 798-0089  01/28/11 16:21:00</description>
    <styleUrl>#defaultStyle</styleUrl>
    <Point>
        <coordinates>-88.3081981965,36.4672454835,500.0</coordinates>
    </Point>
</Placemark>
<Placemark>
    <name>NS3933 PURYEAR (HAZEL) 1601939331</name>
    <description>(731) 798-0089  01/28/11 16:21:00</description>
    <styleUrl>#defaultStyle</styleUrl>
    <Point>
        <coordinates>-88.3063989729,36.4668026384,500.0</coordinates>
    </Point>
</Placemark>
<Placemark>
    <name>NS3933 PURYEAR (HAZEL) 1601939331</name>
    <description>(731) 798-0089  01/28/11 16:21:00</description>
    <styleUrl>#defaultStyle</styleUrl>
    <Point>
        <coordinates>-88.3046200427,36.4663095148,500.0</coordinates>
    </Point>
</Placemark>
<Placemark>
    <name>NS3933 PURYEAR (HAZEL) 1601939331</name>
    <description>(731) 798-0089  01/28/11 16:21:00</description>
    <styleUrl>#defaultStyle</styleUrl>
    <Point>
        <coordinates>-88.3028635734,36.4657667144,500.0</coordinates>
    </Point>
</Placemark>
<Placemark>
    <name>NS3933 PURYEAR (HAZEL) 1601939331</name>
    <description>(731) 798-0089  01/28/11 16:21:00</description>
    <styleUrl>#defaultStyle</styleUrl>
    <Point>
        <coordinates>-88.301131705,36.4651748996,500.0</coordinates>
    </Point>
</Placemark>
<Placemark>
    <name>NS3933 PURYEAR (HAZEL) 1601939331</name>
    <description>(731) 798-0089  01/28/11 16:21:00</description>
    <styleUrl>#defaultStyle</styleUrl>
    <Point>
        <coordinates>-88.2994265475,36.4645347925,500.0</coordinates>
    </Point>
</Placemark>
<Placemark>
    <name>NS3933 PURYEAR (HAZEL) 1601939331</name>
    <description>(731) 798-0089  01/28/11 16:21:00</description>
    <styleUrl>#defaultStyle</styleUrl>
    <Point>
        <coordinates>-88.2977501783,36.4638471743,500.0</coordinates>
    </Point>
</Placemark>
<Placemark>
    <name>NS3933 PURYEAR (HAZEL) 1601939331</name>
    <description>(731) 798-0089  01/28/11 16:21:00</description>
    <styleUrl>#defaultStyle</styleUrl>
    <Point>
        <coordinates>-88.2961046398,36.4631128838,500.0</coordinates>
    </Point>
</Placemark>
<Placemark>
    <name>NS3933 PURYEAR (HAZEL) 1601939331</name>
    <description>(731) 798-0089  01/28/11 16:21:00</description>
    <styleUrl>#defaultStyle</styleUrl>
    <Point>
        <coordinates>-88.294491937,36.4623328171,500.0</coordinates>
    </Point>
</Placemark>
<Placemark>
    <name>NS3933 PURYEAR (HAZEL) 1601939331</name>
    <description>(731) 798-0089  01/28/11 16:21:00</description>
    <styleUrl>#defaultStyle</styleUrl>
    <Point>
        <coordinates>-88.2929140345,36.4615079259,500.0</coordinates>
    </Point>
</Placemark>
<Placemark>
    <name>NS3933 PURYEAR (HAZEL) 1601939331</name>
    <description>(731) 798-0089  01/28/11 16:21:00</description>
    <styleUrl>#defaultStyle</styleUrl>
    <Point>
        <coordinates>-88.2913728549,36.4606392166,500.0</coordinates>
    </Point>
</Placemark>
<Placemark>
    <name>NS3933 PURYEAR (HAZEL) 1601939331</name>
    <description>(731) 798-0089  01/28/11 16:21:00</description>
    <styleUrl>#defaultStyle</styleUrl>
    <Point>
        <coordinates>-88.2898702757,36.459727749,500.0</coordinates>
    </Point>
</Placemark>
<Placemark>
    <name>NS3933 PURYEAR (HAZEL) 1601939331</name>
    <description>(731) 798-0089  01/28/11 16:21:00</description>
    <styleUrl>#defaultStyle</styleUrl>
    <Point>
        <coordinates>-88.2884081278,36.4587746352,500.0</coordinates>
    </Point>
</Placemark>
<Placemark>
    <name>NS3933 PURYEAR (HAZEL) 1601939331</name>
    <description>(731) 798-0089  01/28/11 16:21:00</description>
    <styleUrl>#defaultStyle</styleUrl>
    <Point>
        <coordinates>-88.2869881925,36.4577810378,500.0</coordinates>
    </Point>
</Placemark>
<Placemark>
    <name>NS3933 PURYEAR (HAZEL) 1601939331</name>
    <description>(731) 798-0089  01/28/11 16:21:00</description>
    <styleUrl>#defaultStyle</styleUrl>
    <Point>
        <coordinates>-88.2856121997,36.4567481689,500.0</coordinates>
    </Point>
</Placemark>
<Placemark>
    <name>NS3933 PURYEAR (HAZEL) 1601939331</name>
    <description>(731) 798-0089  01/28/11 16:21:00</description>
    <styleUrl>#defaultStyle</styleUrl>
    <Point>
        <coordinates>-88.2842818259,36.4556772886,500.0</coordinates>
    </Point>
</Placemark>
<Placemark>
    <name>NS3933 PURYEAR (HAZEL) 1601939331</name>
    <description>(731) 798-0089  01/28/11 16:21:00</description>
    <styleUrl>#defaultStyle</styleUrl>
    <Point>
        <coordinates>-88.282998692,36.4545697029,500.0</coordinates>
    </Point>
</Placemark>
<Placemark>
    <name>NS3933 PURYEAR (HAZEL) 1601939331</name>
    <description>(731) 798-0089  01/28/11 16:21:00</description>
    <styleUrl>#defaultStyle</styleUrl>
    <Point>
        <coordinates>-88.2817643612,36.453426763,500.0</coordinates>
    </Point>
</Placemark>
<Placemark>
    <name>NS3933 PURYEAR (HAZEL) 1601939331</name>
    <description>(731) 798-0089  01/28/11 16:21:00</description>
    <styleUrl>#defaultStyle</styleUrl>
    <Point>
        <coordinates>-88.2805803374,36.4522498627,500.0</coordinates>
    </Point>
</Placemark>
<Placemark>
    <name>NS3933 PURYEAR (HAZEL) 1601939331</name>
    <description>(731) 798-0089  01/28/11 16:21:00</description>
    <styleUrl>#defaultStyle</styleUrl>
    <Point>
        <coordinates>-88.2794480631,36.4510404376,500.0</coordinates>
    </Point>
</Placemark>
<Placemark>
    <name>NS3933 PURYEAR (HAZEL) 1601939331</name>
    <description>(731) 798-0089  01/28/11 16:21:00</description>
    <styleUrl>#defaultStyle</styleUrl>
    <Point>
        <coordinates>-88.2783689178,36.4497999625,500.0</coordinates>
    </Point>
</Placemark>
<Placemark>
    <name>NS3933 PURYEAR (HAZEL) 1601939331</name>
    <description>(731) 798-0089  01/28/11 16:21:00</description>
    <styleUrl>#defaultStyle</styleUrl>
    <Point>
        <coordinates>-88.2773442163,36.4485299503,500.0</coordinates>
    </Point>
</Placemark>
<Placemark>
    <name>NS3933 PURYEAR (HAZEL) 1601939331</name>
    <description>(731) 798-0089  01/28/11 16:21:00</description>
    <styleUrl>#defaultStyle</styleUrl>
    <Point>
        <coordinates>-88.2763752071,36.4472319497,500.0</coordinates>
    </Point>
</Placemark>
<Placemark>
    <name>NS3933 PURYEAR (HAZEL) 1601939331</name>
    <description>(731) 798-0089  01/28/11 16:21:00</description>
    <styleUrl>#defaultStyle</styleUrl>
    <Point>
        <coordinates>-88.2754630707,36.4459075434,500.0</coordinates>
    </Point>
</Placemark>
<Placemark>
    <name>NS3933 PURYEAR (HAZEL) 1601939331</name>
    <description>(731) 798-0089  01/28/11 16:21:00</description>
    <styleUrl>#defaultStyle</styleUrl>
    <Point>
        <coordinates>-88.2746089183,36.4445583464,500.0</coordinates>
    </Point>
</Placemark>
<Placemark>
    <name>NS3933 PURYEAR (HAZEL) 1601939331</name>
    <description>(731) 798-0089  01/28/11 16:21:00</description>
    <styleUrl>#defaultStyle</styleUrl>
    <Point>
        <coordinates>-88.2738137908,36.4431860037,500.0</coordinates>
    </Point>
</Placemark>
<Placemark>
    <name>NS3933 PURYEAR (HAZEL) 1601939331</name>
    <description>(731) 798-0089  01/28/11 16:21:00</description>
    <styleUrl>#defaultStyle</styleUrl>
    <Point>
        <coordinates>-88.2730786567,36.4417921885,500.0</coordinates>
    </Point>
</Placemark>
<Placemark>
    <name>NS3933 PURYEAR (HAZEL) 1601939331</name>
    <description>(731) 798-0089  01/28/11 16:21:00</description>
    <styleUrl>#defaultStyle</styleUrl>
    <Point>
        <coordinates>-88.2724044118,36.4403785999,500.0</coordinates>
    </Point>
</Placemark>
<Placemark>
    <name>NS3933 PURYEAR (HAZEL) 1601939331</name>
    <description>(731) 798-0089  01/28/11 16:21:00</description>
    <styleUrl>#defaultStyle</styleUrl>
    <Point>
        <coordinates>-88.2717918774,36.4389469614,500.0</coordinates>
    </Point>
</Placemark>
<Placemark>
    <name>NS3933 PURYEAR (HAZEL) 1601939331</name>
    <description>(731) 798-0089  01/28/11 16:21:00</description>
    <styleUrl>#defaultStyle</styleUrl>
    <Point>
        <coordinates>-88.2712417999,36.4374990181,500.0</coordinates>
    </Point>
</Placemark>
<Placemark>
    <name>NS3933 PURYEAR (HAZEL) 1601939331</name>
    <description>(731) 798-0089  01/28/11 16:21:00</description>
    <styleUrl>#defaultStyle</styleUrl>
    <Point>
        <coordinates>-88.2707548495,36.4360365349,500.0</coordinates>
    </Point>
</Placemark>
<Placemark>
    <name>NS3933 PURYEAR (HAZEL) 1601939331</name>
    <description>(731) 798-0089  01/28/11 16:21:00</description>
    <styleUrl>#defaultStyle</styleUrl>
    <Point>
        <coordinates>-88.2703316194,36.4345612944,500.0</coordinates>
    </Point>
</Placemark>
<Placemark>
    <name>NS3933 PURYEAR (HAZEL) 1601939331</name>
    <description>(731) 798-0089  01/28/11 16:21:00</description>
    <styleUrl>#defaultStyle</styleUrl>
    <Point>
        <coordinates>-88.2699726253,36.4330750947,500.0</coordinates>
    </Point>
</Placemark>
<Placemark>
    <name>NS3933 PURYEAR (HAZEL) 1601939331</name>
    <description>(731) 798-0089  01/28/11 16:21:00</description>
    <styleUrl>#defaultStyle</styleUrl>
    <Point>
        <coordinates>-88.2696783045,36.431579747,500.0</coordinates>
    </Point>
</Placemark>
<Placemark>
    <name>NS3933 PURYEAR (HAZEL) 1601939331</name>
    <description>(731) 798-0089  01/28/11 16:21:00</description>
    <styleUrl>#defaultStyle</styleUrl>
    <Point>
        <coordinates>-88.2694490157,36.4300770737,500.0</coordinates>
    </Point>
</Placemark>
<Placemark>
    <name>NS3933 PURYEAR (HAZEL) 1601939331</name>
    <description>(731) 798-0089  01/28/11 16:21:00</description>
    <styleUrl>#defaultStyle</styleUrl>
    <Point>
        <coordinates>-88.2692850381,36.4285689058,500.0</coordinates>
    </Point>
</Placemark>
<Placemark>
    <name>NS3933 PURYEAR (HAZEL) 1601939331</name>
    <description>(731) 798-0089  01/28/11 16:21:00</description>
    <styleUrl>#defaultStyle</styleUrl>
    <Point>
        <coordinates>-88.2691865715,36.4270570812,500.0</coordinates>
    </Point>
</Placemark>
<Placemark>
    <name>NS3933 PURYEAR (HAZEL) 1601939331</name>
    <description>(731) 798-0089  01/28/11 16:21:00</description>
    <styleUrl>#defaultStyle</styleUrl>
    <Point>
        <coordinates>-88.269153736,36.4255434419,500.0</coordinates>
    </Point>
</Placemark>
<Placemark>
    <name>NS3933 PURYEAR (HAZEL) 1601939331</name>
    <description>(731) 798-0089  01/28/11 16:21:00</description>
    <styleUrl>#defaultStyle</styleUrl>
    <Point>
        <coordinates>-88.2691865715,36.4240298322,500.0</coordinates>
    </Point>
</Placemark>
<Placemark>
    <name>NS3933 PURYEAR (HAZEL) 1601939331</name>
    <description>(731) 798-0089  01/28/11 16:21:00</description>
    <styleUrl>#defaultStyle</styleUrl>
    <Point>
        <coordinates>-88.2692850381,36.4225180959,500.0</coordinates>
    </Point>
</Placemark>
<Placemark>
    <name>NS3933 PURYEAR (HAZEL) 1601939331</name>
    <description>(731) 798-0089  01/28/11 16:21:00</description>
    <styleUrl>#defaultStyle</styleUrl>
    <Point>
        <coordinates>-88.2694490157,36.4210100749,500.0</coordinates>
    </Point>
</Placemark>
<Placemark>
    <name>NS3933 PURYEAR (HAZEL) 1601939331</name>
    <description>(731) 798-0089  01/28/11 16:21:00</description>
    <styleUrl>#defaultStyle</styleUrl>
    <Point>
        <coordinates>-88.2696783045,36.4195076061,500.0</coordinates>
    </Point>
</Placemark>
<Placemark>
    <name>NS3933 PURYEAR (HAZEL) 1601939331</name>
    <description>(731) 798-0089  01/28/11 16:21:00</description>
    <styleUrl>#defaultStyle</styleUrl>
    <Point>
        <coordinates>-88.2699726253,36.4180125197,500.0</coordinates>
    </Point>
</Placemark>
<Placemark>
    <name>NS3933 PURYEAR (HAZEL) 1601939331</name>
    <description>(731) 798-0089  01/28/11 16:21:00</description>
    <styleUrl>#defaultStyle</styleUrl>
    <Point>
        <coordinates>-88.2703316194,36.4165266367,500.0</coordinates>
    </Point>
</Placemark>
<Placemark>
    <name>NS3933 PURYEAR (HAZEL) 1601939331</name>
    <description>(731) 798-0089  01/28/11 16:21:00</description>
    <styleUrl>#defaultStyle</styleUrl>
    <Point>
        <coordinates>-88.2707548495,36.4150517669,500.0</coordinates>
    </Point>
</Placemark>
<Placemark>
    <name>NS3933 PURYEAR (HAZEL) 1601939331</name>
    <description>(731) 798-0089  01/28/11 16:21:00</description>
    <styleUrl>#defaultStyle</styleUrl>
    <Point>
        <coordinates>-88.2712417999,36.4135897065,500.0</coordinates>
    </Point>
</Placemark>
<Placemark>
    <name>NS3933 PURYEAR (HAZEL) 1601939331</name>
    <description>(731) 798-0089  01/28/11 16:21:00</description>
    <styleUrl>#defaultStyle</styleUrl>
    <Point>
        <coordinates>-88.2717918774,36.4121422359,500.0</coordinates>
    </Point>
</Placemark>
<Placemark>
    <name>NS3933 PURYEAR (HAZEL) 1601939331</name>
    <description>(731) 798-0089  01/28/11 16:21:00</description>
    <styleUrl>#defaultStyle</styleUrl>
    <Point>
        <coordinates>-88.2724044118,36.410711118,500.0</coordinates>
    </Point>
</Placemark>
<Placemark>
    <name>NS3933 PURYEAR (HAZEL) 1601939331</name>
    <description>(731) 798-0089  01/28/11 16:21:00</description>
    <styleUrl>#defaultStyle</styleUrl>
    <Point>
        <coordinates>-88.2730786567,36.4092980952,500.0</coordinates>
    </Point>
</Placemark>
<Placemark>
    <name>NS3933 PURYEAR (HAZEL) 1601939331</name>
    <description>(731) 798-0089  01/28/11 16:21:00</description>
    <styleUrl>#defaultStyle</styleUrl>
    <Point>
        <coordinates>-88.2738137908,36.4079048882,500.0</coordinates>
    </Point>
</Placemark>
<Placemark>
    <name>NS3933 PURYEAR (HAZEL) 1601939331</name>
    <description>(731) 798-0089  01/28/11 16:21:00</description>
    <styleUrl>#defaultStyle</styleUrl>
    <Point>
        <coordinates>-88.2746089183,36.4065331932,500.0</coordinates>
    </Point>
</Placemark>
<Placemark>
    <name>NS3933 PURYEAR (HAZEL) 1601939331</name>
    <description>(731) 798-0089  01/28/11 16:21:00</description>
    <styleUrl>#defaultStyle</styleUrl>
    <Point>
        <coordinates>-88.2754630707,36.4051846803,500.0</coordinates>
    </Point>
</Placemark>
<Placemark>
    <name>NS3152 SUGAR TREE 1601931521</name>
    <description>(731) 220-0597  03/18/11 18:06:00</description>
    <styleUrl>#defaultStyle</styleUrl>
    <Point>
        <coordinates>-73.7583333333,42.6561111111,0.0</coordinates>
    </Point>
</Placemark>
<Placemark>
    <name>NS3032 AIRPORT 1602130321</name>
    <description>(731) 439-5644  01/21/11 13:56:00</description>
    <styleUrl>#defaultStyle</styleUrl>
    <Point>
        <coordinates>-80.34,26.1411111111,0.0</coordinates>
    </Point>
</Placemark>
<Placemark>
    <name>NS3906 TRUCK YARD (SO CAMDEN) 1601939069</name>
    <description>(731) 220-0597  03/04/11 07:56:00</description>
    <styleUrl>#defaultStyle</styleUrl>
    <Point>
        <coordinates>-122.6708333333,45.6369444444,0.0</coordinates>
    </Point>
</Placemark>
<Placemark>
    <name>DXZX 2711007701</name>
    <description>(731) 439-5644  01/20/11 17:01:00</description>
    <styleUrl>#defaultStyle</styleUrl>
    <Point>
        <coordinates>-80.3258333333,26.2014265224,500.0</coordinates>
    </Point>
</Placemark>
<Placemark>
    <name>DXZX 2711007701</name>
    <description>(731) 439-5644  01/20/11 17:01:00</description>
    <styleUrl>#defaultStyle</styleUrl>
    <Point>
        <coordinates>-80.3241469956,26.2014000921,500.0</coordinates>
    </Point>
</Placemark>
<Placemark>
    <name>DXZX 2711007701</name>
    <description>(731) 439-5644  01/20/11 17:01:00</description>
    <styleUrl>#defaultStyle</styleUrl>
    <Point>
        <coordinates>-80.3224627124,26.2013208336,500.0</coordinates>
    </Point>
</Placemark>
<Placemark>
    <name>DXZX 2711007701</name>
    <description>(731) 439-5644  01/20/11 17:01:00</description>
    <styleUrl>#defaultStyle</styleUrl>
    <Point>
        <coordinates>-80.3207825357,26.2011888435,500.0</coordinates>
    </Point>
</Placemark>
<Placemark>
    <name>DXZX 2711007701</name>
    <description>(731) 439-5644  01/20/11 17:01:00</description>
    <styleUrl>#defaultStyle</styleUrl>
    <Point>
        <coordinates>-80.3191085127,26.2010042828,500.0</coordinates>
    </Point>
</Placemark>
<Placemark>
    <name>DXZX 2711007701</name>
    <description>(731) 439-5644  01/20/11 17:01:00</description>
    <styleUrl>#defaultStyle</styleUrl>
    <Point>
        <coordinates>-80.3174426829,26.2007673766,500.0</coordinates>
    </Point>
</Placemark>
<Placemark>
    <name>DXZX 2711007701</name>
    <description>(731) 439-5644  01/20/11 17:01:00</description>
    <styleUrl>#defaultStyle</styleUrl>
    <Point>
        <coordinates>-80.3157870758,26.2004784139,500.0</coordinates>
    </Point>
</Placemark>
<Placemark>
    <name>DXZX 2711007701</name>
    <description>(731) 439-5644  01/20/11 17:01:00</description>
    <styleUrl>#defaultStyle</styleUrl>
    <Point>
        <coordinates>-80.3141437086,26.200137747,500.0</coordinates>
    </Point>
</Placemark>
<Placemark>
    <name>DXZX 2711007701</name>
    <description>(731) 439-5644  01/20/11 17:01:00</description>
    <styleUrl>#defaultStyle</styleUrl>
    <Point>
        <coordinates>-80.3125145833,26.1997457916,500.0</coordinates>
    </Point>
</Placemark>
<Placemark>
    <name>DXZX 2711007701</name>
    <description>(731) 439-5644  01/20/11 17:01:00</description>
    <styleUrl>#defaultStyle</styleUrl>
    <Point>
        <coordinates>-80.310901685,26.1993030256,500.0</coordinates>
    </Point>
</Placemark>
<Placemark>
    <name>DXZX 2711007701</name>
    <description>(731) 439-5644  01/20/11 17:01:00</description>
    <styleUrl>#defaultStyle</styleUrl>
    <Point>
        <coordinates>-80.3093069785,26.1988099891,500.0</coordinates>
    </Point>
</Placemark>
<Placemark>
    <name>DXZX 2711007701</name>
    <description>(731) 439-5644  01/20/11 17:01:00</description>
    <styleUrl>#defaultStyle</styleUrl>
    <Point>
        <coordinates>-80.3077324069,26.1982672834,500.0</coordinates>
    </Point>
</Placemark>
<Placemark>
    <name>DXZX 2711007701</name>
    <description>(731) 439-5644  01/20/11 17:01:00</description>
    <styleUrl>#defaultStyle</styleUrl>
    <Point>
        <coordinates>-80.3061798886,26.1976755704,500.0</coordinates>
    </Point>
</Placemark>
<Placemark>
    <name>DXZX 2711007701</name>
    <description>(731) 439-5644  01/20/11 17:01:00</description>
    <styleUrl>#defaultStyle</styleUrl>
    <Point>
        <coordinates>-80.3046513149,26.1970355717,500.0</coordinates>
    </Point>
</Placemark>
<Placemark>
    <name>DXZX 2711007701</name>
    <description>(731) 439-5644  01/20/11 17:01:00</description>
    <styleUrl>#defaultStyle</styleUrl>
    <Point>
        <coordinates>-80.3031485483,26.1963480679,500.0</coordinates>
    </Point>
</Placemark>
<Placemark>
    <name>DXZX 2711007701</name>
    <description>(731) 439-5644  01/20/11 17:01:00</description>
    <styleUrl>#defaultStyle</styleUrl>
    <Point>
        <coordinates>-80.3016734196,26.1956138975,500.0</coordinates>
    </Point>
</Placemark>
<Placemark>
    <name>DXZX 2711007701</name>
    <description>(731) 439-5644  01/20/11 17:01:00</description>
    <styleUrl>#defaultStyle</styleUrl>
    <Point>
        <coordinates>-80.3002277261,26.1948339557,500.0</coordinates>
    </Point>
</Placemark>
<Placemark>
    <name>DXZX 2711007701</name>
    <description>(731) 439-5644  01/20/11 17:01:00</description>
    <styleUrl>#defaultStyle</styleUrl>
    <Point>
        <coordinates>-80.2988132292,26.1940091937,500.0</coordinates>
    </Point>
</Placemark>
<Placemark>
    <name>DXZX 2711007701</name>
    <description>(731) 439-5644  01/20/11 17:01:00</description>
    <styleUrl>#defaultStyle</styleUrl>
    <Point>
        <coordinates>-80.297431652,26.1931406173,500.0</coordinates>
    </Point>
</Placemark>
<Placemark>
    <name>DXZX 2711007701</name>
    <description>(731) 439-5644  01/20/11 17:01:00</description>
    <styleUrl>#defaultStyle</styleUrl>
    <Point>
        <coordinates>-80.296084678,26.1922292857,500.0</coordinates>
    </Point>
</Placemark>
<Placemark>
    <name>DXZX 2711007701</name>
    <description>(731) 439-5644  01/20/11 17:01:00</description>
    <styleUrl>#defaultStyle</styleUrl>
    <Point>
        <coordinates>-80.2947739482,26.1912763102,500.0</coordinates>
    </Point>
</Placemark>
<Placemark>
    <name>DXZX 2711007701</name>
    <description>(731) 439-5644  01/20/11 17:01:00</description>
    <styleUrl>#defaultStyle</styleUrl>
    <Point>
        <coordinates>-80.2935010594,26.1902828529,500.0</coordinates>
    </Point>
</Placemark>
<Placemark>
    <name>DXZX 2711007701</name>
    <description>(731) 439-5644  01/20/11 17:01:00</description>
    <styleUrl>#defaultStyle</styleUrl>
    <Point>
        <coordinates>-80.2922675626,26.1892501252,500.0</coordinates>
    </Point>
</Placemark>
<Placemark>
    <name>DXZX 2711007701</name>
    <description>(731) 439-5644  01/20/11 17:01:00</description>
    <styleUrl>#defaultStyle</styleUrl>
    <Point>
        <coordinates>-80.2910749605,26.1881793863,500.0</coordinates>
    </Point>
</Placemark>
<Placemark>
    <name>DXZX 2711007701</name>
    <description>(731) 439-5644  01/20/11 17:01:00</description>
    <styleUrl>#defaultStyle</styleUrl>
    <Point>
        <coordinates>-80.2899247062,26.1870719417,500.0</coordinates>
    </Point>
</Placemark>
<Placemark>
    <name>DXZX 2711007701</name>
    <description>(731) 439-5644  01/20/11 17:01:00</description>
    <styleUrl>#defaultStyle</styleUrl>
    <Point>
        <coordinates>-80.288818201,26.1859291418,500.0</coordinates>
    </Point>
</Placemark>
<Placemark>
    <name>DXZX 2711007701</name>
    <description>(731) 439-5644  01/20/11 17:01:00</description>
    <styleUrl>#defaultStyle</styleUrl>
    <Point>
        <coordinates>-80.2877567931,26.1847523798,500.0</coordinates>
    </Point>
</Placemark>
<Placemark>
    <name>DXZX 2711007701</name>
    <description>(731) 439-5644  01/20/11 17:01:00</description>
    <styleUrl>#defaultStyle</styleUrl>
    <Point>
        <coordinates>-80.2867417756,26.1835430906,500.0</coordinates>
    </Point>
</Placemark>
<Placemark>
    <name>DXZX 2711007701</name>
    <description>(731) 439-5644  01/20/11 17:01:00</description>
    <styleUrl>#defaultStyle</styleUrl>
    <Point>
        <coordinates>-80.2857743851,26.1823027484,500.0</coordinates>
    </Point>
</Placemark>
<Placemark>
    <name>DXZX 2711007701</name>
    <description>(731) 439-5644  01/20/11 17:01:00</description>
    <styleUrl>#defaultStyle</styleUrl>
    <Point>
        <coordinates>-80.2848558003,26.1810328653,500.0</coordinates>
    </Point>
</Placemark>
<Placemark>
    <name>DXZX 2711007701</name>
    <description>(731) 439-5644  01/20/11 17:01:00</description>
    <styleUrl>#defaultStyle</styleUrl>
    <Point>
        <coordinates>-80.2839871403,26.1797349895,500.0</coordinates>
    </Point>
</Placemark>
<Placemark>
    <name>DXZX 2711007701</name>
    <description>(731) 439-5644  01/20/11 17:01:00</description>
    <styleUrl>#defaultStyle</styleUrl>
    <Point>
        <coordinates>-80.2831694634,26.1784107031,500.0</coordinates>
    </Point>
</Placemark>
<Placemark>
    <name>DXZX 2711007701</name>
    <description>(731) 439-5644  01/20/11 17:01:00</description>
    <styleUrl>#defaultStyle</styleUrl>
    <Point>
        <coordinates>-80.2824037659,26.1770616205,500.0</coordinates>
    </Point>
</Placemark>
<Placemark>
    <name>DXZX 2711007701</name>
    <description>(731) 439-5644  01/20/11 17:01:00</description>
    <styleUrl>#defaultStyle</styleUrl>
    <Point>
        <coordinates>-80.2816909806,26.175689386,500.0</coordinates>
    </Point>
</Placemark>
<Placemark>
    <name>DXZX 2711007701</name>
    <description>(731) 439-5644  01/20/11 17:01:00</description>
    <styleUrl>#defaultStyle</styleUrl>
    <Point>
        <coordinates>-80.281031976,26.1742956724,500.0</coordinates>
    </Point>
</Placemark>
<Placemark>
    <name>DXZX 2711007701</name>
    <description>(731) 439-5644  01/20/11 17:01:00</description>
    <styleUrl>#defaultStyle</styleUrl>
    <Point>
        <coordinates>-80.2804275549,26.1728821784,500.0</coordinates>
    </Point>
</Placemark>
<Placemark>
    <name>DXZX 2711007701</name>
    <description>(731) 439-5644  01/20/11 17:01:00</description>
    <styleUrl>#defaultStyle</styleUrl>
    <Point>
        <coordinates>-80.2798784538,26.1714506269,500.0</coordinates>
    </Point>
</Placemark>
<Placemark>
    <name>DXZX 2711007701</name>
    <description>(731) 439-5644  01/20/11 17:01:00</description>
    <styleUrl>#defaultStyle</styleUrl>
    <Point>
        <coordinates>-80.2793853415,26.1700027625,500.0</coordinates>
    </Point>
</Placemark>
<Placemark>
    <name>DXZX 2711007701</name>
    <description>(731) 439-5644  01/20/11 17:01:00</description>
    <styleUrl>#defaultStyle</styleUrl>
    <Point>
        <coordinates>-80.278948819,26.1685403499,500.0</coordinates>
    </Point>
</Placemark>
<Placemark>
    <name>DXZX 2711007701</name>
    <description>(731) 439-5644  01/20/11 17:01:00</description>
    <styleUrl>#defaultStyle</styleUrl>
    <Point>
        <coordinates>-80.278569418,26.1670651713,500.0</coordinates>
    </Point>
</Placemark>
<Placemark>
    <name>DXZX 2711007701</name>
    <description>(731) 439-5644  01/20/11 17:01:00</description>
    <styleUrl>#defaultStyle</styleUrl>
    <Point>
        <coordinates>-80.2782476008,26.1655790245,500.0</coordinates>
    </Point>
</Placemark>
<Placemark>
    <name>DXZX 2711007701</name>
    <description>(731) 439-5644  01/20/11 17:01:00</description>
    <styleUrl>#defaultStyle</styleUrl>
    <Point>
        <coordinates>-80.2779837595,26.1640837203,500.0</coordinates>
    </Point>
</Placemark>
<Placemark>
    <name>DXZX 2711007701</name>
    <description>(731) 439-5644  01/20/11 17:01:00</description>
    <styleUrl>#defaultStyle</styleUrl>
    <Point>
        <coordinates>-80.2777782154,26.1625810811,500.0</coordinates>
    </Point>
</Placemark>
<Placemark>
    <name>DXZX 2711007701</name>
    <description>(731) 439-5644  01/20/11 17:01:00</description>
    <styleUrl>#defaultStyle</styleUrl>
    <Point>
        <coordinates>-80.2776312191,26.1610729377,500.0</coordinates>
    </Point>
</Placemark>
<Placemark>
    <name>DXZX 2711007701</name>
    <description>(731) 439-5644  01/20/11 17:01:00</description>
    <styleUrl>#defaultStyle</styleUrl>
    <Point>
        <coordinates>-80.2775429496,26.1595611277,500.0</coordinates>
    </Point>
</Placemark>
<Placemark>
    <name>DXZX 2711007701</name>
    <description>(731) 439-5644  01/20/11 17:01:00</description>
    <styleUrl>#defaultStyle</styleUrl>
    <Point>
        <coordinates>-80.2775135145,26.1580474932,500.0</coordinates>
    </Point>
</Placemark>
<Placemark>
    <name>DXZX 2711007701</name>
    <description>(731) 439-5644  01/20/11 17:01:00</description>
    <styleUrl>#defaultStyle</styleUrl>
    <Point>
        <coordinates>-80.2775429496,26.1565338784,500.0</coordinates>
    </Point>
</Placemark>
<Placemark>
    <name>DXZX 2711007701</name>
    <description>(731) 439-5644  01/20/11 17:01:00</description>
    <styleUrl>#defaultStyle</styleUrl>
    <Point>
        <coordinates>-80.2776312191,26.1550221272,500.0</coordinates>
    </Point>
</Placemark>
<Placemark>
    <name>DXZX 2711007701</name>
    <description>(731) 439-5644  01/20/11 17:01:00</description>
    <styleUrl>#defaultStyle</styleUrl>
    <Point>
        <coordinates>-80.2777782154,26.1535140815,500.0</coordinates>
    </Point>
</Placemark>
<Placemark>
    <name>DXZX 2711007701</name>
    <description>(731) 439-5644  01/20/11 17:01:00</description>
    <styleUrl>#defaultStyle</styleUrl>
    <Point>
        <coordinates>-80.2779837595,26.1520115784,500.0</coordinates>
    </Point>
</Placemark>
<Placemark>
    <name>DXZX 2711007701</name>
    <description>(731) 439-5644  01/20/11 17:01:00</description>
    <styleUrl>#defaultStyle</styleUrl>
    <Point>
        <coordinates>-80.2782476008,26.1505164482,500.0</coordinates>
    </Point>
</Placemark>
<Placemark>
    <name>DXZX 2711007701</name>
    <description>(731) 439-5644  01/20/11 17:01:00</description>
    <styleUrl>#defaultStyle</styleUrl>
    <Point>
        <coordinates>-80.278569418,26.1490305121,500.0</coordinates>
    </Point>
</Placemark>
<Placemark>
    <name>DXZX 2711007701</name>
    <description>(731) 439-5644  01/20/11 17:01:00</description>
    <styleUrl>#defaultStyle</styleUrl>
    <Point>
        <coordinates>-80.278948819,26.1475555802,500.0</coordinates>
    </Point>
</Placemark>
<Placemark>
    <name>DXZX 2711007701</name>
    <description>(731) 439-5644  01/20/11 17:01:00</description>
    <styleUrl>#defaultStyle</styleUrl>
    <Point>
        <coordinates>-80.2793853415,26.146093449,500.0</coordinates>
    </Point>
</Placemark>
<Placemark>
    <name>DXZX 2711007701</name>
    <description>(731) 439-5644  01/20/11 17:01:00</description>
    <styleUrl>#defaultStyle</styleUrl>
    <Point>
        <coordinates>-80.2798784538,26.1446458993,500.0</coordinates>
    </Point>
</Placemark>
<Placemark>
    <name>DXZX 2711007701</name>
    <description>(731) 439-5644  01/20/11 17:01:00</description>
    <styleUrl>#defaultStyle</styleUrl>
    <Point>
        <coordinates>-80.2804275549,26.1432146942,500.0</coordinates>
    </Point>
</Placemark>
<Placemark>
    <name>DXZX 2711007701</name>
    <description>(731) 439-5644  01/20/11 17:01:00</description>
    <styleUrl>#defaultStyle</styleUrl>
    <Point>
        <coordinates>-80.281031976,26.1418015768,500.0</coordinates>
    </Point>
</Placemark>
<Placemark>
    <name>DXZX 2711007701</name>
    <description>(731) 439-5644  01/20/11 17:01:00</description>
    <styleUrl>#defaultStyle</styleUrl>
    <Point>
        <coordinates>-80.2816909806,26.140408268,500.0</coordinates>
    </Point>
</Placemark>
<Placemark>
    <name>DXZX 2711007701</name>
    <description>(731) 439-5644  01/20/11 17:01:00</description>
    <styleUrl>#defaultStyle</styleUrl>
    <Point>
        <coordinates>-80.2824037659,26.1390364646,500.0</coordinates>
    </Point>
</Placemark>
<Placemark>
    <name>DXZX 2711007701</name>
    <description>(731) 439-5644  01/20/11 17:01:00</description>
    <styleUrl>#defaultStyle</styleUrl>
    <Point>
        <coordinates>-80.2831694634,26.1376878372,500.0</coordinates>
    </Point>
</Placemark>
<Placemark>
    <name>DXZX 2711007701</name>
    <description>(731) 439-5644  01/20/11 17:01:00</description>
    <styleUrl>#defaultStyle</styleUrl>
    <Point>
        <coordinates>-80.2839871403,26.1363640281,500.0</coordinates>
    </Point>
</Placemark>
<Placemark>
    <name>DXZX 2711007701</name>
    <description>(731) 439-5644  01/20/11 17:01:00</description>
    <styleUrl>#defaultStyle</styleUrl>
    <Point>
        <coordinates>-80.2848558003,26.1350666491,500.0</coordinates>
    </Point>
</Placemark>
<Placemark>
    <name>DXZX 2711007701</name>
    <description>(731) 439-5644  01/20/11 17:01:00</description>
    <styleUrl>#defaultStyle</styleUrl>
    <Point>
        <coordinates>-80.2857743851,26.1337972802,500.0</coordinates>
    </Point>
</Placemark>
<Placemark>
    <name>DXZX 2711007701</name>
    <description>(731) 439-5644  01/20/11 17:01:00</description>
    <styleUrl>#defaultStyle</styleUrl>
    <Point>
        <coordinates>-80.2867417756,26.1325574668,500.0</coordinates>
    </Point>
</Placemark>
<Placemark>
    <name>DXZX 2711007701</name>
    <description>(731) 439-5644  01/20/11 17:01:00</description>
    <styleUrl>#defaultStyle</styleUrl>
    <Point>
        <coordinates>-80.2877567931,26.1313487185,500.0</coordinates>
    </Point>
</Placemark>
<Placemark>
    <name>DXZX 2711007701</name>
    <description>(731) 439-5644  01/20/11 17:01:00</description>
    <styleUrl>#defaultStyle</styleUrl>
    <Point>
        <coordinates>-80.288818201,26.130172507,500.0</coordinates>
    </Point>
</Placemark>
<Placemark>
    <name>DXZX 2711007701</name>
    <description>(731) 439-5644  01/20/11 17:01:00</description>
    <styleUrl>#defaultStyle</styleUrl>
    <Point>
        <coordinates>-80.2899247062,26.1290302643,500.0</coordinates>
    </Point>
</Placemark>
<Placemark>
    <name>DXZX 2711007701</name>
    <description>(731) 439-5644  01/20/11 17:01:00</description>
    <styleUrl>#defaultStyle</styleUrl>
    <Point>
        <coordinates>-80.2910749605,26.1279233811,500.0</coordinates>
    </Point>
</Placemark>
<Placemark>
    <name>DXZX 2711007701</name>
    <description>(731) 439-5644  01/20/11 17:01:00</description>
    <styleUrl>#defaultStyle</styleUrl>
    <Point>
        <coordinates>-80.2922675626,26.1268532049,500.0</coordinates>
    </Point>
</Placemark>
<Placemark>
    <name>DXZX 2711007701</name>
    <description>(731) 439-5644  01/20/11 17:01:00</description>
    <styleUrl>#defaultStyle</styleUrl>
    <Point>
        <coordinates>-80.2935010594,26.1258210386,500.0</coordinates>
    </Point>
</Placemark>
<Placemark>
    <name>DXZX 2711007701</name>
    <description>(731) 439-5644  01/20/11 17:01:00</description>
    <styleUrl>#defaultStyle</styleUrl>
    <Point>
        <coordinates>-80.2947739482,26.1248281385,500.0</coordinates>
    </Point>
</Placemark>
<Placemark>
    <name>DXZX 2711007701</name>
    <description>(731) 439-5644  01/20/11 17:01:00</description>
    <styleUrl>#defaultStyle</styleUrl>
    <Point>
        <coordinates>-80.296084678,26.1238757135,500.0</coordinates>
    </Point>
</Placemark>
<Placemark>
    <name>DXZX 2711007701</name>
    <description>(731) 439-5644  01/20/11 17:01:00</description>
    <styleUrl>#defaultStyle</styleUrl>
    <Point>
        <coordinates>-80.297431652,26.1229649229,500.0</coordinates>
    </Point>
</Placemark>
<Placemark>
    <name>DXZX 2711007701</name>
    <description>(731) 439-5644  01/20/11 17:01:00</description>
    <styleUrl>#defaultStyle</styleUrl>
    <Point>
        <coordinates>-80.2988132292,26.1220968753,500.0</coordinates>
    </Point>
</Placemark>
<Placemark>
    <name>DXZX 2711007701</name>
    <description>(731) 439-5644  01/20/11 17:01:00</description>
    <styleUrl>#defaultStyle</styleUrl>
    <Point>
        <coordinates>-80.3002277261,26.1212726274,500.0</coordinates>
    </Point>
</Placemark>
<Placemark>
    <name>DXZX 2711007701</name>
    <description>(731) 439-5644  01/20/11 17:01:00</description>
    <styleUrl>#defaultStyle</styleUrl>
    <Point>
        <coordinates>-80.3016734196,26.1204931825,500.0</coordinates>
    </Point>
</Placemark>
<Placemark>
    <name>DXZX 2711007701</name>
    <description>(731) 439-5644  01/20/11 17:01:00</description>
    <styleUrl>#defaultStyle</styleUrl>
    <Point>
        <coordinates>-80.3031485483,26.1197594892,500.0</coordinates>
    </Point>
</Placemark>
<Placemark>
    <name>DXZX 2711007701</name>
    <description>(731) 439-5644  01/20/11 17:01:00</description>
    <styleUrl>#defaultStyle</styleUrl>
    <Point>
        <coordinates>-80.3046513149,26.1190724407,500.0</coordinates>
    </Point>
</Placemark>
<Placemark>
    <name>DXZX 2711007701</name>
    <description>(731) 439-5644  01/20/11 17:01:00</description>
    <styleUrl>#defaultStyle</styleUrl>
    <Point>
        <coordinates>-80.3061798886,26.1184328731,500.0</coordinates>
    </Point>
</Placemark>
<Placemark>
    <name>DXZX 2711007701</name>
    <description>(731) 439-5644  01/20/11 17:01:00</description>
    <styleUrl>#defaultStyle</styleUrl>
    <Point>
        <coordinates>-80.3077324069,26.1178415649,500.0</coordinates>
    </Point>
</Placemark>
<Placemark>
    <name>DXZX 2711007701</name>
    <description>(731) 439-5644  01/20/11 17:01:00</description>
    <styleUrl>#defaultStyle</styleUrl>
    <Point>
        <coordinates>-80.3093069785,26.1172992358,500.0</coordinates>
    </Point>
</Placemark>
<Placemark>
    <name>DXZX 2711007701</name>
    <description>(731) 439-5644  01/20/11 17:01:00</description>
    <styleUrl>#defaultStyle</styleUrl>
    <Point>
        <coordinates>-80.310901685,26.1168065457,500.0</coordinates>
    </Point>
</Placemark>
<Placemark>
    <name>DXZX 2711007701</name>
    <description>(731) 439-5644  01/20/11 17:01:00</description>
    <styleUrl>#defaultStyle</styleUrl>
    <Point>
        <coordinates>-80.3125145833,26.1163640944,500.0</coordinates>
    </Point>
</Placemark>
<Placemark>
    <name>DXZX 2711007701</name>
    <description>(731) 439-5644  01/20/11 17:01:00</description>
    <styleUrl>#defaultStyle</styleUrl>
    <Point>
        <coordinates>-80.3141437086,26.1159724204,500.0</coordinates>
    </Point>
</Placemark>
<Placemark>
    <name>DXZX 2711007701</name>
    <description>(731) 439-5644  01/20/11 17:01:00</description>
    <styleUrl>#defaultStyle</styleUrl>
    <Point>
        <coordinates>-80.3157870758,26.1156320002,500.0</coordinates>
    </Point>
</Placemark>
<Placemark>
    <name>DXZX 2711007701</name>
    <description>(731) 439-5644  01/20/11 17:01:00</description>
    <styleUrl>#defaultStyle</styleUrl>
    <Point>
        <coordinates>-80.3174426829,26.1153432483,500.0</coordinates>
    </Point>
</Placemark>
<Placemark>
    <name>DXZX 2711007701</name>
    <description>(731) 439-5644  01/20/11 17:01:00</description>
    <styleUrl>#defaultStyle</styleUrl>
    <Point>
        <coordinates>-80.3191085127,26.115106516,500.0</coordinates>
    </Point>
</Placemark>
<Placemark>
    <name>DXZX 2711007701</name>
    <description>(731) 439-5644  01/20/11 17:01:00</description>
    <styleUrl>#defaultStyle</styleUrl>
    <Point>
        <coordinates>-80.3207825357,26.1149220914,500.0</coordinates>
    </Point>
</Placemark>
<Placemark>
    <name>DXZX 2711007701</name>
    <description>(731) 439-5644  01/20/11 17:01:00</description>
    <styleUrl>#defaultStyle</styleUrl>
    <Point>
        <coordinates>-80.3224627124,26.1147901991,500.0</coordinates>
    </Point>
</Placemark>
<Placemark>
    <name>DXZX 2711007701</name>
    <description>(731) 439-5644  01/20/11 17:01:00</description>
    <styleUrl>#defaultStyle</styleUrl>
    <Point>
        <coordinates>-80.3241469956,26.1147109994,500.0</coordinates>
    </Point>
</Placemark>
<Placemark>
    <name>DXZX 2711007701</name>
    <description>(731) 439-5644  01/20/11 17:01:00</description>
    <styleUrl>#defaultStyle</styleUrl>
    <Point>
        <coordinates>-80.3258333333,26.1146845888,500.0</coordinates>
    </Point>
</Placemark>
<Placemark>
    <name>DXZX 2711007701</name>
    <description>(731) 439-5644  01/20/11 17:01:00</description>
    <styleUrl>#defaultStyle</styleUrl>
    <Point>
        <coordinates>-80.3275196711,26.1147109994,500.0</coordinates>
    </Point>
</Placemark>
<Placemark>
    <name>DXZX 2711007701</name>
    <description>(731) 439-5644  01/20/11 17:01:00</description>
    <styleUrl>#defaultStyle</styleUrl>
    <Point>
        <coordinates>-80.3292039543,26.1147901991,500.0</coordinates>
    </Point>
</Placemark>
<Placemark>
    <name>DXZX 2711007701</name>
    <description>(731) 439-5644  01/20/11 17:01:00</description>
    <styleUrl>#defaultStyle</styleUrl>
    <Point>
        <coordinates>-80.3308841309,26.1149220914,500.0</coordinates>
    </Point>
</Placemark>
<Placemark>
    <name>DXZX 2711007701</name>
    <description>(731) 439-5644  01/20/11 17:01:00</description>
    <styleUrl>#defaultStyle</styleUrl>
    <Point>
        <coordinates>-80.3325581539,26.115106516,500.0</coordinates>
    </Point>
</Placemark>
<Placemark>
    <name>DXZX 2711007701</name>
    <description>(731) 439-5644  01/20/11 17:01:00</description>
    <styleUrl>#defaultStyle</styleUrl>
    <Point>
        <coordinates>-80.3342239837,26.1153432483,500.0</coordinates>
    </Point>
</Placemark>
<Placemark>
    <name>DXZX 2711007701</name>
    <description>(731) 439-5644  01/20/11 17:01:00</description>
    <styleUrl>#defaultStyle</styleUrl>
    <Point>
        <coordinates>-80.3358795908,26.1156320002,500.0</coordinates>
    </Point>
</Placemark>
<Placemark>
    <name>DXZX 2711007701</name>
    <description>(731) 439-5644  01/20/11 17:01:00</description>
    <styleUrl>#defaultStyle</styleUrl>
    <Point>
        <coordinates>-80.3375229581,26.1159724204,500.0</coordinates>
    </Point>
</Placemark>
<Placemark>
    <name>DXZX 2711007701</name>
    <description>(731) 439-5644  01/20/11 17:01:00</description>
    <styleUrl>#defaultStyle</styleUrl>
    <Point>
        <coordinates>-80.3391520833,26.1163640944,500.0</coordinates>
    </Point>
</Placemark>
<Placemark>
    <name>DXZX 2711007701</name>
    <description>(731) 439-5644  01/20/11 17:01:00</description>
    <styleUrl>#defaultStyle</styleUrl>
    <Point>
        <coordinates>-80.3407649817,26.1168065457,500.0</coordinates>
    </Point>
</Placemark>
<Placemark>
    <name>DXZX 2711007701</name>
    <description>(731) 439-5644  01/20/11 17:01:00</description>
    <styleUrl>#defaultStyle</styleUrl>
    <Point>
        <coordinates>-80.3423596881,26.1172992358,500.0</coordinates>
    </Point>
</Placemark>
<Placemark>
    <name>DXZX 2711007701</name>
    <description>(731) 439-5644  01/20/11 17:01:00</description>
    <styleUrl>#defaultStyle</styleUrl>
    <Point>
        <coordinates>-80.3439342597,26.1178415649,500.0</coordinates>
    </Point>
</Placemark>
<Placemark>
    <name>DXZX 2711007701</name>
    <description>(731) 439-5644  01/20/11 17:01:00</description>
    <styleUrl>#defaultStyle</styleUrl>
    <Point>
        <coordinates>-80.3454867781,26.1184328731,500.0</coordinates>
    </Point>
</Placemark>
<Placemark>
    <name>DXZX 2711007701</name>
    <description>(731) 439-5644  01/20/11 17:01:00</description>
    <styleUrl>#defaultStyle</styleUrl>
    <Point>
        <coordinates>-80.3470153518,26.1190724407,500.0</coordinates>
    </Point>
</Placemark>
<Placemark>
    <name>DXZX 2711007701</name>
    <description>(731) 439-5644  01/20/11 17:01:00</description>
    <styleUrl>#defaultStyle</styleUrl>
    <Point>
        <coordinates>-80.3485181184,26.1197594892,500.0</coordinates>
    </Point>
</Placemark>
<Placemark>
    <name>DXZX 2711007701</name>
    <description>(731) 439-5644  01/20/11 17:01:00</description>
    <styleUrl>#defaultStyle</styleUrl>
    <Point>
        <coordinates>-80.349993247,26.1204931825,500.0</coordinates>
    </Point>
</Placemark>
<Placemark>
    <name>DXZX 2711007701</name>
    <description>(731) 439-5644  01/20/11 17:01:00</description>
    <styleUrl>#defaultStyle</styleUrl>
    <Point>
        <coordinates>-80.3514389405,26.1212726274,500.0</coordinates>
    </Point>
</Placemark>
<Placemark>
    <name>DXZX 2711007701</name>
    <description>(731) 439-5644  01/20/11 17:01:00</description>
    <styleUrl>#defaultStyle</styleUrl>
    <Point>
        <coordinates>-80.3528534375,26.1220968753,500.0</coordinates>
    </Point>
</Placemark>
<Placemark>
    <name>DXZX 2711007701</name>
    <description>(731) 439-5644  01/20/11 17:01:00</description>
    <styleUrl>#defaultStyle</styleUrl>
    <Point>
        <coordinates>-80.3542350146,26.1229649229,500.0</coordinates>
    </Point>
</Placemark>
<Placemark>
    <name>DXZX 2711007701</name>
    <description>(731) 439-5644  01/20/11 17:01:00</description>
    <styleUrl>#defaultStyle</styleUrl>
    <Point>
        <coordinates>-80.3555819886,26.1238757135,500.0</coordinates>
    </Point>
</Placemark>
<Placemark>
    <name>DXZX 2711007701</name>
    <description>(731) 439-5644  01/20/11 17:01:00</description>
    <styleUrl>#defaultStyle</styleUrl>
    <Point>
        <coordinates>-80.3568927185,26.1248281385,500.0</coordinates>
    </Point>
</Placemark>
<Placemark>
    <name>DXZX 2711007701</name>
    <description>(731) 439-5644  01/20/11 17:01:00</description>
    <styleUrl>#defaultStyle</styleUrl>
    <Point>
        <coordinates>-80.3581656072,26.1258210386,500.0</coordinates>
    </Point>
</Placemark>
<Placemark>
    <name>DXZX 2711007701</name>
    <description>(731) 439-5644  01/20/11 17:01:00</description>
    <styleUrl>#defaultStyle</styleUrl>
    <Point>
        <coordinates>-80.359399104,26.1268532049,500.0</coordinates>
    </Point>
</Placemark>
<Placemark>
    <name>DXZX 2711007701</name>
    <description>(731) 439-5644  01/20/11 17:01:00</description>
    <styleUrl>#defaultStyle</styleUrl>
    <Point>
        <coordinates>-80.3605917061,26.1279233811,500.0</coordinates>
    </Point>
</Placemark>
<Placemark>
    <name>DXZX 2711007701</name>
    <description>(731) 439-5644  01/20/11 17:01:00</description>
    <styleUrl>#defaultStyle</styleUrl>
    <Point>
        <coordinates>-80.3617419605,26.1290302643,500.0</coordinates>
    </Point>
</Placemark>
<Placemark>
    <name>DXZX 2711007701</name>
    <description>(731) 439-5644  01/20/11 17:01:00</description>
    <styleUrl>#defaultStyle</styleUrl>
    <Point>
        <coordinates>-80.3628484656,26.130172507,500.0</coordinates>
    </Point>
</Placemark>
<Placemark>
    <name>DXZX 2711007701</name>
    <description>(731) 439-5644  01/20/11 17:01:00</description>
    <styleUrl>#defaultStyle</styleUrl>
    <Point>
        <coordinates>-80.3639098736,26.1313487185,500.0</coordinates>
    </Point>
</Placemark>
<Placemark>
    <name>DXZX 2711007701</name>
    <description>(731) 439-5644  01/20/11 17:01:00</description>
    <styleUrl>#defaultStyle</styleUrl>
    <Point>
        <coordinates>-80.3649248911,26.1325574668,500.0</coordinates>
    </Point>
</Placemark>
<Placemark>
    <name>DXZX 2711007701</name>
    <description>(731) 439-5644  01/20/11 17:01:00</description>
    <styleUrl>#defaultStyle</styleUrl>
    <Point>
        <coordinates>-80.3658922816,26.1337972802,500.0</coordinates>
    </Point>
</Placemark>
<Placemark>
    <name>DXZX 2711007701</name>
    <description>(731) 439-5644  01/20/11 17:01:00</description>
    <styleUrl>#defaultStyle</styleUrl>
    <Point>
        <coordinates>-80.3668108664,26.1350666491,500.0</coordinates>
    </Point>
</Placemark>
<Placemark>
    <name>DXZX 2711007701</name>
    <description>(731) 439-5644  01/20/11 17:01:00</description>
    <styleUrl>#defaultStyle</styleUrl>
    <Point>
        <coordinates>-80.3676795264,26.1363640281,500.0</coordinates>
    </Point>
</Placemark>
<Placemark>
    <name>DXZX 2711007701</name>
    <description>(731) 439-5644  01/20/11 17:01:00</description>
    <styleUrl>#defaultStyle</styleUrl>
    <Point>
        <coordinates>-80.3684972033,26.1376878372,500.0</coordinates>
    </Point>
</Placemark>
<Placemark>
    <name>DXZX 2711007701</name>
    <description>(731) 439-5644  01/20/11 17:01:00</description>
    <styleUrl>#defaultStyle</styleUrl>
    <Point>
        <coordinates>-80.3692629008,26.1390364646,500.0</coordinates>
    </Point>
</Placemark>
<Placemark>
    <name>DXZX 2711007701</name>
    <description>(731) 439-5644  01/20/11 17:01:00</description>
    <styleUrl>#defaultStyle</styleUrl>
    <Point>
        <coordinates>-80.369975686,26.140408268,500.0</coordinates>
    </Point>
</Placemark>
<Placemark>
    <name>DXZX 2711007701</name>
    <description>(731) 439-5644  01/20/11 17:01:00</description>
    <styleUrl>#defaultStyle</styleUrl>
    <Point>
        <coordinates>-80.3706346907,26.1418015768,500.0</coordinates>
    </Point>
</Placemark>
<Placemark>
    <name>DXZX 2711007701</name>
    <description>(731) 439-5644  01/20/11 17:01:00</description>
    <styleUrl>#defaultStyle</styleUrl>
    <Point>
        <coordinates>-80.3712391118,26.1432146942,500.0</coordinates>
    </Point>
</Placemark>
<Placemark>
    <name>DXZX 2711007701</name>
    <description>(731) 439-5644  01/20/11 17:01:00</description>
    <styleUrl>#defaultStyle</styleUrl>
    <Point>
        <coordinates>-80.3717882129,26.1446458993,500.0</coordinates>
    </Point>
</Placemark>
<Placemark>
    <name>DXZX 2711007701</name>
    <description>(731) 439-5644  01/20/11 17:01:00</description>
    <styleUrl>#defaultStyle</styleUrl>
    <Point>
        <coordinates>-80.3722813251,26.146093449,500.0</coordinates>
    </Point>
</Placemark>
<Placemark>
    <name>DXZX 2711007701</name>
    <description>(731) 439-5644  01/20/11 17:01:00</description>
    <styleUrl>#defaultStyle</styleUrl>
    <Point>
        <coordinates>-80.3727178477,26.1475555802,500.0</coordinates>
    </Point>
</Placemark>
<Placemark>
    <name>DXZX 2711007701</name>
    <description>(731) 439-5644  01/20/11 17:01:00</description>
    <styleUrl>#defaultStyle</styleUrl>
    <Point>
        <coordinates>-80.3730972486,26.1490305121,500.0</coordinates>
    </Point>
</Placemark>
<Placemark>
    <name>DXZX 2711007701</name>
    <description>(731) 439-5644  01/20/11 17:01:00</description>
    <styleUrl>#defaultStyle</styleUrl>
    <Point>
        <coordinates>-80.3734190659,26.1505164482,500.0</coordinates>
    </Point>
</Placemark>
<Placemark>
    <name>DXZX 2711007701</name>
    <description>(731) 439-5644  01/20/11 17:01:00</description>
    <styleUrl>#defaultStyle</styleUrl>
    <Point>
        <coordinates>-80.3736829072,26.1520115784,500.0</coordinates>
    </Point>
</Placemark>
<Placemark>
    <name>DXZX 2711007701</name>
    <description>(731) 439-5644  01/20/11 17:01:00</description>
    <styleUrl>#defaultStyle</styleUrl>
    <Point>
        <coordinates>-80.3738884512,26.1535140815,500.0</coordinates>
    </Point>
</Placemark>
<Placemark>
    <name>DXZX 2711007701</name>
    <description>(731) 439-5644  01/20/11 17:01:00</description>
    <styleUrl>#defaultStyle</styleUrl>
    <Point>
        <coordinates>-80.3740354475,26.1550221272,500.0</coordinates>
    </Point>
</Placemark>
<Placemark>
    <name>DXZX 2711007701</name>
    <description>(731) 439-5644  01/20/11 17:01:00</description>
    <styleUrl>#defaultStyle</styleUrl>
    <Point>
        <coordinates>-80.374123717,26.1565338784,500.0</coordinates>
    </Point>
</Placemark>
<Placemark>
    <name>DXZX 2711007701</name>
    <description>(731) 439-5644  01/20/11 17:01:00</description>
    <styleUrl>#defaultStyle</styleUrl>
    <Point>
        <coordinates>-80.3741531521,26.1580474932,500.0</coordinates>
    </Point>
</Placemark>
<Placemark>
    <name>DXZX 2711007701</name>
    <description>(731) 439-5644  01/20/11 17:01:00</description>
    <styleUrl>#defaultStyle</styleUrl>
    <Point>
        <coordinates>-80.374123717,26.1595611277,500.0</coordinates>
    </Point>
</Placemark>
<Placemark>
    <name>DXZX 2711007701</name>
    <description>(731) 439-5644  01/20/11 17:01:00</description>
    <styleUrl>#defaultStyle</styleUrl>
    <Point>
        <coordinates>-80.3740354475,26.1610729377,500.0</coordinates>
    </Point>
</Placemark>
<Placemark>
    <name>DXZX 2711007701</name>
    <description>(731) 439-5644  01/20/11 17:01:00</description>
    <styleUrl>#defaultStyle</styleUrl>
    <Point>
        <coordinates>-80.3738884512,26.1625810811,500.0</coordinates>
    </Point>
</Placemark>
<Placemark>
    <name>DXZX 2711007701</name>
    <description>(731) 439-5644  01/20/11 17:01:00</description>
    <styleUrl>#defaultStyle</styleUrl>
    <Point>
        <coordinates>-80.3736829072,26.1640837203,500.0</coordinates>
    </Point>
</Placemark>
<Placemark>
    <name>DXZX 2711007701</name>
    <description>(731) 439-5644  01/20/11 17:01:00</description>
    <styleUrl>#defaultStyle</styleUrl>
    <Point>
        <coordinates>-80.3734190659,26.1655790245,500.0</coordinates>
    </Point>
</Placemark>
<Placemark>
    <name>DXZX 2711007701</name>
    <description>(731) 439-5644  01/20/11 17:01:00</description>
    <styleUrl>#defaultStyle</styleUrl>
    <Point>
        <coordinates>-80.3730972486,26.1670651713,500.0</coordinates>
    </Point>
</Placemark>
<Placemark>
    <name>DXZX 2711007701</name>
    <description>(731) 439-5644  01/20/11 17:01:00</description>
    <styleUrl>#defaultStyle</styleUrl>
    <Point>
        <coordinates>-80.3727178477,26.1685403499,500.0</coordinates>
    </Point>
</Placemark>
<Placemark>
    <name>DXZX 2711007701</name>
    <description>(731) 439-5644  01/20/11 17:01:00</description>
    <styleUrl>#defaultStyle</styleUrl>
    <Point>
        <coordinates>-80.3722813251,26.1700027625,500.0</coordinates>
    </Point>
</Placemark>
<Placemark>
    <name>DXZX 2711007701</name>
    <description>(731) 439-5644  01/20/11 17:01:00</description>
    <styleUrl>#defaultStyle</styleUrl>
    <Point>
        <coordinates>-80.3717882129,26.1714506269,500.0</coordinates>
    </Point>
</Placemark>
<Placemark>
    <name>DXZX 2711007701</name>
    <description>(731) 439-5644  01/20/11 17:01:00</description>
    <styleUrl>#defaultStyle</styleUrl>
    <Point>
        <coordinates>-80.3712391118,26.1728821784,500.0</coordinates>
    </Point>
</Placemark>
<Placemark>
    <name>DXZX 2711007701</name>
    <description>(731) 439-5644  01/20/11 17:01:00</description>
    <styleUrl>#defaultStyle</styleUrl>
    <Point>
        <coordinates>-80.3706346907,26.1742956724,500.0</coordinates>
    </Point>
</Placemark>
<Placemark>
    <name>DXZX 2711007701</name>
    <description>(731) 439-5644  01/20/11 17:01:00</description>
    <styleUrl>#defaultStyle</styleUrl>
    <Point>
        <coordinates>-80.369975686,26.175689386,500.0</coordinates>
    </Point>
</Placemark>
<Placemark>
    <name>DXZX 2711007701</name>
    <description>(731) 439-5644  01/20/11 17:01:00</description>
    <styleUrl>#defaultStyle</styleUrl>
    <Point>
        <coordinates>-80.3692629008,26.1770616205,500.0</coordinates>
    </Point>
</Placemark>
<Placemark>
    <name>DXZX 2711007701</name>
    <description>(731) 439-5644  01/20/11 17:01:00</description>
    <styleUrl>#defaultStyle</styleUrl>
    <Point>
        <coordinates>-80.3684972033,26.1784107031,500.0</coordinates>
    </Point>
</Placemark>
<Placemark>
    <name>DXZX 2711007701</name>
    <description>(731) 439-5644  01/20/11 17:01:00</description>
    <styleUrl>#defaultStyle</styleUrl>
    <Point>
        <coordinates>-80.3676795264,26.1797349895,500.0</coordinates>
    </Point>
</Placemark>
<Placemark>
    <name>DXZX 2711007701</name>
    <description>(731) 439-5644  01/20/11 17:01:00</description>
    <styleUrl>#defaultStyle</styleUrl>
    <Point>
        <coordinates>-80.3668108664,26.1810328653,500.0</coordinates>
    </Point>
</Placemark>
<Placemark>
    <name>DXZX 2711007701</name>
    <description>(731) 439-5644  01/20/11 17:01:00</description>
    <styleUrl>#defaultStyle</styleUrl>
    <Point>
        <coordinates>-80.3658922816,26.1823027484,500.0</coordinates>
    </Point>
</Placemark>
<Placemark>
    <name>DXZX 2711007701</name>
    <description>(731) 439-5644  01/20/11 17:01:00</description>
    <styleUrl>#defaultStyle</styleUrl>
    <Point>
        <coordinates>-80.3649248911,26.1835430906,500.0</coordinates>
    </Point>
</Placemark>
<Placemark>
    <name>DXZX 2711007701</name>
    <description>(731) 439-5644  01/20/11 17:01:00</description>
    <styleUrl>#defaultStyle</styleUrl>
    <Point>
        <coordinates>-80.3639098736,26.1847523798,500.0</coordinates>
    </Point>
</Placemark>
<Placemark>
    <name>DXZX 2711007701</name>
    <description>(731) 439-5644  01/20/11 17:01:00</description>
    <styleUrl>#defaultStyle</styleUrl>
    <Point>
        <coordinates>-80.3628484656,26.1859291418,500.0</coordinates>
    </Point>
</Placemark>
<Placemark>
    <name>DXZX 2711007701</name>
    <description>(731) 439-5644  01/20/11 17:01:00</description>
    <styleUrl>#defaultStyle</styleUrl>
    <Point>
        <coordinates>-80.3617419605,26.1870719417,500.0</coordinates>
    </Point>
</Placemark>
<Placemark>
    <name>DXZX 2711007701</name>
    <description>(731) 439-5644  01/20/11 17:01:00</description>
    <styleUrl>#defaultStyle</styleUrl>
    <Point>
        <coordinates>-80.3605917061,26.1881793863,500.0</coordinates>
    </Point>
</Placemark>
<Placemark>
    <name>DXZX 2711007701</name>
    <description>(731) 439-5644  01/20/11 17:01:00</description>
    <styleUrl>#defaultStyle</styleUrl>
    <Point>
        <coordinates>-80.359399104,26.1892501252,500.0</coordinates>
    </Point>
</Placemark>
<Placemark>
    <name>DXZX 2711007701</name>
    <description>(731) 439-5644  01/20/11 17:01:00</description>
    <styleUrl>#defaultStyle</styleUrl>
    <Point>
        <coordinates>-80.3581656072,26.1902828529,500.0</coordinates>
    </Point>
</Placemark>
<Placemark>
    <name>DXZX 2711007701</name>
    <description>(731) 439-5644  01/20/11 17:01:00</description>
    <styleUrl>#defaultStyle</styleUrl>
    <Point>
        <coordinates>-80.3568927185,26.1912763102,500.0</coordinates>
    </Point>
</Placemark>
<Placemark>
    <name>DXZX 2711007701</name>
    <description>(731) 439-5644  01/20/11 17:01:00</description>
    <styleUrl>#defaultStyle</styleUrl>
    <Point>
        <coordinates>-80.3555819886,26.1922292857,500.0</coordinates>
    </Point>
</Placemark>
<Placemark>
    <name>DXZX 2711007701</name>
    <description>(731) 439-5644  01/20/11 17:01:00</description>
    <styleUrl>#defaultStyle</styleUrl>
    <Point>
        <coordinates>-80.3542350146,26.1931406173,500.0</coordinates>
    </Point>
</Placemark>
<Placemark>
    <name>DXZX 2711007701</name>
    <description>(731) 439-5644  01/20/11 17:01:00</description>
    <styleUrl>#defaultStyle</styleUrl>
    <Point>
        <coordinates>-80.3528534375,26.1940091937,500.0</coordinates>
    </Point>
</Placemark>
<Placemark>
    <name>DXZX 2711007701</name>
    <description>(731) 439-5644  01/20/11 17:01:00</description>
    <styleUrl>#defaultStyle</styleUrl>
    <Point>
        <coordinates>-80.3514389405,26.1948339557,500.0</coordinates>
    </Point>
</Placemark>
<Placemark>
    <name>DXZX 2711007701</name>
    <description>(731) 439-5644  01/20/11 17:01:00</description>
    <styleUrl>#defaultStyle</styleUrl>
    <Point>
        <coordinates>-80.349993247,26.1956138975,500.0</coordinates>
    </Point>
</Placemark>
<Placemark>
    <name>DXZX 2711007701</name>
    <description>(731) 439-5644  01/20/11 17:01:00</description>
    <styleUrl>#defaultStyle</styleUrl>
    <Point>
        <coordinates>-80.3485181184,26.1963480679,500.0</coordinates>
    </Point>
</Placemark>
<Placemark>
    <name>DXZX 2711007701</name>
    <description>(731) 439-5644  01/20/11 17:01:00</description>
    <styleUrl>#defaultStyle</styleUrl>
    <Point>
        <coordinates>-80.3470153518,26.1970355717,500.0</coordinates>
    </Point>
</Placemark>
<Placemark>
    <name>DXZX 2711007701</name>
    <description>(731) 439-5644  01/20/11 17:01:00</description>
    <styleUrl>#defaultStyle</styleUrl>
    <Point>
        <coordinates>-80.3454867781,26.1976755704,500.0</coordinates>
    </Point>
</Placemark>
<Placemark>
    <name>DXZX 2711007701</name>
    <description>(731) 439-5644  01/20/11 17:01:00</description>
    <styleUrl>#defaultStyle</styleUrl>
    <Point>
        <coordinates>-80.3439342597,26.1982672834,500.0</coordinates>
    </Point>
</Placemark>
<Placemark>
    <name>DXZX 2711007701</name>
    <description>(731) 439-5644  01/20/11 17:01:00</description>
    <styleUrl>#defaultStyle</styleUrl>
    <Point>
        <coordinates>-80.3423596881,26.1988099891,500.0</coordinates>
    </Point>
</Placemark>
<Placemark>
    <name>DXZX 2711007701</name>
    <description>(731) 439-5644  01/20/11 17:01:00</description>
    <styleUrl>#defaultStyle</styleUrl>
    <Point>
        <coordinates>-80.3407649817,26.1993030256,500.0</coordinates>
    </Point>
</Placemark>
<Placemark>
    <name>DXZX 2711007701</name>
    <description>(731) 439-5644  01/20/11 17:01:00</description>
    <styleUrl>#defaultStyle</styleUrl>
    <Point>
        <coordinates>-80.3391520833,26.1997457916,500.0</coordinates>
    </Point>
</Placemark>
<Placemark>
    <name>DXZX 2711007701</name>
    <description>(731) 439-5644  01/20/11 17:01:00</description>
    <styleUrl>#defaultStyle</styleUrl>
    <Point>
        <coordinates>-80.3375229581,26.200137747,500.0</coordinates>
    </Point>
</Placemark>
<Placemark>
    <name>DXZX 2711007701</name>
    <description>(731) 439-5644  01/20/11 17:01:00</description>
    <styleUrl>#defaultStyle</styleUrl>
    <Point>
        <coordinates>-80.3358795908,26.2004784139,500.0</coordinates>
    </Point>
</Placemark>
<Placemark>
    <name>DXZX 2711007701</name>
    <description>(731) 439-5644  01/20/11 17:01:00</description>
    <styleUrl>#defaultStyle</styleUrl>
    <Point>
        <coordinates>-80.3342239837,26.2007673766,500.0</coordinates>
    </Point>
</Placemark>
<Placemark>
    <name>DXZX 2711007701</name>
    <description>(731) 439-5644  01/20/11 17:01:00</description>
    <styleUrl>#defaultStyle</styleUrl>
    <Point>
        <coordinates>-80.3325581539,26.2010042828,500.0</coordinates>
    </Point>
</Placemark>
<Placemark>
    <name>DXZX 2711007701</name>
    <description>(731) 439-5644  01/20/11 17:01:00</description>
    <styleUrl>#defaultStyle</styleUrl>
    <Point>
        <coordinates>-80.3308841309,26.2011888435,500.0</coordinates>
    </Point>
</Placemark>
<Placemark>
    <name>DXZX 2711007701</name>
    <description>(731) 439-5644  01/20/11 17:01:00</description>
    <styleUrl>#defaultStyle</styleUrl>
    <Point>
        <coordinates>-80.3292039543,26.2013208336,500.0</coordinates>
    </Point>
</Placemark>
<Placemark>
    <name>DXZX 2711007701</name>
    <description>(731) 439-5644  01/20/11 17:01:00</description>
    <styleUrl>#defaultStyle</styleUrl>
    <Point>
        <coordinates>-80.3275196711,26.2014000921,500.0</coordinates>
    </Point>
</Placemark>
<Placemark>
    <name>DXZX 2711007701</name>
    <description>(731) 439-5644  01/20/11 17:01:00</description>
    <styleUrl>#defaultStyle</styleUrl>
    <Point>
        <coordinates>-80.3258333333,26.1580555556,0.0</coordinates>
    </Point>
</Placemark>
<Placemark>
    <name>NS3157 BELMONT 1602231571</name>
    <description>(731) 798-0089  02/02/11 17:09:00</description>
    <styleUrl>#defaultStyle</styleUrl>
    <Point>
        <coordinates>-86.8254891319,36.173291647,500.0</coordinates>
    </Point>
</Placemark>
<Placemark>
    <name>NS3157 BELMONT 1602231571</name>
    <description>(731) 798-0089  02/02/11 17:09:00</description>
    <styleUrl>#defaultStyle</styleUrl>
    <Point>
        <coordinates>-86.8238189913,36.1739792616,500.0</coordinates>
    </Point>
</Placemark>
<Placemark>
    <name>NS3157 BELMONT 1602231571</name>
    <description>(731) 798-0089  02/02/11 17:09:00</description>
    <styleUrl>#defaultStyle</styleUrl>
    <Point>
        <coordinates>-86.8221201694,36.1746193653,500.0</coordinates>
    </Point>
</Placemark>
<Placemark>
    <name>NS3157 BELMONT 1602231571</name>
    <description>(731) 798-0089  02/02/11 17:09:00</description>
    <styleUrl>#defaultStyle</styleUrl>
    <Point>
        <coordinates>-86.8203947358,36.1752111768,500.0</coordinates>
    </Point>
</Placemark>
<Placemark>
    <name>NS3157 BELMONT 1602231571</name>
    <description>(731) 798-0089  02/02/11 17:09:00</description>
    <styleUrl>#defaultStyle</styleUrl>
    <Point>
        <coordinates>-86.8186447927,36.1757539742,500.0</coordinates>
    </Point>
</Placemark>
<Placemark>
    <name>NS3157 BELMONT 1602231571</name>
    <description>(731) 798-0089  02/02/11 17:09:00</description>
    <styleUrl>#defaultStyle</styleUrl>
    <Point>
        <coordinates>-86.8168724723,36.1762470951,500.0</coordinates>
    </Point>
</Placemark>
<Placemark>
    <name>NS3157 BELMONT 1602231571</name>
    <description>(731) 798-0089  02/02/11 17:09:00</description>
    <styleUrl>#defaultStyle</styleUrl>
    <Point>
        <coordinates>-86.8150799337,36.1766899377,500.0</coordinates>
    </Point>
</Placemark>
<Placemark>
    <name>NS3157 BELMONT 1602231571</name>
    <description>(731) 798-0089  02/02/11 17:09:00</description>
    <styleUrl>#defaultStyle</styleUrl>
    <Point>
        <coordinates>-86.813269361,36.1770819617,500.0</coordinates>
    </Point>
</Placemark>
<Placemark>
    <name>NS3157 BELMONT 1602231571</name>
    <description>(731) 798-0089  02/02/11 17:09:00</description>
    <styleUrl>#defaultStyle</styleUrl>
    <Point>
        <coordinates>-86.81144296,36.1774226886,500.0</coordinates>
    </Point>
</Placemark>
<Placemark>
    <name>NS3157 BELMONT 1602231571</name>
    <description>(731) 798-0089  02/02/11 17:09:00</description>
    <styleUrl>#defaultStyle</styleUrl>
    <Point>
        <coordinates>-86.8096029559,36.1777117026,500.0</coordinates>
    </Point>
</Placemark>
<Placemark>
    <name>NS3157 BELMONT 1602231571</name>
    <description>(731) 798-0089  02/02/11 17:09:00</description>
    <styleUrl>#defaultStyle</styleUrl>
    <Point>
        <coordinates>-86.8077515905,36.1779486512,500.0</coordinates>
    </Point>
</Placemark>
<Placemark>
    <name>NS3157 BELMONT 1602231571</name>
    <description>(731) 798-0089  02/02/11 17:09:00</description>
    <styleUrl>#defaultStyle</styleUrl>
    <Point>
        <coordinates>-86.8058911194,36.178133245,500.0</coordinates>
    </Point>
</Placemark>
<Placemark>
    <name>NS3157 BELMONT 1602231571</name>
    <description>(731) 798-0089  02/02/11 17:09:00</description>
    <styleUrl>#defaultStyle</styleUrl>
    <Point>
        <coordinates>-86.8040238093,36.1782652589,500.0</coordinates>
    </Point>
</Placemark>
<Placemark>
    <name>NS3157 BELMONT 1602231571</name>
    <description>(731) 798-0089  02/02/11 17:09:00</description>
    <styleUrl>#defaultStyle</styleUrl>
    <Point>
        <coordinates>-86.8021519352,36.1783445318,500.0</coordinates>
    </Point>
</Placemark>
<Placemark>
    <name>NS3157 BELMONT 1602231571</name>
    <description>(731) 798-0089  02/02/11 17:09:00</description>
    <styleUrl>#defaultStyle</styleUrl>
    <Point>
        <coordinates>-86.8002777778,36.1783709668,500.0</coordinates>
    </Point>
</Placemark>
<Placemark>
    <name>NS3157 BELMONT 1602231571</name>
    <description>(731) 798-0089  02/02/11 17:09:00</description>
    <styleUrl>#defaultStyle</styleUrl>
    <Point>
        <coordinates>-86.7984036203,36.1783445318,500.0</coordinates>
    </Point>
</Placemark>
<Placemark>
    <name>NS3157 BELMONT 1602231571</name>
    <description>(731) 798-0089  02/02/11 17:09:00</description>
    <styleUrl>#defaultStyle</styleUrl>
    <Point>
        <coordinates>-86.7965317463,36.1782652589,500.0</coordinates>
    </Point>
</Placemark>
<Placemark>
    <name>NS3157 BELMONT 1602231571</name>
    <description>(731) 798-0089  02/02/11 17:09:00</description>
    <styleUrl>#defaultStyle</styleUrl>
    <Point>
        <coordinates>-86.7946644361,36.178133245,500.0</coordinates>
    </Point>
</Placemark>
<Placemark>
    <name>NS3157 BELMONT 1602231571</name>
    <description>(731) 798-0089  02/02/11 17:09:00</description>
    <styleUrl>#defaultStyle</styleUrl>
    <Point>
        <coordinates>-86.792803965,36.1779486512,500.0</coordinates>
    </Point>
</Placemark>
<Placemark>
    <name>NS3157 BELMONT 1602231571</name>
    <description>(731) 798-0089  02/02/11 17:09:00</description>
    <styleUrl>#defaultStyle</styleUrl>
    <Point>
        <coordinates>-86.7909525997,36.1777117026,500.0</coordinates>
    </Point>
</Placemark>
<Placemark>
    <name>NS3157 BELMONT 1602231571</name>
    <description>(731) 798-0089  02/02/11 17:09:00</description>
    <styleUrl>#defaultStyle</styleUrl>
    <Point>
        <coordinates>-86.7891125956,36.1774226886,500.0</coordinates>
    </Point>
</Placemark>
<Placemark>
    <name>NS3157 BELMONT 1602231571</name>
    <description>(731) 798-0089  02/02/11 17:09:00</description>
    <styleUrl>#defaultStyle</styleUrl>
    <Point>
        <coordinates>-86.7872861946,36.1770819617,500.0</coordinates>
    </Point>
</Placemark>
<Placemark>
    <name>NS3157 BELMONT 1602231571</name>
    <description>(731) 798-0089  02/02/11 17:09:00</description>
    <styleUrl>#defaultStyle</styleUrl>
    <Point>
        <coordinates>-86.7854756218,36.1766899377,500.0</coordinates>
    </Point>
</Placemark>
<Placemark>
    <name>NS3157 BELMONT 1602231571</name>
    <description>(731) 798-0089  02/02/11 17:09:00</description>
    <styleUrl>#defaultStyle</styleUrl>
    <Point>
        <coordinates>-86.7836830833,36.1762470951,500.0</coordinates>
    </Point>
</Placemark>
<Placemark>
    <name>NS3157 BELMONT 1602231571</name>
    <description>(731) 798-0089  02/02/11 17:09:00</description>
    <styleUrl>#defaultStyle</styleUrl>
    <Point>
        <coordinates>-86.7819107628,36.1757539742,500.0</coordinates>
    </Point>
</Placemark>
<Placemark>
    <name>NS3157 BELMONT 1602231571</name>
    <description>(731) 798-0089  02/02/11 17:09:00</description>
    <styleUrl>#defaultStyle</styleUrl>
    <Point>
        <coordinates>-86.7801608198,36.1752111768,500.0</coordinates>
    </Point>
</Placemark>
<Placemark>
    <name>NS3157 BELMONT 1602231571</name>
    <description>(731) 798-0089  02/02/11 17:09:00</description>
    <styleUrl>#defaultStyle</styleUrl>
    <Point>
        <coordinates>-86.7784353862,36.1746193653,500.0</coordinates>
    </Point>
</Placemark>
<Placemark>
    <name>NS3157 BELMONT 1602231571</name>
    <description>(731) 798-0089  02/02/11 17:09:00</description>
    <styleUrl>#defaultStyle</styleUrl>
    <Point>
        <coordinates>-86.7767365642,36.1739792616,500.0</coordinates>
    </Point>
</Placemark>
<Placemark>
    <name>NS3157 BELMONT 1602231571</name>
    <description>(731) 798-0089  02/02/11 17:09:00</description>
    <styleUrl>#defaultStyle</styleUrl>
    <Point>
        <coordinates>-86.7750664236,36.173291647,500.0</coordinates>
    </Point>
</Placemark>
<Placemark>
    <name>NS3157 BELMONT 1602231571</name>
    <description>(731) 798-0089  02/02/11 17:09:00</description>
    <styleUrl>#defaultStyle</styleUrl>
    <Point>
        <coordinates>-86.7734269992,36.1725573603,500.0</coordinates>
    </Point>
</Placemark>
<Placemark>
    <name>NS3157 BELMONT 1602231571</name>
    <description>(731) 798-0089  02/02/11 17:09:00</description>
    <styleUrl>#defaultStyle</styleUrl>
    <Point>
        <coordinates>-86.7718202884,36.1717772976,500.0</coordinates>
    </Point>
</Placemark>
<Placemark>
    <name>NS3157 BELMONT 1602231571</name>
    <description>(731) 798-0089  02/02/11 17:09:00</description>
    <styleUrl>#defaultStyle</styleUrl>
    <Point>
        <coordinates>-86.7702482487,36.1709524104,500.0</coordinates>
    </Point>
</Placemark>
<Placemark>
    <name>NS3157 BELMONT 1602231571</name>
    <description>(731) 798-0089  02/02/11 17:09:00</description>
    <styleUrl>#defaultStyle</styleUrl>
    <Point>
        <coordinates>-86.7687127954,36.1700837053,500.0</coordinates>
    </Point>
</Placemark>
<Placemark>
    <name>NS3157 BELMONT 1602231571</name>
    <description>(731) 798-0089  02/02/11 17:09:00</description>
    <styleUrl>#defaultStyle</styleUrl>
    <Point>
        <coordinates>-86.7672157992,36.169172242,500.0</coordinates>
    </Point>
</Placemark>
<Placemark>
    <name>NS3157 BELMONT 1602231571</name>
    <description>(731) 798-0089  02/02/11 17:09:00</description>
    <styleUrl>#defaultStyle</styleUrl>
    <Point>
        <coordinates>-86.7657590839,36.1682191326,500.0</coordinates>
    </Point>
</Placemark>
<Placemark>
    <name>NS3157 BELMONT 1602231571</name>
    <description>(731) 798-0089  02/02/11 17:09:00</description>
    <styleUrl>#defaultStyle</styleUrl>
    <Point>
        <coordinates>-86.7643444244,36.1672255396,500.0</coordinates>
    </Point>
</Placemark>
<Placemark>
    <name>NS3157 BELMONT 1602231571</name>
    <description>(731) 798-0089  02/02/11 17:09:00</description>
    <styleUrl>#defaultStyle</styleUrl>
    <Point>
        <coordinates>-86.7629735442,36.1661926752,500.0</coordinates>
    </Point>
</Placemark>
<Placemark>
    <name>NS3157 BELMONT 1602231571</name>
    <description>(731) 798-0089  02/02/11 17:09:00</description>
    <styleUrl>#defaultStyle</styleUrl>
    <Point>
        <coordinates>-86.7616481135,36.1651217993,500.0</coordinates>
    </Point>
</Placemark>
<Placemark>
    <name>NS3157 BELMONT 1602231571</name>
    <description>(731) 798-0089  02/02/11 17:09:00</description>
    <styleUrl>#defaultStyle</styleUrl>
    <Point>
        <coordinates>-86.760369747,36.1640142182,500.0</coordinates>
    </Point>
</Placemark>
<Placemark>
    <name>NS3157 BELMONT 1602231571</name>
    <description>(731) 798-0089  02/02/11 17:09:00</description>
    <styleUrl>#defaultStyle</styleUrl>
    <Point>
        <coordinates>-86.7591400024,36.1628712826,500.0</coordinates>
    </Point>
</Placemark>
<Placemark>
    <name>NS3157 BELMONT 1602231571</name>
    <description>(731) 798-0089  02/02/11 17:09:00</description>
    <styleUrl>#defaultStyle</styleUrl>
    <Point>
        <coordinates>-86.7579603779,36.1616943867,500.0</coordinates>
    </Point>
</Placemark>
<Placemark>
    <name>NS3157 BELMONT 1602231571</name>
    <description>(731) 798-0089  02/02/11 17:09:00</description>
    <styleUrl>#defaultStyle</styleUrl>
    <Point>
        <coordinates>-86.7568323106,36.1604849659,500.0</coordinates>
    </Point>
</Placemark>
<Placemark>
    <name>NS3157 BELMONT 1602231571</name>
    <description>(731) 798-0089  02/02/11 17:09:00</description>
    <styleUrl>#defaultStyle</styleUrl>
    <Point>
        <coordinates>-86.755757175,36.159244495,500.0</coordinates>
    </Point>
</Placemark>
<Placemark>
    <name>NS3157 BELMONT 1602231571</name>
    <description>(731) 798-0089  02/02/11 17:09:00</description>
    <styleUrl>#defaultStyle</styleUrl>
    <Point>
        <coordinates>-86.7547362808,36.1579744869,500.0</coordinates>
    </Point>
</Placemark>
<Placemark>
    <name>NS3157 BELMONT 1602231571</name>
    <description>(731) 798-0089  02/02/11 17:09:00</description>
    <styleUrl>#defaultStyle</styleUrl>
    <Point>
        <coordinates>-86.7537708719,36.1566764902,500.0</coordinates>
    </Point>
</Placemark>
<Placemark>
    <name>EV3149 PADUCAH COMMUNITY COLLE 1510231492</name>
    <description>(731) 439-5644  04/11/11 17:55:00</description>
    <styleUrl>#defaultStyle</styleUrl>
    <Point>
        <coordinates>-88.6136329549,37.0345079787,500.0</coordinates>
    </Point>
</Placemark>
<Placemark>
    <name>EV3149 PADUCAH COMMUNITY COLLE 1510231492</name>
    <description>(731) 439-5644  04/11/11 17:55:00</description>
    <styleUrl>#defaultStyle</styleUrl>
    <Point>
        <coordinates>-88.6146661283,37.0332387479,500.0</coordinates>
    </Point>
</Placemark>
<Placemark>
    <name>EV3149 PADUCAH COMMUNITY COLLE 1510231492</name>
    <description>(731) 439-5644  04/11/11 17:55:00</description>
    <styleUrl>#defaultStyle</styleUrl>
    <Point>
        <coordinates>-88.6157541956,37.0319990766,500.0</coordinates>
    </Point>
</Placemark>
<Placemark>
    <name>EV3149 PADUCAH COMMUNITY COLLE 1510231492</name>
    <description>(731) 439-5644  04/11/11 17:55:00</description>
    <styleUrl>#defaultStyle</styleUrl>
    <Point>
        <coordinates>-88.6168958312,37.0307904737,500.0</coordinates>
    </Point>
</Placemark>
<Placemark>
    <name>EV3149 PADUCAH COMMUNITY COLLE 1510231492</name>
    <description>(731) 439-5644  04/11/11 17:55:00</description>
    <styleUrl>#defaultStyle</styleUrl>
    <Point>
        <coordinates>-88.6180896442,37.0296144101,500.0</coordinates>
    </Point>
</Placemark>
<Placemark>
    <name>EV3149 PADUCAH COMMUNITY COLLE 1510231492</name>
    <description>(731) 439-5644  04/11/11 17:55:00</description>
    <styleUrl>#defaultStyle</styleUrl>
    <Point>
        <coordinates>-88.6193341801,37.0284723172,500.0</coordinates>
    </Point>
</Placemark>
<Placemark>
    <name>EV3149 PADUCAH COMMUNITY COLLE 1510231492</name>
    <description>(731) 439-5644  04/11/11 17:55:00</description>
    <styleUrl>#defaultStyle</styleUrl>
    <Point>
        <coordinates>-88.6206279226,37.0273655848,500.0</coordinates>
    </Point>
</Placemark>
<Placemark>
    <name>EV3149 PADUCAH COMMUNITY COLLE 1510231492</name>
    <description>(731) 439-5644  04/11/11 17:55:00</description>
    <styleUrl>#defaultStyle</styleUrl>
    <Point>
        <coordinates>-88.6219692955,37.0262955598,500.0</coordinates>
    </Point>
</Placemark>
<Placemark>
    <name>EV3149 PADUCAH COMMUNITY COLLE 1510231492</name>
    <description>(731) 439-5644  04/11/11 17:55:00</description>
    <styleUrl>#defaultStyle</styleUrl>
    <Point>
        <coordinates>-88.6233566646,37.0252635442,500.0</coordinates>
    </Point>
</Placemark>
<Placemark>
    <name>EV3149 PADUCAH COMMUNITY COLLE 1510231492</name>
    <description>(731) 439-5644  04/11/11 17:55:00</description>
    <styleUrl>#defaultStyle</styleUrl>
    <Point>
        <coordinates>-88.6247883395,37.0242707939,500.0</coordinates>
    </Point>
</Placemark>
<Placemark>
    <name>EV3149 PADUCAH COMMUNITY COLLE 1510231492</name>
    <description>(731) 439-5644  04/11/11 17:55:00</description>
    <styleUrl>#defaultStyle</styleUrl>
    <Point>
        <coordinates>-88.6262625761,37.0233185167,500.0</coordinates>
    </Point>
</Placemark>
<Placemark>
    <name>EV3149 PADUCAH COMMUNITY COLLE 1510231492</name>
    <description>(731) 439-5644  04/11/11 17:55:00</description>
    <styleUrl>#defaultStyle</styleUrl>
    <Point>
        <coordinates>-88.6277775781,37.0224078714,500.0</coordinates>
    </Point>
</Placemark>
<Placemark>
    <name>EV3149 PADUCAH COMMUNITY COLLE 1510231492</name>
    <description>(731) 439-5644  04/11/11 17:55:00</description>
    <styleUrl>#defaultStyle</styleUrl>
    <Point>
        <coordinates>-88.6293314997,37.0215399658,500.0</coordinates>
    </Point>
</Placemark>
<Placemark>
    <name>EV3149 PADUCAH COMMUNITY COLLE 1510231492</name>
    <description>(731) 439-5644  04/11/11 17:55:00</description>
    <styleUrl>#defaultStyle</styleUrl>
    <Point>
        <coordinates>-88.6309224478,37.020715856,500.0</coordinates>
    </Point>
</Placemark>
<Placemark>
    <name>EV3149 PADUCAH COMMUNITY COLLE 1510231492</name>
    <description>(731) 439-5644  04/11/11 17:55:00</description>
    <styleUrl>#defaultStyle</styleUrl>
    <Point>
        <coordinates>-88.6325484841,37.0199365445,500.0</coordinates>
    </Point>
</Placemark>
<Placemark>
    <name>EV3149 PADUCAH COMMUNITY COLLE 1510231492</name>
    <description>(731) 439-5644  04/11/11 17:55:00</description>
    <styleUrl>#defaultStyle</styleUrl>
    <Point>
        <coordinates>-88.6342076274,37.0192029794,500.0</coordinates>
    </Point>
</Placemark>
<Placemark>
    <name>EV3149 PADUCAH COMMUNITY COLLE 1510231492</name>
    <description>(731) 439-5644  04/11/11 17:55:00</description>
    <styleUrl>#defaultStyle</styleUrl>
    <Point>
        <coordinates>-88.6358978563,37.0185160531,500.0</coordinates>
    </Point>
</Placemark>
<Placemark>
    <name>EV3149 PADUCAH COMMUNITY COLLE 1510231492</name>
    <description>(731) 439-5644  04/11/11 17:55:00</description>
    <styleUrl>#defaultStyle</styleUrl>
    <Point>
        <coordinates>-88.6376171116,37.0178766013,500.0</coordinates>
    </Point>
</Placemark>
<Placemark>
    <name>EV3149 PADUCAH COMMUNITY COLLE 1510231492</name>
    <description>(731) 439-5644  04/11/11 17:55:00</description>
    <styleUrl>#defaultStyle</styleUrl>
    <Point>
        <coordinates>-88.6393632986,37.0172854018,500.0</coordinates>
    </Point>
</Placemark>
<Placemark>
    <name>EV3149 PADUCAH COMMUNITY COLLE 1510231492</name>
    <description>(731) 439-5644  04/11/11 17:55:00</description>
    <styleUrl>#defaultStyle</styleUrl>
    <Point>
        <coordinates>-88.6411342898,37.0167431738,500.0</coordinates>
    </Point>
</Placemark>
<Placemark>
    <name>EV3149 PADUCAH COMMUNITY COLLE 1510231492</name>
    <description>(731) 439-5644  04/11/11 17:55:00</description>
    <styleUrl>#defaultStyle</styleUrl>
    <Point>
        <coordinates>-88.6429279277,37.0162505768,500.0</coordinates>
    </Point>
</Placemark>
<Placemark>
    <name>EV3149 PADUCAH COMMUNITY COLLE 1510231492</name>
    <description>(731) 439-5644  04/11/11 17:55:00</description>
    <styleUrl>#defaultStyle</styleUrl>
    <Point>
        <coordinates>-88.6447420268,37.01580821,500.0</coordinates>
    </Point>
</Placemark>
<Placemark>
    <name>EV3149 PADUCAH COMMUNITY COLLE 1510231492</name>
    <description>(731) 439-5644  04/11/11 17:55:00</description>
    <styleUrl>#defaultStyle</styleUrl>
    <Point>
        <coordinates>-88.646574377,37.0154166114,500.0</coordinates>
    </Point>
</Placemark>
<Placemark>
    <name>EV3149 PADUCAH COMMUNITY COLLE 1510231492</name>
    <description>(731) 439-5644  04/11/11 17:55:00</description>
    <styleUrl>#defaultStyle</styleUrl>
    <Point>
        <coordinates>-88.6484227458,37.0150762575,500.0</coordinates>
    </Point>
</Placemark>
<Placemark>
    <name>EV3149 PADUCAH COMMUNITY COLLE 1510231492</name>
    <description>(731) 439-5644  04/11/11 17:55:00</description>
    <styleUrl>#defaultStyle</styleUrl>
    <Point>
        <coordinates>-88.6502848814,37.0147875622,500.0</coordinates>
    </Point>
</Placemark>
<Placemark>
    <name>EV3149 PADUCAH COMMUNITY COLLE 1510231492</name>
    <description>(731) 439-5644  04/11/11 17:55:00</description>
    <styleUrl>#defaultStyle</styleUrl>
    <Point>
        <coordinates>-88.6521585149,37.0145508766,500.0</coordinates>
    </Point>
</Placemark>
<Placemark>
    <name>EV3149 PADUCAH COMMUNITY COLLE 1510231492</name>
    <description>(731) 439-5644  04/11/11 17:55:00</description>
    <styleUrl>#defaultStyle</styleUrl>
    <Point>
        <coordinates>-88.6540413636,37.0143664886,500.0</coordinates>
    </Point>
</Placemark>
<Placemark>
    <name>EV3149 PADUCAH COMMUNITY COLLE 1510231492</name>
    <description>(731) 439-5644  04/11/11 17:55:00</description>
    <styleUrl>#defaultStyle</styleUrl>
    <Point>
        <coordinates>-88.6559311336,37.0142346224,500.0</coordinates>
    </Point>
</Placemark>
<Placemark>
    <name>EV3149 PADUCAH COMMUNITY COLLE 1510231492</name>
    <description>(731) 439-5644  04/11/11 17:55:00</description>
    <styleUrl>#defaultStyle</styleUrl>
    <Point>
        <coordinates>-88.6578255225,37.0141554385,500.0</coordinates>
    </Point>
</Placemark>
<Placemark>
    <name>EV3149 PADUCAH COMMUNITY COLLE 1510231492</name>
    <description>(731) 439-5644  04/11/11 17:55:00</description>
    <styleUrl>#defaultStyle</styleUrl>
    <Point>
        <coordinates>-88.6597222222,37.0141290332,500.0</coordinates>
    </Point>
</Placemark>
<Placemark>
    <name>EV3149 PADUCAH COMMUNITY COLLE 1510231492</name>
    <description>(731) 439-5644  04/11/11 17:55:00</description>
    <styleUrl>#defaultStyle</styleUrl>
    <Point>
        <coordinates>-88.6616189219,37.0141554385,500.0</coordinates>
    </Point>
</Placemark>
<Placemark>
    <name>EV3149 PADUCAH COMMUNITY COLLE 1510231492</name>
    <description>(731) 439-5644  04/11/11 17:55:00</description>
    <styleUrl>#defaultStyle</styleUrl>
    <Point>
        <coordinates>-88.6635133108,37.0142346224,500.0</coordinates>
    </Point>
</Placemark>
<Placemark>
    <name>EV3149 PADUCAH COMMUNITY COLLE 1510231492</name>
    <description>(731) 439-5644  04/11/11 17:55:00</description>
    <styleUrl>#defaultStyle</styleUrl>
    <Point>
        <coordinates>-88.6654030808,37.0143664886,500.0</coordinates>
    </Point>
</Placemark>
<Placemark>
    <name>EV3149 PADUCAH COMMUNITY COLLE 1510231492</name>
    <description>(731) 439-5644  04/11/11 17:55:00</description>
    <styleUrl>#defaultStyle</styleUrl>
    <Point>
        <coordinates>-88.6672859296,37.0145508766,500.0</coordinates>
    </Point>
</Placemark>
<Placemark>
    <name>EV3149 PADUCAH COMMUNITY COLLE 1510231492</name>
    <description>(731) 439-5644  04/11/11 17:55:00</description>
    <styleUrl>#defaultStyle</styleUrl>
    <Point>
        <coordinates>-88.6691595631,37.0147875622,500.0</coordinates>
    </Point>
</Placemark>
<Placemark>
    <name>EV3149 PADUCAH COMMUNITY COLLE 1510231492</name>
    <description>(731) 439-5644  04/11/11 17:55:00</description>
    <styleUrl>#defaultStyle</styleUrl>
    <Point>
        <coordinates>-88.6710216986,37.0150762575,500.0</coordinates>
    </Point>
</Placemark>
<Placemark>
    <name>EV3149 PADUCAH COMMUNITY COLLE 1510231492</name>
    <description>(731) 439-5644  04/11/11 17:55:00</description>
    <styleUrl>#defaultStyle</styleUrl>
    <Point>
        <coordinates>-88.6728700675,37.0154166114,500.0</coordinates>
    </Point>
</Placemark>
<Placemark>
    <name>EV3149 PADUCAH COMMUNITY COLLE 1510231492</name>
    <description>(731) 439-5644  04/11/11 17:55:00</description>
    <styleUrl>#defaultStyle</styleUrl>
    <Point>
        <coordinates>-88.6747024177,37.01580821,500.0</coordinates>
    </Point>
</Placemark>
<Placemark>
    <name>EV3149 PADUCAH COMMUNITY COLLE 1510231492</name>
    <description>(731) 439-5644  04/11/11 17:55:00</description>
    <styleUrl>#defaultStyle</styleUrl>
    <Point>
        <coordinates>-88.6765165168,37.0162505768,500.0</coordinates>
    </Point>
</Placemark>
<Placemark>
    <name>EV3149 PADUCAH COMMUNITY COLLE 1510231492</name>
    <description>(731) 439-5644  04/11/11 17:55:00</description>
    <styleUrl>#defaultStyle</styleUrl>
    <Point>
        <coordinates>-88.6783101546,37.0167431738,500.0</coordinates>
    </Point>
</Placemark>
<Placemark>
    <name>EV3149 PADUCAH COMMUNITY COLLE 1510231492</name>
    <description>(731) 439-5644  04/11/11 17:55:00</description>
    <styleUrl>#defaultStyle</styleUrl>
    <Point>
        <coordinates>-88.6800811459,37.0172854018,500.0</coordinates>
    </Point>
</Placemark>
<Placemark>
    <name>EV3149 PADUCAH COMMUNITY COLLE 1510231492</name>
    <description>(731) 439-5644  04/11/11 17:55:00</description>
    <styleUrl>#defaultStyle</styleUrl>
    <Point>
        <coordinates>-88.6818273329,37.0178766013,500.0</coordinates>
    </Point>
</Placemark>
<Placemark>
    <name>EV3149 PADUCAH COMMUNITY COLLE 1510231492</name>
    <description>(731) 439-5644  04/11/11 17:55:00</description>
    <styleUrl>#defaultStyle</styleUrl>
    <Point>
        <coordinates>-88.6835465882,37.0185160531,500.0</coordinates>
    </Point>
</Placemark>
<Placemark>
    <name>EV3149 PADUCAH COMMUNITY COLLE 1510231492</name>
    <description>(731) 439-5644  04/11/11 17:55:00</description>
    <styleUrl>#defaultStyle</styleUrl>
    <Point>
        <coordinates>-88.6852368171,37.0192029794,500.0</coordinates>
    </Point>
</Placemark>
<Placemark>
    <name>EV3149 PADUCAH COMMUNITY COLLE 1510231492</name>
    <description>(731) 439-5644  04/11/11 17:55:00</description>
    <styleUrl>#defaultStyle</styleUrl>
    <Point>
        <coordinates>-88.6868959604,37.0199365445,500.0</coordinates>
    </Point>
</Placemark>
<Placemark>
    <name>EV3149 PADUCAH COMMUNITY COLLE 1510231492</name>
    <description>(731) 439-5644  04/11/11 17:55:00</description>
    <styleUrl>#defaultStyle</styleUrl>
    <Point>
        <coordinates>-88.6885219966,37.020715856,500.0</coordinates>
    </Point>
</Placemark>
<Placemark>
    <name>EV3149 PADUCAH COMMUNITY COLLE 1510231492</name>
    <description>(731) 439-5644  04/11/11 17:55:00</description>
    <styleUrl>#defaultStyle</styleUrl>
    <Point>
        <coordinates>-88.6901129447,37.0215399658,500.0</coordinates>
    </Point>
</Placemark>
<Placemark>
    <name>EV3149 PADUCAH COMMUNITY COLLE 1510231492</name>
    <description>(731) 439-5644  04/11/11 17:55:00</description>
    <styleUrl>#defaultStyle</styleUrl>
    <Point>
        <coordinates>-88.6916668664,37.0224078714,500.0</coordinates>
    </Point>
</Placemark>
<Placemark>
    <name>EV3149 PADUCAH COMMUNITY COLLE 1510231492</name>
    <description>(731) 439-5644  04/11/11 17:55:00</description>
    <styleUrl>#defaultStyle</styleUrl>
    <Point>
        <coordinates>-88.6931818684,37.0233185167,500.0</coordinates>
    </Point>
</Placemark>
<Placemark>
    <name>EV3149 PADUCAH COMMUNITY COLLE 1510231492</name>
    <description>(731) 439-5644  04/11/11 17:55:00</description>
    <styleUrl>#defaultStyle</styleUrl>
    <Point>
        <coordinates>-88.6946561049,37.0242707939,500.0</coordinates>
    </Point>
</Placemark>
<Placemark>
    <name>EV3149 PADUCAH COMMUNITY COLLE 1510231492</name>
    <description>(731) 439-5644  04/11/11 17:55:00</description>
    <styleUrl>#defaultStyle</styleUrl>
    <Point>
        <coordinates>-88.6960877799,37.0252635442,500.0</coordinates>
    </Point>
</Placemark>
<Placemark>
    <name>EV3149 PADUCAH COMMUNITY COLLE 1510231492</name>
    <description>(731) 439-5644  04/11/11 17:55:00</description>
    <styleUrl>#defaultStyle</styleUrl>
    <Point>
        <coordinates>-88.6974751489,37.0262955598,500.0</coordinates>
    </Point>
</Placemark>
<Placemark>
    <name>EV3149 PADUCAH COMMUNITY COLLE 1510231492</name>
    <description>(731) 439-5644  04/11/11 17:55:00</description>
    <styleUrl>#defaultStyle</styleUrl>
    <Point>
        <coordinates>-88.6988165219,37.0273655848,500.0</coordinates>
    </Point>
</Placemark>
<Placemark>
    <name>EV3149 PADUCAH COMMUNITY COLLE 1510231492</name>
    <description>(731) 439-5644  04/11/11 17:55:00</description>
    <styleUrl>#defaultStyle</styleUrl>
    <Point>
        <coordinates>-88.7001102644,37.0284723172,500.0</coordinates>
    </Point>
</Placemark>
<Placemark>
    <name>EV3149 PADUCAH COMMUNITY COLLE 1510231492</name>
    <description>(731) 439-5644  04/11/11 17:55:00</description>
    <styleUrl>#defaultStyle</styleUrl>
    <Point>
        <coordinates>-88.7013548003,37.0296144101,500.0</coordinates>
    </Point>
</Placemark>
<Placemark>
    <name>EV3149 PADUCAH COMMUNITY COLLE 1510231492</name>
    <description>(731) 439-5644  04/11/11 17:55:00</description>
    <styleUrl>#defaultStyle</styleUrl>
    <Point>
        <coordinates>-88.7025486132,37.0307904737,500.0</coordinates>
    </Point>
</Placemark>
<Placemark>
    <name>EV3149 PADUCAH COMMUNITY COLLE 1510231492</name>
    <description>(731) 439-5644  04/11/11 17:55:00</description>
    <styleUrl>#defaultStyle</styleUrl>
    <Point>
        <coordinates>-88.7036902488,37.0319990766,500.0</coordinates>
    </Point>
</Placemark>
<Placemark>
    <name>EV3149 PADUCAH COMMUNITY COLLE 1510231492</name>
    <description>(731) 439-5644  04/11/11 17:55:00</description>
    <styleUrl>#defaultStyle</styleUrl>
    <Point>
        <coordinates>-88.7047783162,37.0332387479,500.0</coordinates>
    </Point>
</Placemark>
<Placemark>
    <name>EV3149 PADUCAH COMMUNITY COLLE 1510231492</name>
    <description>(731) 439-5644  04/11/11 17:55:00</description>
    <styleUrl>#defaultStyle</styleUrl>
    <Point>
        <coordinates>-88.7058114896,37.0345079787,500.0</coordinates>
    </Point>
</Placemark>
<Placemark>
    <name>EV3149 PADUCAH COMMUNITY COLLE 1510231492</name>
    <description>(731) 439-5644  04/11/11 17:55:00</description>
    <styleUrl>#defaultStyle</styleUrl>
    <Point>
        <coordinates>-88.7067885103,37.0358052241,500.0</coordinates>
    </Point>
</Placemark>
<Placemark>
    <name>NS3902 PARIS 1604239021</name>
    <description>(731) 439-5644  04/11/11 19:29:00</description>
    <styleUrl>#defaultStyle</styleUrl>
    <Point>
        <coordinates>-88.3519444444,36.3022222222,500.0</coordinates>
    </Point>
</Placemark>
<Placemark>
    <name>NS3902 PARIS 1604239021</name>
    <description>(731) 439-5644  04/11/11 19:29:00</description>
    <styleUrl>#defaultStyle</styleUrl>
    <Point>
        <coordinates>-88.3519444444,36.345593189,500.0</coordinates>
    </Point>
</Placemark>
<Placemark>
    <name>NS3902 PARIS 1604239021</name>
    <description>(731) 439-5644  04/11/11 19:29:00</description>
    <styleUrl>#defaultStyle</styleUrl>
    <Point>
        <coordinates>-88.3500662766,36.3455667539,500.0</coordinates>
    </Point>
</Placemark>
<Placemark>
    <name>NS3902 PARIS 1604239021</name>
    <description>(731) 439-5644  04/11/11 19:29:00</description>
    <styleUrl>#defaultStyle</styleUrl>
    <Point>
        <coordinates>-88.3481903971,36.3454874808,500.0</coordinates>
    </Point>
</Placemark>
<Placemark>
    <name>NS3902 PARIS 1604239021</name>
    <description>(731) 439-5644  04/11/11 19:29:00</description>
    <styleUrl>#defaultStyle</styleUrl>
    <Point>
        <coordinates>-88.3463190913,36.3453554664,500.0</coordinates>
    </Point>
</Placemark>
<Placemark>
    <name>NS3902 PARIS 1604239021</name>
    <description>(731) 439-5644  04/11/11 19:29:00</description>
    <styleUrl>#defaultStyle</styleUrl>
    <Point>
        <coordinates>-88.3444546391,36.345170872,500.0</coordinates>
    </Point>
</Placemark>
<Placemark>
    <name>NS3902 PARIS 1604239021</name>
    <description>(731) 439-5644  04/11/11 19:29:00</description>
    <styleUrl>#defaultStyle</styleUrl>
    <Point>
        <coordinates>-88.3425993121,36.3449339226,500.0</coordinates>
    </Point>
</Placemark>
<Placemark>
    <name>NS3902 PARIS 1604239021</name>
    <description>(731) 439-5644  04/11/11 19:29:00</description>
    <styleUrl>#defaultStyle</styleUrl>
    <Point>
        <coordinates>-88.3407553707,36.3446449076,500.0</coordinates>
    </Point>
</Placemark>
<Placemark>
    <name>NS3902 PARIS 1604239021</name>
    <description>(731) 439-5644  04/11/11 19:29:00</description>
    <styleUrl>#defaultStyle</styleUrl>
    <Point>
        <coordinates>-88.3389250615,36.3443041796,500.0</coordinates>
    </Point>
</Placemark>
<Placemark>
    <name>NS3902 PARIS 1604239021</name>
    <description>(731) 439-5644  04/11/11 19:29:00</description>
    <styleUrl>#defaultStyle</styleUrl>
    <Point>
        <coordinates>-88.3371106145,36.3439121543,500.0</coordinates>
    </Point>
</Placemark>
<Placemark>
    <name>NS3902 PARIS 1604239021</name>
    <description>(731) 439-5644  04/11/11 19:29:00</description>
    <styleUrl>#defaultStyle</styleUrl>
    <Point>
        <coordinates>-88.3353142402,36.3434693103,500.0</coordinates>
    </Point>
</Placemark>
<Placemark>
    <name>NS3902 PARIS 1604239021</name>
    <description>(731) 439-5644  04/11/11 19:29:00</description>
    <styleUrl>#defaultStyle</styleUrl>
    <Point>
        <coordinates>-88.3335381273,36.3429761878,500.0</coordinates>
    </Point>
</Placemark>
<Placemark>
    <name>NS3902 PARIS 1604239021</name>
    <description>(731) 439-5644  04/11/11 19:29:00</description>
    <styleUrl>#defaultStyle</styleUrl>
    <Point>
        <coordinates>-88.3317844397,36.3424333887,500.0</coordinates>
    </Point>
</Placemark>
<Placemark>
    <name>NS3902 PARIS 1604239021</name>
    <description>(731) 439-5644  04/11/11 19:29:00</description>
    <styleUrl>#defaultStyle</styleUrl>
    <Point>
        <coordinates>-88.330055314,36.3418415753,500.0</coordinates>
    </Point>
</Placemark>
<Placemark>
    <name>NS3902 PARIS 1604239021</name>
    <description>(731) 439-5644  04/11/11 19:29:00</description>
    <styleUrl>#defaultStyle</styleUrl>
    <Point>
        <coordinates>-88.3283528569,36.3412014697,500.0</coordinates>
    </Point>
</Placemark>
<Placemark>
    <name>NS3902 PARIS 1604239021</name>
    <description>(731) 439-5644  04/11/11 19:29:00</description>
    <styleUrl>#defaultStyle</styleUrl>
    <Point>
        <coordinates>-88.3266791425,36.340513853,500.0</coordinates>
    </Point>
</Placemark>
<Placemark>
    <name>NS3902 PARIS 1604239021</name>
    <description>(731) 439-5644  04/11/11 19:29:00</description>
    <styleUrl>#defaultStyle</styleUrl>
    <Point>
        <coordinates>-88.32503621,36.3397795641,500.0</coordinates>
    </Point>
</Placemark>
<Placemark>
    <name>NS3902 PARIS 1604239021</name>
    <description>(731) 439-5644  04/11/11 19:29:00</description>
    <styleUrl>#defaultStyle</styleUrl>
    <Point>
        <coordinates>-88.3234260611,36.3389994991,500.0</coordinates>
    </Point>
</Placemark>
<Placemark>
    <name>NS3902 PARIS 1604239021</name>
    <description>(731) 439-5644  04/11/11 19:29:00</description>
    <styleUrl>#defaultStyle</styleUrl>
    <Point>
        <coordinates>-88.3218506575,36.3381746096,500.0</coordinates>
    </Point>
</Placemark>
<Placemark>
    <name>NS3902 PARIS 1604239021</name>
    <description>(731) 439-5644  04/11/11 19:29:00</description>
    <styleUrl>#defaultStyle</styleUrl>
    <Point>
        <coordinates>-88.3203119186,36.3373059021,500.0</coordinates>
    </Point>
</Placemark>
<Placemark>
    <name>NS3902 PARIS 1604239021</name>
    <description>(731) 439-5644  04/11/11 19:29:00</description>
    <styleUrl>#defaultStyle</styleUrl>
    <Point>
        <coordinates>-88.3188117191,36.3363944363,500.0</coordinates>
    </Point>
</Placemark>
<Placemark>
    <name>NS3902 PARIS 1604239021</name>
    <description>(731) 439-5644  04/11/11 19:29:00</description>
    <styleUrl>#defaultStyle</styleUrl>
    <Point>
        <coordinates>-88.3173518867,36.3354413244,500.0</coordinates>
    </Point>
</Placemark>
<Placemark>
    <name>NS3902 PARIS 1604239021</name>
    <description>(731) 439-5644  04/11/11 19:29:00</description>
    <styleUrl>#defaultStyle</styleUrl>
    <Point>
        <coordinates>-88.3159342001,36.3344477289,500.0</coordinates>
    </Point>
</Placemark>
<Placemark>
    <name>NS3902 PARIS 1604239021</name>
    <description>(731) 439-5644  04/11/11 19:29:00</description>
    <styleUrl>#defaultStyle</styleUrl>
    <Point>
        <coordinates>-88.3145603864,36.3334148619,500.0</coordinates>
    </Point>
</Placemark>
<Placemark>
    <name>NS3902 PARIS 1604239021</name>
    <description>(731) 439-5644  04/11/11 19:29:00</description>
    <styleUrl>#defaultStyle</styleUrl>
    <Point>
        <coordinates>-88.3132321195,36.3323439835,500.0</coordinates>
    </Point>
</Placemark>
<Placemark>
    <name>NS3902 PARIS 1604239021</name>
    <description>(731) 439-5644  04/11/11 19:29:00</description>
    <styleUrl>#defaultStyle</styleUrl>
    <Point>
        <coordinates>-88.3119510176,36.3312363997,500.0</coordinates>
    </Point>
</Placemark>
<Placemark>
    <name>NS3902 PARIS 1604239021</name>
    <description>(731) 439-5644  04/11/11 19:29:00</description>
    <styleUrl>#defaultStyle</styleUrl>
    <Point>
        <coordinates>-88.3107186416,36.3300934616,500.0</coordinates>
    </Point>
</Placemark>
<Placemark>
    <name>NS3902 PARIS 1604239021</name>
    <description>(731) 439-5644  04/11/11 19:29:00</description>
    <styleUrl>#defaultStyle</styleUrl>
    <Point>
        <coordinates>-88.3095364929,36.3289165632,500.0</coordinates>
    </Point>
</Placemark>
<Placemark>
    <name>NS3902 PARIS 1604239021</name>
    <description>(731) 439-5644  04/11/11 19:29:00</description>
    <styleUrl>#defaultStyle</styleUrl>
    <Point>
        <coordinates>-88.3084060117,36.3277071399,500.0</coordinates>
    </Point>
</Placemark>
<Placemark>
    <name>NS3902 PARIS 1604239021</name>
    <description>(731) 439-5644  04/11/11 19:29:00</description>
    <styleUrl>#defaultStyle</styleUrl>
    <Point>
        <coordinates>-88.3073285755,36.3264666666,500.0</coordinates>
    </Point>
</Placemark>
<Placemark>
    <name>NS3902 PARIS 1604239021</name>
    <description>(731) 439-5644  04/11/11 19:29:00</description>
    <styleUrl>#defaultStyle</styleUrl>
    <Point>
        <coordinates>-88.3063054968,36.3251966562,500.0</coordinates>
    </Point>
</Placemark>
<Placemark>
    <name>NS3902 PARIS 1604239021</name>
    <description>(731) 439-5644  04/11/11 19:29:00</description>
    <styleUrl>#defaultStyle</styleUrl>
    <Point>
        <coordinates>-88.3053380221,36.3238986572,500.0</coordinates>
    </Point>
</Placemark>
<Placemark>
    <name>NS3902 PARIS 1604239021</name>
    <description>(731) 439-5644  04/11/11 19:29:00</description>
    <styleUrl>#defaultStyle</styleUrl>
    <Point>
        <coordinates>-88.3044273302,36.3225742526,500.0</coordinates>
    </Point>
</Placemark>
<Placemark>
    <name>NS3902 PARIS 1604239021</name>
    <description>(731) 439-5644  04/11/11 19:29:00</description>
    <styleUrl>#defaultStyle</styleUrl>
    <Point>
        <coordinates>-88.3035745305,36.3212250571,500.0</coordinates>
    </Point>
</Placemark>
<Placemark>
    <name>NS3902 PARIS 1604239021</name>
    <description>(731) 439-5644  04/11/11 19:29:00</description>
    <styleUrl>#defaultStyle</styleUrl>
    <Point>
        <coordinates>-88.3027806622,36.3198527159,500.0</coordinates>
    </Point>
</Placemark>
<Placemark>
    <name>NS3902 PARIS 1604239021</name>
    <description>(731) 439-5644  04/11/11 19:29:00</description>
    <styleUrl>#defaultStyle</styleUrl>
    <Point>
        <coordinates>-88.3020466923,36.318458902,500.0</coordinates>
    </Point>
</Placemark>
<Placemark>
    <name>NS3902 PARIS 1604239021</name>
    <description>(731) 439-5644  04/11/11 19:29:00</description>
    <styleUrl>#defaultStyle</styleUrl>
    <Point>
        <coordinates>-88.3013735152,36.3170453148,500.0</coordinates>
    </Point>
</Placemark>
<Placemark>
    <name>NS3902 PARIS 1604239021</name>
    <description>(731) 439-5644  04/11/11 19:29:00</description>
    <styleUrl>#defaultStyle</styleUrl>
    <Point>
        <coordinates>-88.3007619509,36.3156136774,500.0</coordinates>
    </Point>
</Placemark>
<Placemark>
    <name>NS3902 PARIS 1604239021</name>
    <description>(731) 439-5644  04/11/11 19:29:00</description>
    <styleUrl>#defaultStyle</styleUrl>
    <Point>
        <coordinates>-88.3002127445,36.3141657351,500.0</coordinates>
    </Point>
</Placemark>
<Placemark>
    <name>NS3902 PARIS 1604239021</name>
    <description>(731) 439-5644  04/11/11 19:29:00</description>
    <styleUrl>#defaultStyle</styleUrl>
    <Point>
        <coordinates>-88.2997265653,36.3127032529,500.0</coordinates>
    </Point>
</Placemark>
<Placemark>
    <name>NS3902 PARIS 1604239021</name>
    <description>(731) 439-5644  04/11/11 19:29:00</description>
    <styleUrl>#defaultStyle</styleUrl>
    <Point>
        <coordinates>-88.2993040055,36.3112280133,500.0</coordinates>
    </Point>
</Placemark>
<Placemark>
    <name>NS3902 PARIS 1604239021</name>
    <description>(731) 439-5644  04/11/11 19:29:00</description>
    <styleUrl>#defaultStyle</styleUrl>
    <Point>
        <coordinates>-88.2989455799,36.3097418142,500.0</coordinates>
    </Point>
</Placemark>
<Placemark>
    <name>NS3902 PARIS 1604239021</name>
    <description>(731) 439-5644  04/11/11 19:29:00</description>
    <styleUrl>#defaultStyle</styleUrl>
    <Point>
        <coordinates>-88.2986517252,36.3082464671,500.0</coordinates>
    </Point>
</Placemark>
<Placemark>
    <name>NS3902 PARIS 1604239021</name>
    <description>(731) 439-5644  04/11/11 19:29:00</description>
    <styleUrl>#defaultStyle</styleUrl>
    <Point>
        <coordinates>-88.2984227994,36.3067437942,500.0</coordinates>
    </Point>
</Placemark>
<Placemark>
    <name>NS3902 PARIS 1604239021</name>
    <description>(731) 439-5644  04/11/11 19:29:00</description>
    <styleUrl>#defaultStyle</styleUrl>
    <Point>
        <coordinates>-88.2982590815,36.3052356267,500.0</coordinates>
    </Point>
</Placemark>
<Placemark>
    <name>NS3902 PARIS 1604239021</name>
    <description>(731) 439-5644  04/11/11 19:29:00</description>
    <styleUrl>#defaultStyle</styleUrl>
    <Point>
        <coordinates>-88.2981607709,36.3037238023,500.0</coordinates>
    </Point>
</Placemark>
<Placemark>
    <name>NS3902 PARIS 1604239021</name>
    <description>(731) 439-5644  04/11/11 19:29:00</description>
    <styleUrl>#defaultStyle</styleUrl>
    <Point>
        <coordinates>-88.2981279874,36.3022101631,500.0</coordinates>
    </Point>
</Placemark>
<Placemark>
    <name>NS3902 PARIS 1604239021</name>
    <description>(731) 439-5644  04/11/11 19:29:00</description>
    <styleUrl>#defaultStyle</styleUrl>
    <Point>
        <coordinates>-88.2981607709,36.3006965533,500.0</coordinates>
    </Point>
</Placemark>
<Placemark>
    <name>NS3902 PARIS 1604239021</name>
    <description>(731) 439-5644  04/11/11 19:29:00</description>
    <styleUrl>#defaultStyle</styleUrl>
    <Point>
        <coordinates>-88.2982590815,36.2991848168,500.0</coordinates>
    </Point>
</Placemark>
<Placemark>
    <name>NS3902 PARIS 1604239021</name>
    <description>(731) 439-5644  04/11/11 19:29:00</description>
    <styleUrl>#defaultStyle</styleUrl>
    <Point>
        <coordinates>-88.2984227994,36.2976767955,500.0</coordinates>
    </Point>
</Placemark>
<Placemark>
    <name>NS3902 PARIS 1604239021</name>
    <description>(731) 439-5644  04/11/11 19:29:00</description>
    <styleUrl>#defaultStyle</styleUrl>
    <Point>
        <coordinates>-88.2986517252,36.2961743262,500.0</coordinates>
    </Point>
</Placemark>
<Placemark>
    <name>NS3902 PARIS 1604239021</name>
    <description>(731) 439-5644  04/11/11 19:29:00</description>
    <styleUrl>#defaultStyle</styleUrl>
    <Point>
        <coordinates>-88.2989455799,36.2946792392,500.0</coordinates>
    </Point>
</Placemark>
<Placemark>
    <name>NS3902 PARIS 1604239021</name>
    <description>(731) 439-5644  04/11/11 19:29:00</description>
    <styleUrl>#defaultStyle</styleUrl>
    <Point>
        <coordinates>-88.2993040055,36.2931933555,500.0</coordinates>
    </Point>
</Placemark>
<Placemark>
    <name>NS3902 PARIS 1604239021</name>
    <description>(731) 439-5644  04/11/11 19:29:00</description>
    <styleUrl>#defaultStyle</styleUrl>
    <Point>
        <coordinates>-88.2997265653,36.2917184848,500.0</coordinates>
    </Point>
</Placemark>
<Placemark>
    <name>NS3902 PARIS 1604239021</name>
    <description>(731) 439-5644  04/11/11 19:29:00</description>
    <styleUrl>#defaultStyle</styleUrl>
    <Point>
        <coordinates>-88.3002127445,36.2902564235,500.0</coordinates>
    </Point>
</Placemark>
<Placemark>
    <name>NS3902 PARIS 1604239021</name>
    <description>(731) 439-5644  04/11/11 19:29:00</description>
    <styleUrl>#defaultStyle</styleUrl>
    <Point>
        <coordinates>-88.3007619509,36.2888089519,500.0</coordinates>
    </Point>
</Placemark>
<Placemark>
    <name>NS3902 PARIS 1604239021</name>
    <description>(731) 439-5644  04/11/11 19:29:00</description>
    <styleUrl>#defaultStyle</styleUrl>
    <Point>
        <coordinates>-88.3013735152,36.2873778327,500.0</coordinates>
    </Point>
</Placemark>
<Placemark>
    <name>NS3902 PARIS 1604239021</name>
    <description>(731) 439-5644  04/11/11 19:29:00</description>
    <styleUrl>#defaultStyle</styleUrl>
    <Point>
        <coordinates>-88.3020466923,36.2859648087,500.0</coordinates>
    </Point>
</Placemark>
<Placemark>
    <name>NS3902 PARIS 1604239021</name>
    <description>(731) 439-5644  04/11/11 19:29:00</description>
    <styleUrl>#defaultStyle</styleUrl>
    <Point>
        <coordinates>-88.3027806622,36.2845716003,500.0</coordinates>
    </Point>
</Placemark>
<Placemark>
    <name>NS3902 PARIS 1604239021</name>
    <description>(731) 439-5644  04/11/11 19:29:00</description>
    <styleUrl>#defaultStyle</styleUrl>
    <Point>
        <coordinates>-88.3035745305,36.2831999039,500.0</coordinates>
    </Point>
</Placemark>
<Placemark>
    <name>NS3902 PARIS 1604239021</name>
    <description>(731) 439-5644  04/11/11 19:29:00</description>
    <styleUrl>#defaultStyle</styleUrl>
    <Point>
        <coordinates>-88.3044273302,36.2818513894,500.0</coordinates>
    </Point>
</Placemark>
<Placemark>
    <name>NS3902 PARIS 1604239021</name>
    <description>(731) 439-5644  04/11/11 19:29:00</description>
    <styleUrl>#defaultStyle</styleUrl>
    <Point>
        <coordinates>-88.3053380221,36.2805276985,500.0</coordinates>
    </Point>
</Placemark>
<Placemark>
    <name>NS3139 96 I-40 1602031392</name>
    <description>(731) 549-0408  02/04/11 19:32:00</description>
    <styleUrl>#defaultStyle</styleUrl>
    <Point>
        <coordinates>-87.1929259066,36.0495187906,500.0</coordinates>
    </Point>
</Placemark>
<Placemark>
    <name>NS3139 96 I-40 1602031392</name>
    <description>(731) 549-0408  02/04/11 19:32:00</description>
    <styleUrl>#defaultStyle</styleUrl>
    <Point>
        <coordinates>-87.1920760726,36.0481695986,500.0</coordinates>
    </Point>
</Placemark>
<Placemark>
    <name>NS3139 96 I-40 1602031392</name>
    <description>(731) 549-0408  02/04/11 19:32:00</description>
    <styleUrl>#defaultStyle</styleUrl>
    <Point>
        <coordinates>-87.191284965,36.0467972605,500.0</coordinates>
    </Point>
</Placemark>
<Placemark>
    <name>NS3139 96 I-40 1602031392</name>
    <description>(731) 549-0408  02/04/11 19:32:00</description>
    <styleUrl>#defaultStyle</styleUrl>
    <Point>
        <coordinates>-87.1905535476,36.0454034497,500.0</coordinates>
    </Point>
</Placemark>
<Placemark>
    <name>NS3139 96 I-40 1602031392</name>
    <description>(731) 549-0408  02/04/11 19:32:00</description>
    <styleUrl>#defaultStyle</styleUrl>
    <Point>
        <coordinates>-87.1898827114,36.0439898652,500.0</coordinates>
    </Point>
</Placemark>
<Placemark>
    <name>NS3139 96 I-40 1602031392</name>
    <description>(731) 549-0408  02/04/11 19:32:00</description>
    <styleUrl>#defaultStyle</styleUrl>
    <Point>
        <coordinates>-87.1892732738,36.0425582305,500.0</coordinates>
    </Point>
</Placemark>
<Placemark>
    <name>NS3139 96 I-40 1602031392</name>
    <description>(731) 549-0408  02/04/11 19:32:00</description>
    <styleUrl>#defaultStyle</styleUrl>
    <Point>
        <coordinates>-87.1887259774,36.0411102905,500.0</coordinates>
    </Point>
</Placemark>
<Placemark>
    <name>NS3139 96 I-40 1602031392</name>
    <description>(731) 549-0408  02/04/11 19:32:00</description>
    <styleUrl>#defaultStyle</styleUrl>
    <Point>
        <coordinates>-87.1882414889,36.0396478104,500.0</coordinates>
    </Point>
</Placemark>
<Placemark>
    <name>NS3139 96 I-40 1602031392</name>
    <description>(731) 549-0408  02/04/11 19:32:00</description>
    <styleUrl>#defaultStyle</styleUrl>
    <Point>
        <coordinates>-87.1878203985,36.0381725726,500.0</coordinates>
    </Point>
</Placemark>
<Placemark>
    <name>NS3139 96 I-40 1602031392</name>
    <description>(731) 549-0408  02/04/11 19:32:00</description>
    <styleUrl>#defaultStyle</styleUrl>
    <Point>
        <coordinates>-87.1874632193,36.0366863751,500.0</coordinates>
    </Point>
</Placemark>
<Placemark>
    <name>NS3139 96 I-40 1602031392</name>
    <description>(731) 549-0408  02/04/11 19:32:00</description>
    <styleUrl>#defaultStyle</styleUrl>
    <Point>
        <coordinates>-87.1871703866,36.0351910293,500.0</coordinates>
    </Point>
</Placemark>
<Placemark>
    <name>NS3139 96 I-40 1602031392</name>
    <description>(731) 549-0408  02/04/11 19:32:00</description>
    <styleUrl>#defaultStyle</styleUrl>
    <Point>
        <coordinates>-87.1869422569,36.0336883574,500.0</coordinates>
    </Point>
</Placemark>
<Placemark>
    <name>NS3139 96 I-40 1602031392</name>
    <description>(731) 549-0408  02/04/11 19:32:00</description>
    <styleUrl>#defaultStyle</styleUrl>
    <Point>
        <coordinates>-87.1867791083,36.0321801906,500.0</coordinates>
    </Point>
</Placemark>
<Placemark>
    <name>NS3139 96 I-40 1602031392</name>
    <description>(731) 549-0408  02/04/11 19:32:00</description>
    <styleUrl>#defaultStyle</styleUrl>
    <Point>
        <coordinates>-87.1866811396,36.0306683667,500.0</coordinates>
    </Point>
</Placemark>
<Placemark>
    <name>NS3139 96 I-40 1602031392</name>
    <description>(731) 549-0408  02/04/11 19:32:00</description>
    <styleUrl>#defaultStyle</styleUrl>
    <Point>
        <coordinates>-87.1866484701,36.0291547276,500.0</coordinates>
    </Point>
</Placemark>
<Placemark>
    <name>NS3139 96 I-40 1602031392</name>
    <description>(731) 549-0408  02/04/11 19:32:00</description>
    <styleUrl>#defaultStyle</styleUrl>
    <Point>
        <coordinates>-87.1866811396,36.0276411176,500.0</coordinates>
    </Point>
</Placemark>
<Placemark>
    <name>NS3139 96 I-40 1602031392</name>
    <description>(731) 549-0408  02/04/11 19:32:00</description>
    <styleUrl>#defaultStyle</styleUrl>
    <Point>
        <coordinates>-87.1867791083,36.0261293807,500.0</coordinates>
    </Point>
</Placemark>
<Placemark>
    <name>NS3139 96 I-40 1602031392</name>
    <description>(731) 549-0408  02/04/11 19:32:00</description>
    <styleUrl>#defaultStyle</styleUrl>
    <Point>
        <coordinates>-87.1869422569,36.0246213586,500.0</coordinates>
    </Point>
</Placemark>
<Placemark>
    <name>NS3139 96 I-40 1602031392</name>
    <description>(731) 549-0408  02/04/11 19:32:00</description>
    <styleUrl>#defaultStyle</styleUrl>
    <Point>
        <coordinates>-87.1871703866,36.0231188883,500.0</coordinates>
    </Point>
</Placemark>
<Placemark>
    <name>NS3139 96 I-40 1602031392</name>
    <description>(731) 549-0408  02/04/11 19:32:00</description>
    <styleUrl>#defaultStyle</styleUrl>
    <Point>
        <coordinates>-87.1874632193,36.0216238,500.0</coordinates>
    </Point>
</Placemark>
<Placemark>
    <name>NS3139 96 I-40 1602031392</name>
    <description>(731) 549-0408  02/04/11 19:32:00</description>
    <styleUrl>#defaultStyle</styleUrl>
    <Point>
        <coordinates>-87.1878203985,36.0201379148,500.0</coordinates>
    </Point>
</Placemark>
<Placemark>
    <name>NS3139 96 I-40 1602031392</name>
    <description>(731) 549-0408  02/04/11 19:32:00</description>
    <styleUrl>#defaultStyle</styleUrl>
    <Point>
        <coordinates>-87.1882414889,36.0186630423,500.0</coordinates>
    </Point>
</Placemark>
<Placemark>
    <name>NS3139 96 I-40 1602031392</name>
    <description>(731) 549-0408  02/04/11 19:32:00</description>
    <styleUrl>#defaultStyle</styleUrl>
    <Point>
        <coordinates>-87.1887259774,36.0172009788,500.0</coordinates>
    </Point>
</Placemark>
<Placemark>
    <name>NS3139 96 I-40 1602031392</name>
    <description>(731) 549-0408  02/04/11 19:32:00</description>
    <styleUrl>#defaultStyle</styleUrl>
    <Point>
        <coordinates>-87.1892732738,36.0157535048,500.0</coordinates>
    </Point>
</Placemark>
<Placemark>
    <name>NS3139 96 I-40 1602031392</name>
    <description>(731) 549-0408  02/04/11 19:32:00</description>
    <styleUrl>#defaultStyle</styleUrl>
    <Point>
        <coordinates>-87.1898827114,36.0143223831,500.0</coordinates>
    </Point>
</Placemark>
<Placemark>
    <name>NS3139 96 I-40 1602031392</name>
    <description>(731) 549-0408  02/04/11 19:32:00</description>
    <styleUrl>#defaultStyle</styleUrl>
    <Point>
        <coordinates>-87.1905535476,36.0129093563,500.0</coordinates>
    </Point>
</Placemark>
<Placemark>
    <name>NS3139 96 I-40 1602031392</name>
    <description>(731) 549-0408  02/04/11 19:32:00</description>
    <styleUrl>#defaultStyle</styleUrl>
    <Point>
        <coordinates>-87.191284965,36.0115161449,500.0</coordinates>
    </Point>
</Placemark>
<Placemark>
    <name>NS3139 96 I-40 1602031392</name>
    <description>(731) 549-0408  02/04/11 19:32:00</description>
    <styleUrl>#defaultStyle</styleUrl>
    <Point>
        <coordinates>-87.1920760726,36.0101444452,500.0</coordinates>
    </Point>
</Placemark>
<Placemark>
    <name>NS3139 96 I-40 1602031392</name>
    <description>(731) 549-0408  02/04/11 19:32:00</description>
    <styleUrl>#defaultStyle</styleUrl>
    <Point>
        <coordinates>-87.1929259066,36.0087959273,500.0</coordinates>
    </Point>
</Placemark>
<Placemark>
    <name>NS3139 96 I-40 1602031392</name>
    <description>(731) 549-0408  02/04/11 19:32:00</description>
    <styleUrl>#defaultStyle</styleUrl>
    <Point>
        <coordinates>-87.1938334316,36.007472233,500.0</coordinates>
    </Point>
</Placemark>
<Placemark>
    <name>NS3139 96 I-40 1602031392</name>
    <description>(731) 549-0408  02/04/11 19:32:00</description>
    <styleUrl>#defaultStyle</styleUrl>
    <Point>
        <coordinates>-87.1947975418,36.0061749735,500.0</coordinates>
    </Point>
</Placemark>
<Placemark>
    <name>NS3139 96 I-40 1602031392</name>
    <description>(731) 549-0408  02/04/11 19:32:00</description>
    <styleUrl>#defaultStyle</styleUrl>
    <Point>
        <coordinates>-87.1958170627,36.0049057282,500.0</coordinates>
    </Point>
</Placemark>
<Placemark>
    <name>NS3139 96 I-40 1602031392</name>
    <description>(731) 549-0408  02/04/11 19:32:00</description>
    <styleUrl>#defaultStyle</styleUrl>
    <Point>
        <coordinates>-87.1968907521,36.0036660419,500.0</coordinates>
    </Point>
</Placemark>
<Placemark>
    <name>NS3139 96 I-40 1602031392</name>
    <description>(731) 549-0408  02/04/11 19:32:00</description>
    <styleUrl>#defaultStyle</styleUrl>
    <Point>
        <coordinates>-87.198017302,36.0024574236,500.0</coordinates>
    </Point>
</Placemark>
<Placemark>
    <name>NS3139 96 I-40 1602031392</name>
    <description>(731) 549-0408  02/04/11 19:32:00</description>
    <styleUrl>#defaultStyle</styleUrl>
    <Point>
        <coordinates>-87.1991953397,36.0012813445,500.0</coordinates>
    </Point>
</Placemark>
<Placemark>
    <name>NS3139 96 I-40 1602031392</name>
    <description>(731) 549-0408  02/04/11 19:32:00</description>
    <styleUrl>#defaultStyle</styleUrl>
    <Point>
        <coordinates>-87.2004234301,36.0001392358,500.0</coordinates>
    </Point>
</Placemark>
<Placemark>
    <name>NS3139 96 I-40 1602031392</name>
    <description>(731) 549-0408  02/04/11 19:32:00</description>
    <styleUrl>#defaultStyle</styleUrl>
    <Point>
        <coordinates>-87.2017000769,35.9990324875,500.0</coordinates>
    </Point>
</Placemark>
<Placemark>
    <name>NS3139 96 I-40 1602031392</name>
    <description>(731) 549-0408  02/04/11 19:32:00</description>
    <styleUrl>#defaultStyle</styleUrl>
    <Point>
        <coordinates>-87.2030237247,35.9979624466,500.0</coordinates>
    </Point>
</Placemark>
<Placemark>
    <name>NS3139 96 I-40 1602031392</name>
    <description>(731) 549-0408  02/04/11 19:32:00</description>
    <styleUrl>#defaultStyle</styleUrl>
    <Point>
        <coordinates>-87.2043927608,35.9969304151,500.0</coordinates>
    </Point>
</Placemark>
<Placemark>
    <name>NS3139 96 I-40 1602031392</name>
    <description>(731) 549-0408  02/04/11 19:32:00</description>
    <styleUrl>#defaultStyle</styleUrl>
    <Point>
        <coordinates>-87.2058055174,35.995937649,500.0</coordinates>
    </Point>
</Placemark>
<Placemark>
    <name>NS3139 96 I-40 1602031392</name>
    <description>(731) 549-0408  02/04/11 19:32:00</description>
    <styleUrl>#defaultStyle</styleUrl>
    <Point>
        <coordinates>-87.2072602731,35.9949853562,500.0</coordinates>
    </Point>
</Placemark>
<Placemark>
    <name>NS3139 96 I-40 1602031392</name>
    <description>(731) 549-0408  02/04/11 19:32:00</description>
    <styleUrl>#defaultStyle</styleUrl>
    <Point>
        <coordinates>-87.2087552556,35.9940746956,500.0</coordinates>
    </Point>
</Placemark>
<Placemark>
    <name>NS3139 96 I-40 1602031392</name>
    <description>(731) 549-0408  02/04/11 19:32:00</description>
    <styleUrl>#defaultStyle</styleUrl>
    <Point>
        <coordinates>-87.2102886435,35.9932067751,500.0</coordinates>
    </Point>
</Placemark>
<Placemark>
    <name>NS3139 96 I-40 1602031392</name>
    <description>(731) 549-0408  02/04/11 19:32:00</description>
    <styleUrl>#defaultStyle</styleUrl>
    <Point>
        <coordinates>-87.2118585686,35.9923826507,500.0</coordinates>
    </Point>
</Placemark>
<Placemark>
    <name>NS3139 96 I-40 1602031392</name>
    <description>(731) 549-0408  02/04/11 19:32:00</description>
    <styleUrl>#defaultStyle</styleUrl>
    <Point>
        <coordinates>-87.2134631181,35.9916033252,500.0</coordinates>
    </Point>
</Placemark>
<Placemark>
    <name>NS3139 96 I-40 1602031392</name>
    <description>(731) 549-0408  02/04/11 19:32:00</description>
    <styleUrl>#defaultStyle</styleUrl>
    <Point>
        <coordinates>-87.2151003372,35.9908697466,500.0</coordinates>
    </Point>
</Placemark>
<Placemark>
    <name>NS3139 96 I-40 1602031392</name>
    <description>(731) 549-0408  02/04/11 19:32:00</description>
    <styleUrl>#defaultStyle</styleUrl>
    <Point>
        <coordinates>-87.2167682311,35.9901828074,500.0</coordinates>
    </Point>
</Placemark>
<Placemark>
    <name>NS3139 96 I-40 1602031392</name>
    <description>(731) 549-0408  02/04/11 19:32:00</description>
    <styleUrl>#defaultStyle</styleUrl>
    <Point>
        <coordinates>-87.2184647679,35.9895433434,500.0</coordinates>
    </Point>
</Placemark>
<Placemark>
    <name>NS3139 96 I-40 1602031392</name>
    <description>(731) 549-0408  02/04/11 19:32:00</description>
    <styleUrl>#defaultStyle</styleUrl>
    <Point>
        <coordinates>-87.2201878805,35.9889521325,500.0</coordinates>
    </Point>
</Placemark>
<Placemark>
    <name>NS3139 96 I-40 1602031392</name>
    <description>(731) 549-0408  02/04/11 19:32:00</description>
    <styleUrl>#defaultStyle</styleUrl>
    <Point>
        <coordinates>-87.2219354696,35.9884098938,500.0</coordinates>
    </Point>
</Placemark>
<Placemark>
    <name>NS3139 96 I-40 1602031392</name>
    <description>(731) 549-0408  02/04/11 19:32:00</description>
    <styleUrl>#defaultStyle</styleUrl>
    <Point>
        <coordinates>-87.2237054059,35.987917287,500.0</coordinates>
    </Point>
</Placemark>
<Placemark>
    <name>NS3139 96 I-40 1602031392</name>
    <description>(731) 549-0408  02/04/11 19:32:00</description>
    <styleUrl>#defaultStyle</styleUrl>
    <Point>
        <coordinates>-87.2254955332,35.9874749113,500.0</coordinates>
    </Point>
</Placemark>
<Placemark>
    <name>NS3139 96 I-40 1602031392</name>
    <description>(731) 549-0408  02/04/11 19:32:00</description>
    <styleUrl>#defaultStyle</styleUrl>
    <Point>
        <coordinates>-87.2273036704,35.9870833048,500.0</coordinates>
    </Point>
</Placemark>
<Placemark>
    <name>NS3139 96 I-40 1602031392</name>
    <description>(731) 549-0408  02/04/11 19:32:00</description>
    <styleUrl>#defaultStyle</styleUrl>
    <Point>
        <coordinates>-87.2291276146,35.9867429439,500.0</coordinates>
    </Point>
</Placemark>
<Placemark>
    <name>NS3139 96 I-40 1602031392</name>
    <description>(731) 549-0408  02/04/11 19:32:00</description>
    <styleUrl>#defaultStyle</styleUrl>
    <Point>
        <coordinates>-87.2309651436,35.9864542426,500.0</coordinates>
    </Point>
</Placemark>
<Placemark>
    <name>NS3139 96 I-40 1602031392</name>
    <description>(731) 549-0408  02/04/11 19:32:00</description>
    <styleUrl>#defaultStyle</styleUrl>
    <Point>
        <coordinates>-87.2328140186,35.9862175521,500.0</coordinates>
    </Point>
</Placemark>
<Placemark>
    <name>NS3139 96 I-40 1602031392</name>
    <description>(731) 549-0408  02/04/11 19:32:00</description>
    <styleUrl>#defaultStyle</styleUrl>
    <Point>
        <coordinates>-87.234671987,35.9860331602,500.0</coordinates>
    </Point>
</Placemark>
<Placemark>
    <name>NS3139 96 I-40 1602031392</name>
    <description>(731) 549-0408  02/04/11 19:32:00</description>
    <styleUrl>#defaultStyle</styleUrl>
    <Point>
        <coordinates>-87.2365367853,35.9859012913,500.0</coordinates>
    </Point>
</Placemark>
<Placemark>
    <name>NS3139 96 I-40 1602031392</name>
    <description>(731) 549-0408  02/04/11 19:32:00</description>
    <styleUrl>#defaultStyle</styleUrl>
    <Point>
        <coordinates>-87.2384061414,35.9858221058,500.0</coordinates>
    </Point>
</Placemark>
<Placemark>
    <name>NS3139 96 I-40 1602031392</name>
    <description>(731) 549-0408  02/04/11 19:32:00</description>
    <styleUrl>#defaultStyle</styleUrl>
    <Point>
        <coordinates>-87.2402777778,35.9857956999,500.0</coordinates>
    </Point>
</Placemark>
<Placemark>
    <name>NS3139 96 I-40 1602031392</name>
    <description>(731) 549-0408  02/04/11 19:32:00</description>
    <styleUrl>#defaultStyle</styleUrl>
    <Point>
        <coordinates>-87.2421494142,35.9858221058,500.0</coordinates>
    </Point>
</Placemark>
<Placemark>
    <name>NS3139 96 I-40 1602031392</name>
    <description>(731) 549-0408  02/04/11 19:32:00</description>
    <styleUrl>#defaultStyle</styleUrl>
    <Point>
        <coordinates>-87.2440187703,35.9859012913,500.0</coordinates>
    </Point>
</Placemark>
<Placemark>
    <name>NS3139 96 I-40 1602031392</name>
    <description>(731) 549-0408  02/04/11 19:32:00</description>
    <styleUrl>#defaultStyle</styleUrl>
    <Point>
        <coordinates>-87.2458835685,35.9860331602,500.0</coordinates>
    </Point>
</Placemark>
<Placemark>
    <name>NS3139 96 I-40 1602031392</name>
    <description>(731) 549-0408  02/04/11 19:32:00</description>
    <styleUrl>#defaultStyle</styleUrl>
    <Point>
        <coordinates>-87.247741537,35.9862175521,500.0</coordinates>
    </Point>
</Placemark>
<Placemark>
    <name>NS3139 96 I-40 1602031392</name>
    <description>(731) 549-0408  02/04/11 19:32:00</description>
    <styleUrl>#defaultStyle</styleUrl>
    <Point>
        <coordinates>-87.249590412,35.9864542426,500.0</coordinates>
    </Point>
</Placemark>
<Placemark>
    <name>NS3139 96 I-40 1602031392</name>
    <description>(731) 549-0408  02/04/11 19:32:00</description>
    <styleUrl>#defaultStyle</styleUrl>
    <Point>
        <coordinates>-87.2514279409,35.9867429439,500.0</coordinates>
    </Point>
</Placemark>
<Placemark>
    <name>NS3139 96 I-40 1602031392</name>
    <description>(731) 549-0408  02/04/11 19:32:00</description>
    <styleUrl>#defaultStyle</styleUrl>
    <Point>
        <coordinates>-87.2532518851,35.9870833048,500.0</coordinates>
    </Point>
</Placemark>
<Placemark>
    <name>NS3139 96 I-40 1602031392</name>
    <description>(731) 549-0408  02/04/11 19:32:00</description>
    <styleUrl>#defaultStyle</styleUrl>
    <Point>
        <coordinates>-87.2550600223,35.9874749113,500.0</coordinates>
    </Point>
</Placemark>
<Placemark>
    <name>NS3139 96 I-40 1602031392</name>
    <description>(731) 549-0408  02/04/11 19:32:00</description>
    <styleUrl>#defaultStyle</styleUrl>
    <Point>
        <coordinates>-87.2568501496,35.987917287,500.0</coordinates>
    </Point>
</Placemark>
<Placemark>
    <name>NS3139 96 I-40 1602031392</name>
    <description>(731) 549-0408  02/04/11 19:32:00</description>
    <styleUrl>#defaultStyle</styleUrl>
    <Point>
        <coordinates>-87.258620086,35.9884098938,500.0</coordinates>
    </Point>
</Placemark>
<Placemark>
    <name>NS3139 96 I-40 1602031392</name>
    <description>(731) 549-0408  02/04/11 19:32:00</description>
    <styleUrl>#defaultStyle</styleUrl>
    <Point>
        <coordinates>-87.2603676751,35.9889521325,500.0</coordinates>
    </Point>
</Placemark>
<Placemark>
    <name>NS3139 96 I-40 1602031392</name>
    <description>(731) 549-0408  02/04/11 19:32:00</description>
    <styleUrl>#defaultStyle</styleUrl>
    <Point>
        <coordinates>-87.2620907877,35.9895433434,500.0</coordinates>
    </Point>
</Placemark>
<Placemark>
    <name>NS3139 96 I-40 1602031392</name>
    <description>(731) 549-0408  02/04/11 19:32:00</description>
    <styleUrl>#defaultStyle</styleUrl>
    <Point>
        <coordinates>-87.2637873244,35.9901828074,500.0</coordinates>
    </Point>
</Placemark>
<Placemark>
    <name>NS3139 96 I-40 1602031392</name>
    <description>(731) 549-0408  02/04/11 19:32:00</description>
    <styleUrl>#defaultStyle</styleUrl>
    <Point>
        <coordinates>-87.2654552184,35.9908697466,500.0</coordinates>
    </Point>
</Placemark>
<Placemark>
    <name>NS3139 96 I-40 1602031392</name>
    <description>(731) 549-0408  02/04/11 19:32:00</description>
    <styleUrl>#defaultStyle</styleUrl>
    <Point>
        <coordinates>-87.2670924375,35.9916033252,500.0</coordinates>
    </Point>
</Placemark>
<Placemark>
    <name>NS3139 96 I-40 1602031392</name>
    <description>(731) 549-0408  02/04/11 19:32:00</description>
    <styleUrl>#defaultStyle</styleUrl>
    <Point>
        <coordinates>-87.268696987,35.9923826507,500.0</coordinates>
    </Point>
</Placemark>
<Placemark>
    <name>NS3139 96 I-40 1602031392</name>
    <description>(731) 549-0408  02/04/11 19:32:00</description>
    <styleUrl>#defaultStyle</styleUrl>
    <Point>
        <coordinates>-87.2702669121,35.9932067751,500.0</coordinates>
    </Point>
</Placemark>
<Placemark>
    <name>NS3139 96 I-40 1602031392</name>
    <description>(731) 549-0408  02/04/11 19:32:00</description>
    <styleUrl>#defaultStyle</styleUrl>
    <Point>
        <coordinates>-87.2718002999,35.9940746956,500.0</coordinates>
    </Point>
</Placemark>
<Placemark>
    <name>NS3139 96 I-40 1602031392</name>
    <description>(731) 549-0408  02/04/11 19:32:00</description>
    <styleUrl>#defaultStyle</styleUrl>
    <Point>
        <coordinates>-87.2732952824,35.9949853562,500.0</coordinates>
    </Point>
</Placemark>
<Placemark>
    <name>NS3139 96 I-40 1602031392</name>
    <description>(731) 549-0408  02/04/11 19:32:00</description>
    <styleUrl>#defaultStyle</styleUrl>
    <Point>
        <coordinates>-87.2747500382,35.995937649,500.0</coordinates>
    </Point>
</Placemark>
<Placemark>
    <name>NS3139 96 I-40 1602031392</name>
    <description>(731) 549-0408  02/04/11 19:32:00</description>
    <styleUrl>#defaultStyle</styleUrl>
    <Point>
        <coordinates>-87.2761627947,35.9969304151,500.0</coordinates>
    </Point>
</Placemark>
<Placemark>
    <name>NS3139 96 I-40 1602031392</name>
    <description>(731) 549-0408  02/04/11 19:32:00</description>
    <styleUrl>#defaultStyle</styleUrl>
    <Point>
        <coordinates>-87.2775318309,35.9979624466,500.0</coordinates>
    </Point>
</Placemark>
<Placemark>
    <name>NS3139 96 I-40 1602031392</name>
    <description>(731) 549-0408  02/04/11 19:32:00</description>
    <styleUrl>#defaultStyle</styleUrl>
    <Point>
        <coordinates>-87.2788554787,35.9990324875,500.0</coordinates>
    </Point>
</Placemark>
<Placemark>
    <name>NS3139 96 I-40 1602031392</name>
    <description>(731) 549-0408  02/04/11 19:32:00</description>
    <styleUrl>#defaultStyle</styleUrl>
    <Point>
        <coordinates>-87.2801321255,36.0001392358,500.0</coordinates>
    </Point>
</Placemark>
<Placemark>
    <name>NS3139 96 I-40 1602031392</name>
    <description>(731) 549-0408  02/04/11 19:32:00</description>
    <styleUrl>#defaultStyle</styleUrl>
    <Point>
        <coordinates>-87.2813602158,36.0012813445,500.0</coordinates>
    </Point>
</Placemark>
<Placemark>
    <name>NS3139 96 I-40 1602031392</name>
    <description>(731) 549-0408  02/04/11 19:32:00</description>
    <styleUrl>#defaultStyle</styleUrl>
    <Point>
        <coordinates>-87.2825382536,36.0024574236,500.0</coordinates>
    </Point>
</Placemark>
<Placemark>
    <name>NS3139 96 I-40 1602031392</name>
    <description>(731) 549-0408  02/04/11 19:32:00</description>
    <styleUrl>#defaultStyle</styleUrl>
    <Point>
        <coordinates>-87.2836648034,36.0036660419,500.0</coordinates>
    </Point>
</Placemark>
<Placemark>
    <name>NS3139 96 I-40 1602031392</name>
    <description>(731) 549-0408  02/04/11 19:32:00</description>
    <styleUrl>#defaultStyle</styleUrl>
    <Point>
        <coordinates>-87.2847384929,36.0049057282,500.0</coordinates>
    </Point>
</Placemark>
<Placemark>
    <name>NS3139 96 I-40 1602031392</name>
    <description>(731) 549-0408  02/04/11 19:32:00</description>
    <styleUrl>#defaultStyle</styleUrl>
    <Point>
        <coordinates>-87.2857580138,36.0061749735,500.0</coordinates>
    </Point>
</Placemark>
<Placemark>
    <name>NS3139 96 I-40 1602031392</name>
    <description>(731) 549-0408  02/04/11 19:32:00</description>
    <styleUrl>#defaultStyle</styleUrl>
    <Point>
        <coordinates>-87.286722124,36.007472233,500.0</coordinates>
    </Point>
</Placemark>
<Placemark>
    <name>NS3139 96 I-40 1602031392</name>
    <description>(731) 549-0408  02/04/11 19:32:00</description>
    <styleUrl>#defaultStyle</styleUrl>
    <Point>
        <coordinates>-87.2876296489,36.0087959273,500.0</coordinates>
    </Point>
</Placemark>
<Placemark>
    <name>NS3139 96 I-40 1602031392</name>
    <description>(731) 549-0408  02/04/11 19:32:00</description>
    <styleUrl>#defaultStyle</styleUrl>
    <Point>
        <coordinates>-87.2884794829,36.0101444452,500.0</coordinates>
    </Point>
</Placemark>
<Placemark>
    <name>NS3139 96 I-40 1602031392</name>
    <description>(731) 549-0408  02/04/11 19:32:00</description>
    <styleUrl>#defaultStyle</styleUrl>
    <Point>
        <coordinates>-87.2892705905,36.0115161449,500.0</coordinates>
    </Point>
</Placemark>
<Placemark>
    <name>NS3139 96 I-40 1602031392</name>
    <description>(731) 549-0408  02/04/11 19:32:00</description>
    <styleUrl>#defaultStyle</styleUrl>
    <Point>
        <coordinates>-87.290002008,36.0129093563,500.0</coordinates>
    </Point>
</Placemark>
<Placemark>
    <name>NS3139 96 I-40 1602031392</name>
    <description>(731) 549-0408  02/04/11 19:32:00</description>
    <styleUrl>#defaultStyle</styleUrl>
    <Point>
        <coordinates>-87.2906728442,36.0143223831,500.0</coordinates>
    </Point>
</Placemark>
<Placemark>
    <name>NS3139 96 I-40 1602031392</name>
    <description>(731) 549-0408  02/04/11 19:32:00</description>
    <styleUrl>#defaultStyle</styleUrl>
    <Point>
        <coordinates>-87.2912822817,36.0157535048,500.0</coordinates>
    </Point>
</Placemark>
<Placemark>
    <name>NS3139 96 I-40 1602031392</name>
    <description>(731) 549-0408  02/04/11 19:32:00</description>
    <styleUrl>#defaultStyle</styleUrl>
    <Point>
        <coordinates>-87.2918295781,36.0172009788,500.0</coordinates>
    </Point>
</Placemark>
<Placemark>
    <name>NS3139 96 I-40 1602031392</name>
    <description>(731) 549-0408  02/04/11 19:32:00</description>
    <styleUrl>#defaultStyle</styleUrl>
    <Point>
        <coordinates>-87.2923140667,36.0186630423,500.0</coordinates>
    </Point>
</Placemark>
<Placemark>
    <name>NS3139 96 I-40 1602031392</name>
    <description>(731) 549-0408  02/04/11 19:32:00</description>
    <styleUrl>#defaultStyle</styleUrl>
    <Point>
        <coordinates>-87.292735157,36.0201379148,500.0</coordinates>
    </Point>
</Placemark>
<Placemark>
    <name>NS3139 96 I-40 1602031392</name>
    <description>(731) 549-0408  02/04/11 19:32:00</description>
    <styleUrl>#defaultStyle</styleUrl>
    <Point>
        <coordinates>-87.2930923362,36.0216238,500.0</coordinates>
    </Point>
</Placemark>
<Placemark>
    <name>NS3139 96 I-40 1602031392</name>
    <description>(731) 549-0408  02/04/11 19:32:00</description>
    <styleUrl>#defaultStyle</styleUrl>
    <Point>
        <coordinates>-87.293385169,36.0231188883,500.0</coordinates>
    </Point>
</Placemark>
<Placemark>
    <name>NS3139 96 I-40 1602031392</name>
    <description>(731) 549-0408  02/04/11 19:32:00</description>
    <styleUrl>#defaultStyle</styleUrl>
    <Point>
        <coordinates>-87.2936132986,36.0246213586,500.0</coordinates>
    </Point>
</Placemark>
<Placemark>
    <name>NS3139 96 I-40 1602031392</name>
    <description>(731) 549-0408  02/04/11 19:32:00</description>
    <styleUrl>#defaultStyle</styleUrl>
    <Point>
        <coordinates>-87.2937764472,36.0261293807,500.0</coordinates>
    </Point>
</Placemark>
<Placemark>
    <name>NS3139 96 I-40 1602031392</name>
    <description>(731) 549-0408  02/04/11 19:32:00</description>
    <styleUrl>#defaultStyle</styleUrl>
    <Point>
        <coordinates>-87.2938744159,36.0276411176,500.0</coordinates>
    </Point>
</Placemark>
<Placemark>
    <name>NS3139 96 I-40 1602031392</name>
    <description>(731) 549-0408  02/04/11 19:32:00</description>
    <styleUrl>#defaultStyle</styleUrl>
    <Point>
        <coordinates>-87.2939070854,36.0291547276,500.0</coordinates>
    </Point>
</Placemark>
<Placemark>
    <name>NS3139 96 I-40 1602031392</name>
    <description>(731) 549-0408  02/04/11 19:32:00</description>
    <styleUrl>#defaultStyle</styleUrl>
    <Point>
        <coordinates>-87.2938744159,36.0306683667,500.0</coordinates>
    </Point>
</Placemark>
<Placemark>
    <name>NS3139 96 I-40 1602031392</name>
    <description>(731) 549-0408  02/04/11 19:32:00</description>
    <styleUrl>#defaultStyle</styleUrl>
    <Point>
        <coordinates>-87.2937764472,36.0321801906,500.0</coordinates>
    </Point>
</Placemark>
<Placemark>
    <name>NS3139 96 I-40 1602031392</name>
    <description>(731) 549-0408  02/04/11 19:32:00</description>
    <styleUrl>#defaultStyle</styleUrl>
    <Point>
        <coordinates>-87.2936132986,36.0336883574,500.0</coordinates>
    </Point>
</Placemark>
<Placemark>
    <name>NS3139 96 I-40 1602031392</name>
    <description>(731) 549-0408  02/04/11 19:32:00</description>
    <styleUrl>#defaultStyle</styleUrl>
    <Point>
        <coordinates>-87.293385169,36.0351910293,500.0</coordinates>
    </Point>
</Placemark>
<Placemark>
    <name>NS3139 96 I-40 1602031392</name>
    <description>(731) 549-0408  02/04/11 19:32:00</description>
    <styleUrl>#defaultStyle</styleUrl>
    <Point>
        <coordinates>-87.2930923362,36.0366863751,500.0</coordinates>
    </Point>
</Placemark>
<Placemark>
    <name>NS3139 96 I-40 1602031392</name>
    <description>(731) 549-0408  02/04/11 19:32:00</description>
    <styleUrl>#defaultStyle</styleUrl>
    <Point>
        <coordinates>-87.292735157,36.0381725726,500.0</coordinates>
    </Point>
</Placemark>
<Placemark>
    <name>NS3139 96 I-40 1602031392</name>
    <description>(731) 549-0408  02/04/11 19:32:00</description>
    <styleUrl>#defaultStyle</styleUrl>
    <Point>
        <coordinates>-87.2923140667,36.0396478104,500.0</coordinates>
    </Point>
</Placemark>
<Placemark>
    <name>NS3139 96 I-40 1602031392</name>
    <description>(731) 549-0408  02/04/11 19:32:00</description>
    <styleUrl>#defaultStyle</styleUrl>
    <Point>
        <coordinates>-87.2918295781,36.0411102905,500.0</coordinates>
    </Point>
</Placemark>
<Placemark>
    <name>NS3139 96 I-40 1602031392</name>
    <description>(731) 549-0408  02/04/11 19:32:00</description>
    <styleUrl>#defaultStyle</styleUrl>
    <Point>
        <coordinates>-87.2912822817,36.0425582305,500.0</coordinates>
    </Point>
</Placemark>
<Placemark>
    <name>NS3139 96 I-40 1602031392</name>
    <description>(731) 549-0408  02/04/11 19:32:00</description>
    <styleUrl>#defaultStyle</styleUrl>
    <Point>
        <coordinates>-87.2906728442,36.0439898652,500.0</coordinates>
    </Point>
</Placemark>
<Placemark>
    <name>NS3139 96 I-40 1602031392</name>
    <description>(731) 549-0408  02/04/11 19:32:00</description>
    <styleUrl>#defaultStyle</styleUrl>
    <Point>
        <coordinates>-87.290002008,36.0454034497,500.0</coordinates>
    </Point>
</Placemark>
<Placemark>
    <name>NS3139 96 I-40 1602031392</name>
    <description>(731) 549-0408  02/04/11 19:32:00</description>
    <styleUrl>#defaultStyle</styleUrl>
    <Point>
        <coordinates>-87.2892705905,36.0467972605,500.0</coordinates>
    </Point>
</Placemark>
<Placemark>
    <name>NS3139 96 I-40 1602031392</name>
    <description>(731) 549-0408  02/04/11 19:32:00</description>
    <styleUrl>#defaultStyle</styleUrl>
    <Point>
        <coordinates>-87.2884794829,36.0481695986,500.0</coordinates>
    </Point>
</Placemark>
<Placemark>
    <name>NS3139 96 I-40 1602031392</name>
    <description>(731) 549-0408  02/04/11 19:32:00</description>
    <styleUrl>#defaultStyle</styleUrl>
    <Point>
        <coordinates>-87.2876296489,36.0495187906,500.0</coordinates>
    </Point>
</Placemark>
<Placemark>
    <name>CR1253 DARDEN 1600812531</name>
    <description>(731) 798-0089  03/21/11 17:01:00</description>
    <styleUrl>#defaultStyle</styleUrl>
    <Point>
        <coordinates>-82.3558333333,28.0061111111,0.0</coordinates>
    </Point>
</Placemark>
<Placemark>
    <name>CR1264 SCOTTS HILL 1600812642</name>
    <description>(731) 733-3913  04/01/11 12:06:00</description>
    <styleUrl>#defaultStyle</styleUrl>
    <Point>
        <coordinates>-85.1325,41.0819444444,0.0</coordinates>
    </Point>
</Placemark>
<Placemark>
    <name>CR1387 SAND RIDGE 1600613877</name>
    <description>(731) 549-0599  02/28/11 23:38:00</description>
    <styleUrl>#defaultStyle</styleUrl>
    <Point>
        <coordinates>-88.5375806304,35.7405667542,500.0</coordinates>
    </Point>
</Placemark>
<Placemark>
    <name>CR1387 SAND RIDGE 1600613877</name>
    <description>(731) 549-0599  02/28/11 23:38:00</description>
    <styleUrl>#defaultStyle</styleUrl>
    <Point>
        <coordinates>-88.5357190871,35.7404874821,500.0</coordinates>
    </Point>
</Placemark>
<Placemark>
    <name>CR1387 SAND RIDGE 1600613877</name>
    <description>(731) 549-0599  02/28/11 23:38:00</description>
    <styleUrl>#defaultStyle</styleUrl>
    <Point>
        <coordinates>-88.5338620826,35.7403554693,500.0</coordinates>
    </Point>
</Placemark>
<Placemark>
    <name>CR1387 SAND RIDGE 1600613877</name>
    <description>(731) 549-0599  02/28/11 23:38:00</description>
    <styleUrl>#defaultStyle</styleUrl>
    <Point>
        <coordinates>-88.5320118793,35.7401708771,500.0</coordinates>
    </Point>
</Placemark>
<Placemark>
    <name>CR1387 SAND RIDGE 1600613877</name>
    <description>(731) 549-0599  02/28/11 23:38:00</description>
    <styleUrl>#defaultStyle</styleUrl>
    <Point>
        <coordinates>-88.5301707315,35.7399339306,500.0</coordinates>
    </Point>
</Placemark>
<Placemark>
    <name>CR1387 SAND RIDGE 1600613877</name>
    <description>(731) 549-0599  02/28/11 23:38:00</description>
    <styleUrl>#defaultStyle</styleUrl>
    <Point>
        <coordinates>-88.5283408824,35.7396449191,500.0</coordinates>
    </Point>
</Placemark>
<Placemark>
    <name>CR1387 SAND RIDGE 1600613877</name>
    <description>(731) 549-0599  02/28/11 23:38:00</description>
    <styleUrl>#defaultStyle</styleUrl>
    <Point>
        <coordinates>-88.5265245612,35.7393041951,500.0</coordinates>
    </Point>
</Placemark>
<Placemark>
    <name>CR1387 SAND RIDGE 1600613877</name>
    <description>(731) 549-0599  02/28/11 23:38:00</description>
    <styleUrl>#defaultStyle</styleUrl>
    <Point>
        <coordinates>-88.5247239809,35.7389121745,500.0</coordinates>
    </Point>
</Placemark>
<Placemark>
    <name>CR1387 SAND RIDGE 1600613877</name>
    <description>(731) 549-0599  02/28/11 23:38:00</description>
    <styleUrl>#defaultStyle</styleUrl>
    <Point>
        <coordinates>-88.5229413353,35.7384693356,500.0</coordinates>
    </Point>
</Placemark>
<Placemark>
    <name>CR1387 SAND RIDGE 1600613877</name>
    <description>(731) 549-0599  02/28/11 23:38:00</description>
    <styleUrl>#defaultStyle</styleUrl>
    <Point>
        <coordinates>-88.5211787962,35.7379762188,500.0</coordinates>
    </Point>
</Placemark>
<Placemark>
    <name>CR1387 SAND RIDGE 1600613877</name>
    <description>(731) 549-0599  02/28/11 23:38:00</description>
    <styleUrl>#defaultStyle</styleUrl>
    <Point>
        <coordinates>-88.519438511,35.7374334259,500.0</coordinates>
    </Point>
</Placemark>
<Placemark>
    <name>CR1387 SAND RIDGE 1600613877</name>
    <description>(731) 549-0599  02/28/11 23:38:00</description>
    <styleUrl>#defaultStyle</styleUrl>
    <Point>
        <coordinates>-88.5177226,35.7368416192,500.0</coordinates>
    </Point>
</Placemark>
<Placemark>
    <name>CR1387 SAND RIDGE 1600613877</name>
    <description>(731) 549-0599  02/28/11 23:38:00</description>
    <styleUrl>#defaultStyle</styleUrl>
    <Point>
        <coordinates>-88.5160331537,35.7362015206,500.0</coordinates>
    </Point>
</Placemark>
<Placemark>
    <name>CR1387 SAND RIDGE 1600613877</name>
    <description>(731) 549-0599  02/28/11 23:38:00</description>
    <styleUrl>#defaultStyle</styleUrl>
    <Point>
        <coordinates>-88.5143722306,35.7355139114,500.0</coordinates>
    </Point>
</Placemark>
<Placemark>
    <name>CR1387 SAND RIDGE 1600613877</name>
    <description>(731) 549-0599  02/28/11 23:38:00</description>
    <styleUrl>#defaultStyle</styleUrl>
    <Point>
        <coordinates>-88.5127418541,35.7347796304,500.0</coordinates>
    </Point>
</Placemark>
<Placemark>
    <name>CR1387 SAND RIDGE 1600613877</name>
    <description>(731) 549-0599  02/28/11 23:38:00</description>
    <styleUrl>#defaultStyle</styleUrl>
    <Point>
        <coordinates>-88.5111440106,35.7339995735,500.0</coordinates>
    </Point>
</Placemark>
<Placemark>
    <name>CR1387 SAND RIDGE 1600613877</name>
    <description>(731) 549-0599  02/28/11 23:38:00</description>
    <styleUrl>#defaultStyle</styleUrl>
    <Point>
        <coordinates>-88.5095806469,35.7331746925,500.0</coordinates>
    </Point>
</Placemark>
<Placemark>
    <name>CR1387 SAND RIDGE 1600613877</name>
    <description>(731) 549-0599  02/28/11 23:38:00</description>
    <styleUrl>#defaultStyle</styleUrl>
    <Point>
        <coordinates>-88.5080536677,35.7323059936,500.0</coordinates>
    </Point>
</Placemark>
<Placemark>
    <name>CR1387 SAND RIDGE 1600613877</name>
    <description>(731) 549-0599  02/28/11 23:38:00</description>
    <styleUrl>#defaultStyle</styleUrl>
    <Point>
        <coordinates>-88.5065649333,35.7313945368,500.0</coordinates>
    </Point>
</Placemark>
<Placemark>
    <name>CR1387 SAND RIDGE 1600613877</name>
    <description>(731) 549-0599  02/28/11 23:38:00</description>
    <styleUrl>#defaultStyle</styleUrl>
    <Point>
        <coordinates>-88.5051162576,35.7304414339,500.0</coordinates>
    </Point>
</Placemark>
<Placemark>
    <name>CR1387 SAND RIDGE 1600613877</name>
    <description>(731) 549-0599  02/28/11 23:38:00</description>
    <styleUrl>#defaultStyle</styleUrl>
    <Point>
        <coordinates>-88.5037094055,35.7294478475,500.0</coordinates>
    </Point>
</Placemark>
<Placemark>
    <name>CR1387 SAND RIDGE 1600613877</name>
    <description>(731) 549-0599  02/28/11 23:38:00</description>
    <styleUrl>#defaultStyle</styleUrl>
    <Point>
        <coordinates>-88.5023460911,35.7284149898,500.0</coordinates>
    </Point>
</Placemark>
<Placemark>
    <name>CR1387 SAND RIDGE 1600613877</name>
    <description>(731) 549-0599  02/28/11 23:38:00</description>
    <styleUrl>#defaultStyle</styleUrl>
    <Point>
        <coordinates>-88.5010279754,35.7273441206,500.0</coordinates>
    </Point>
</Placemark>
<Placemark>
    <name>CR1387 SAND RIDGE 1600613877</name>
    <description>(731) 549-0599  02/28/11 23:38:00</description>
    <styleUrl>#defaultStyle</styleUrl>
    <Point>
        <coordinates>-88.4997566642,35.7262365461,500.0</coordinates>
    </Point>
</Placemark>
<Placemark>
    <name>CR1387 SAND RIDGE 1600613877</name>
    <description>(731) 549-0599  02/28/11 23:38:00</description>
    <styleUrl>#defaultStyle</styleUrl>
    <Point>
        <coordinates>-88.4985337065,35.7250936171,500.0</coordinates>
    </Point>
</Placemark>
<Placemark>
    <name>CR1387 SAND RIDGE 1600613877</name>
    <description>(731) 549-0599  02/28/11 23:38:00</description>
    <styleUrl>#defaultStyle</styleUrl>
    <Point>
        <coordinates>-88.4973605922,35.7239167278,500.0</coordinates>
    </Point>
</Placemark>
<Placemark>
    <name>CR1387 SAND RIDGE 1600613877</name>
    <description>(731) 549-0599  02/28/11 23:38:00</description>
    <styleUrl>#defaultStyle</styleUrl>
    <Point>
        <coordinates>-88.4962387507,35.7227073134,500.0</coordinates>
    </Point>
</Placemark>
<Placemark>
    <name>CR1387 SAND RIDGE 1600613877</name>
    <description>(731) 549-0599  02/28/11 23:38:00</description>
    <styleUrl>#defaultStyle</styleUrl>
    <Point>
        <coordinates>-88.4951695486,35.7214668488,500.0</coordinates>
    </Point>
</Placemark>
<Placemark>
    <name>CR1387 SAND RIDGE 1600613877</name>
    <description>(731) 549-0599  02/28/11 23:38:00</description>
    <styleUrl>#defaultStyle</styleUrl>
    <Point>
        <coordinates>-88.4941542887,35.7201968467,500.0</coordinates>
    </Point>
</Placemark>
<Placemark>
    <name>CR1387 SAND RIDGE 1600613877</name>
    <description>(731) 549-0599  02/28/11 23:38:00</description>
    <styleUrl>#defaultStyle</styleUrl>
    <Point>
        <coordinates>-88.4931942079,35.7188988559,500.0</coordinates>
    </Point>
</Placemark>
<Placemark>
    <name>CR1387 SAND RIDGE 1600613877</name>
    <description>(731) 549-0599  02/28/11 23:38:00</description>
    <styleUrl>#defaultStyle</styleUrl>
    <Point>
        <coordinates>-88.4922904759,35.7175744591,500.0</coordinates>
    </Point>
</Placemark>
<Placemark>
    <name>CR1387 SAND RIDGE 1600613877</name>
    <description>(731) 549-0599  02/28/11 23:38:00</description>
    <styleUrl>#defaultStyle</styleUrl>
    <Point>
        <coordinates>-88.4914441937,35.7162252711,500.0</coordinates>
    </Point>
</Placemark>
<Placemark>
    <name>CR1387 SAND RIDGE 1600613877</name>
    <description>(731) 549-0599  02/28/11 23:38:00</description>
    <styleUrl>#defaultStyle</styleUrl>
    <Point>
        <coordinates>-88.4906563924,35.714852937,500.0</coordinates>
    </Point>
</Placemark>
<Placemark>
    <name>CR1387 SAND RIDGE 1600613877</name>
    <description>(731) 549-0599  02/28/11 23:38:00</description>
    <styleUrl>#defaultStyle</styleUrl>
    <Point>
        <coordinates>-88.4899280319,35.7134591297,500.0</coordinates>
    </Point>
</Placemark>
<Placemark>
    <name>CR1387 SAND RIDGE 1600613877</name>
    <description>(731) 549-0599  02/28/11 23:38:00</description>
    <styleUrl>#defaultStyle</styleUrl>
    <Point>
        <coordinates>-88.4892599994,35.7120455487,500.0</coordinates>
    </Point>
</Placemark>
<Placemark>
    <name>CR1387 SAND RIDGE 1600613877</name>
    <description>(731) 549-0599  02/28/11 23:38:00</description>
    <styleUrl>#defaultStyle</styleUrl>
    <Point>
        <coordinates>-88.4886531089,35.710613917,500.0</coordinates>
    </Point>
</Placemark>
<Placemark>
    <name>CR1387 SAND RIDGE 1600613877</name>
    <description>(731) 549-0599  02/28/11 23:38:00</description>
    <styleUrl>#defaultStyle</styleUrl>
    <Point>
        <coordinates>-88.4881080999,35.7091659799,500.0</coordinates>
    </Point>
</Placemark>
<Placemark>
    <name>CR1387 SAND RIDGE 1600613877</name>
    <description>(731) 549-0599  02/28/11 23:38:00</description>
    <styleUrl>#defaultStyle</styleUrl>
    <Point>
        <coordinates>-88.4876256362,35.7077035023,500.0</coordinates>
    </Point>
</Placemark>
<Placemark>
    <name>CR1387 SAND RIDGE 1600613877</name>
    <description>(731) 549-0599  02/28/11 23:38:00</description>
    <styleUrl>#defaultStyle</styleUrl>
    <Point>
        <coordinates>-88.4872063057,35.7062282667,500.0</coordinates>
    </Point>
</Placemark>
<Placemark>
    <name>CR1387 SAND RIDGE 1600613877</name>
    <description>(731) 549-0599  02/28/11 23:38:00</description>
    <styleUrl>#defaultStyle</styleUrl>
    <Point>
        <coordinates>-88.4868506194,35.7047420711,500.0</coordinates>
    </Point>
</Placemark>
<Placemark>
    <name>CR1387 SAND RIDGE 1600613877</name>
    <description>(731) 549-0599  02/28/11 23:38:00</description>
    <styleUrl>#defaultStyle</styleUrl>
    <Point>
        <coordinates>-88.4865590104,35.7032467269,500.0</coordinates>
    </Point>
</Placemark>
<Placemark>
    <name>CR1387 SAND RIDGE 1600613877</name>
    <description>(731) 549-0599  02/28/11 23:38:00</description>
    <styleUrl>#defaultStyle</styleUrl>
    <Point>
        <coordinates>-88.4863318342,35.7017440562,500.0</coordinates>
    </Point>
</Placemark>
<Placemark>
    <name>CR1387 SAND RIDGE 1600613877</name>
    <description>(731) 549-0599  02/28/11 23:38:00</description>
    <styleUrl>#defaultStyle</styleUrl>
    <Point>
        <coordinates>-88.4861693675,35.7002358903,500.0</coordinates>
    </Point>
</Placemark>
<Placemark>
    <name>CR1387 SAND RIDGE 1600613877</name>
    <description>(731) 549-0599  02/28/11 23:38:00</description>
    <styleUrl>#defaultStyle</styleUrl>
    <Point>
        <coordinates>-88.4860718083,35.6987240668,500.0</coordinates>
    </Point>
</Placemark>
<Placemark>
    <name>CR1387 SAND RIDGE 1600613877</name>
    <description>(731) 549-0599  02/28/11 23:38:00</description>
    <styleUrl>#defaultStyle</styleUrl>
    <Point>
        <coordinates>-88.4860392753,35.6972104279,500.0</coordinates>
    </Point>
</Placemark>
<Placemark>
    <name>CR1387 SAND RIDGE 1600613877</name>
    <description>(731) 549-0599  02/28/11 23:38:00</description>
    <styleUrl>#defaultStyle</styleUrl>
    <Point>
        <coordinates>-88.4860718083,35.6956968177,500.0</coordinates>
    </Point>
</Placemark>
<Placemark>
    <name>CR1387 SAND RIDGE 1600613877</name>
    <description>(731) 549-0599  02/28/11 23:38:00</description>
    <styleUrl>#defaultStyle</styleUrl>
    <Point>
        <coordinates>-88.4861693675,35.6941850803,500.0</coordinates>
    </Point>
</Placemark>
<Placemark>
    <name>CR1387 SAND RIDGE 1600613877</name>
    <description>(731) 549-0599  02/28/11 23:38:00</description>
    <styleUrl>#defaultStyle</styleUrl>
    <Point>
        <coordinates>-88.4863318342,35.6926770574,500.0</coordinates>
    </Point>
</Placemark>
<Placemark>
    <name>CR1387 SAND RIDGE 1600613877</name>
    <description>(731) 549-0599  02/28/11 23:38:00</description>
    <styleUrl>#defaultStyle</styleUrl>
    <Point>
        <coordinates>-88.4865590104,35.6911745859,500.0</coordinates>
    </Point>
</Placemark>
<Placemark>
    <name>CR1387 SAND RIDGE 1600613877</name>
    <description>(731) 549-0599  02/28/11 23:38:00</description>
    <styleUrl>#defaultStyle</styleUrl>
    <Point>
        <coordinates>-88.4868506194,35.689679496,500.0</coordinates>
    </Point>
</Placemark>
<Placemark>
    <name>CR1387 SAND RIDGE 1600613877</name>
    <description>(731) 549-0599  02/28/11 23:38:00</description>
    <styleUrl>#defaultStyle</styleUrl>
    <Point>
        <coordinates>-88.4872063057,35.6881936088,500.0</coordinates>
    </Point>
</Placemark>
<Placemark>
    <name>CR1387 SAND RIDGE 1600613877</name>
    <description>(731) 549-0599  02/28/11 23:38:00</description>
    <styleUrl>#defaultStyle</styleUrl>
    <Point>
        <coordinates>-88.4876256362,35.6867187341,500.0</coordinates>
    </Point>
</Placemark>
<Placemark>
    <name>CR1387 SAND RIDGE 1600613877</name>
    <description>(731) 549-0599  02/28/11 23:38:00</description>
    <styleUrl>#defaultStyle</styleUrl>
    <Point>
        <coordinates>-88.4881080999,35.6852566681,500.0</coordinates>
    </Point>
</Placemark>
<Placemark>
    <name>CR1387 SAND RIDGE 1600613877</name>
    <description>(731) 549-0599  02/28/11 23:38:00</description>
    <styleUrl>#defaultStyle</styleUrl>
    <Point>
        <coordinates>-88.4886531089,35.6838091913,500.0</coordinates>
    </Point>
</Placemark>
<Placemark>
    <name>CR1387 SAND RIDGE 1600613877</name>
    <description>(731) 549-0599  02/28/11 23:38:00</description>
    <styleUrl>#defaultStyle</styleUrl>
    <Point>
        <coordinates>-88.4892599994,35.6823780665,500.0</coordinates>
    </Point>
</Placemark>
<Placemark>
    <name>CR1387 SAND RIDGE 1600613877</name>
    <description>(731) 549-0599  02/28/11 23:38:00</description>
    <styleUrl>#defaultStyle</styleUrl>
    <Point>
        <coordinates>-88.4899280319,35.6809650363,500.0</coordinates>
    </Point>
</Placemark>
<Placemark>
    <name>CR1387 SAND RIDGE 1600613877</name>
    <description>(731) 549-0599  02/28/11 23:38:00</description>
    <styleUrl>#defaultStyle</styleUrl>
    <Point>
        <coordinates>-88.4906563924,35.6795718213,500.0</coordinates>
    </Point>
</Placemark>
<Placemark>
    <name>CR1387 SAND RIDGE 1600613877</name>
    <description>(731) 549-0599  02/28/11 23:38:00</description>
    <styleUrl>#defaultStyle</styleUrl>
    <Point>
        <coordinates>-88.4914441937,35.6782001177,500.0</coordinates>
    </Point>
</Placemark>
<Placemark>
    <name>CR1387 SAND RIDGE 1600613877</name>
    <description>(731) 549-0599  02/28/11 23:38:00</description>
    <styleUrl>#defaultStyle</styleUrl>
    <Point>
        <coordinates>-88.4922904759,35.6768515957,500.0</coordinates>
    </Point>
</Placemark>
<Placemark>
    <name> 1691830302</name>
    <description>(731) 733-0139  03/27/11 21:33:00</description>
    <styleUrl>#defaultStyle</styleUrl>
    <Point>
        <coordinates>-87.3346009189,36.0356299065,500.0</coordinates>
    </Point>
</Placemark>
<Placemark>
    <name> 1691830302</name>
    <description>(731) 733-0139  03/27/11 21:33:00</description>
    <styleUrl>#defaultStyle</styleUrl>
    <Point>
        <coordinates>-87.3337512347,36.0342807146,500.0</coordinates>
    </Point>
</Placemark>
<Placemark>
    <name> 1691830302</name>
    <description>(731) 733-0139  03/27/11 21:33:00</description>
    <styleUrl>#defaultStyle</styleUrl>
    <Point>
        <coordinates>-87.3329602665,36.0329083767,500.0</coordinates>
    </Point>
</Placemark>
<Placemark>
    <name> 1691830302</name>
    <description>(731) 733-0139  03/27/11 21:33:00</description>
    <styleUrl>#defaultStyle</styleUrl>
    <Point>
        <coordinates>-87.332228978,36.031514566,500.0</coordinates>
    </Point>
</Placemark>
<Placemark>
    <name> 1691830302</name>
    <description>(731) 733-0139  03/27/11 21:33:00</description>
    <styleUrl>#defaultStyle</styleUrl>
    <Point>
        <coordinates>-87.33155826,36.0301009817,500.0</coordinates>
    </Point>
</Placemark>
<Placemark>
    <name> 1691830302</name>
    <description>(731) 733-0139  03/27/11 21:33:00</description>
    <styleUrl>#defaultStyle</styleUrl>
    <Point>
        <coordinates>-87.3309489299,36.0286693471,500.0</coordinates>
    </Point>
</Placemark>
<Placemark>
    <name> 1691830302</name>
    <description>(731) 733-0139  03/27/11 21:33:00</description>
    <styleUrl>#defaultStyle</styleUrl>
    <Point>
        <coordinates>-87.3304017299,36.0272214073,500.0</coordinates>
    </Point>
</Placemark>
<Placemark>
    <name> 1691830302</name>
    <description>(731) 733-0139  03/27/11 21:33:00</description>
    <styleUrl>#defaultStyle</styleUrl>
    <Point>
        <coordinates>-87.3299173268,36.0257589272,500.0</coordinates>
    </Point>
</Placemark>
<Placemark>
    <name> 1691830302</name>
    <description>(731) 733-0139  03/27/11 21:33:00</description>
    <styleUrl>#defaultStyle</styleUrl>
    <Point>
        <coordinates>-87.3294963106,36.0242836895,500.0</coordinates>
    </Point>
</Placemark>
<Placemark>
    <name> 1691830302</name>
    <description>(731) 733-0139  03/27/11 21:33:00</description>
    <styleUrl>#defaultStyle</styleUrl>
    <Point>
        <coordinates>-87.3291391944,36.0227974921,500.0</coordinates>
    </Point>
</Placemark>
<Placemark>
    <name> 1691830302</name>
    <description>(731) 733-0139  03/27/11 21:33:00</description>
    <styleUrl>#defaultStyle</styleUrl>
    <Point>
        <coordinates>-87.3288464133,36.0213021464,500.0</coordinates>
    </Point>
</Placemark>
<Placemark>
    <name> 1691830302</name>
    <description>(731) 733-0139  03/27/11 21:33:00</description>
    <styleUrl>#defaultStyle</styleUrl>
    <Point>
        <coordinates>-87.3286183238,36.0197994746,500.0</coordinates>
    </Point>
</Placemark>
<Placemark>
    <name> 1691830302</name>
    <description>(731) 733-0139  03/27/11 21:33:00</description>
    <styleUrl>#defaultStyle</styleUrl>
    <Point>
        <coordinates>-87.328455204,36.0182913078,500.0</coordinates>
    </Point>
</Placemark>
<Placemark>
    <name> 1691830302</name>
    <description>(731) 733-0139  03/27/11 21:33:00</description>
    <styleUrl>#defaultStyle</styleUrl>
    <Point>
        <coordinates>-87.3283572526,36.0167794838,500.0</coordinates>
    </Point>
</Placemark>
<Placemark>
    <name> 1691830302</name>
    <description>(731) 733-0139  03/27/11 21:33:00</description>
    <styleUrl>#defaultStyle</styleUrl>
    <Point>
        <coordinates>-87.3283245888,36.0152658448,500.0</coordinates>
    </Point>
</Placemark>
<Placemark>
    <name> 1691830302</name>
    <description>(731) 733-0139  03/27/11 21:33:00</description>
    <styleUrl>#defaultStyle</styleUrl>
    <Point>
        <coordinates>-87.3283572526,36.0137522348,500.0</coordinates>
    </Point>
</Placemark>
<Placemark>
    <name> 1691830302</name>
    <description>(731) 733-0139  03/27/11 21:33:00</description>
    <styleUrl>#defaultStyle</styleUrl>
    <Point>
        <coordinates>-87.328455204,36.0122404979,500.0</coordinates>
    </Point>
</Placemark>
<Placemark>
    <name> 1691830302</name>
    <description>(731) 733-0139  03/27/11 21:33:00</description>
    <styleUrl>#defaultStyle</styleUrl>
    <Point>
        <coordinates>-87.3286183238,36.0107324757,500.0</coordinates>
    </Point>
</Placemark>
<Placemark>
    <name> 1691830302</name>
    <description>(731) 733-0139  03/27/11 21:33:00</description>
    <styleUrl>#defaultStyle</styleUrl>
    <Point>
        <coordinates>-87.3288464133,36.0092300054,500.0</coordinates>
    </Point>
</Placemark>
<Placemark>
    <name> 1691830302</name>
    <description>(731) 733-0139  03/27/11 21:33:00</description>
    <styleUrl>#defaultStyle</styleUrl>
    <Point>
        <coordinates>-87.3291391944,36.007734917,500.0</coordinates>
    </Point>
</Placemark>
<Placemark>
    <name> 1691830302</name>
    <description>(731) 733-0139  03/27/11 21:33:00</description>
    <styleUrl>#defaultStyle</styleUrl>
    <Point>
        <coordinates>-87.3294963106,36.0062490317,500.0</coordinates>
    </Point>
</Placemark>
<Placemark>
    <name> 1691830302</name>
    <description>(731) 733-0139  03/27/11 21:33:00</description>
    <styleUrl>#defaultStyle</styleUrl>
    <Point>
        <coordinates>-87.3299173268,36.0047741591,500.0</coordinates>
    </Point>
</Placemark>
<Placemark>
    <name> 1691830302</name>
    <description>(731) 733-0139  03/27/11 21:33:00</description>
    <styleUrl>#defaultStyle</styleUrl>
    <Point>
        <coordinates>-87.3304017299,36.0033120955,500.0</coordinates>
    </Point>
</Placemark>
<Placemark>
    <name> 1691830302</name>
    <description>(731) 733-0139  03/27/11 21:33:00</description>
    <styleUrl>#defaultStyle</styleUrl>
    <Point>
        <coordinates>-87.3309489299,36.0018646215,500.0</coordinates>
    </Point>
</Placemark>
<Placemark>
    <name> 1691830302</name>
    <description>(731) 733-0139  03/27/11 21:33:00</description>
    <styleUrl>#defaultStyle</styleUrl>
    <Point>
        <coordinates>-87.33155826,36.0004334996,500.0</coordinates>
    </Point>
</Placemark>
<Placemark>
    <name> 1691830302</name>
    <description>(731) 733-0139  03/27/11 21:33:00</description>
    <styleUrl>#defaultStyle</styleUrl>
    <Point>
        <coordinates>-87.332228978,35.9990204726,500.0</coordinates>
    </Point>
</Placemark>
<Placemark>
    <name> 1691830302</name>
    <description>(731) 733-0139  03/27/11 21:33:00</description>
    <styleUrl>#defaultStyle</styleUrl>
    <Point>
        <coordinates>-87.3329602665,35.9976272611,500.0</coordinates>
    </Point>
</Placemark>
<Placemark>
    <name> 1691830302</name>
    <description>(731) 733-0139  03/27/11 21:33:00</description>
    <styleUrl>#defaultStyle</styleUrl>
    <Point>
        <coordinates>-87.3337512347,35.9962555613,500.0</coordinates>
    </Point>
</Placemark>
<Placemark>
    <name> 1691830302</name>
    <description>(731) 733-0139  03/27/11 21:33:00</description>
    <styleUrl>#defaultStyle</styleUrl>
    <Point>
        <coordinates>-87.3346009189,35.9949070432,500.0</coordinates>
    </Point>
</Placemark>
<Placemark>
    <name> 1691830302</name>
    <description>(731) 733-0139  03/27/11 21:33:00</description>
    <styleUrl>#defaultStyle</styleUrl>
    <Point>
        <coordinates>-87.3355082839,35.9935833486,500.0</coordinates>
    </Point>
</Placemark>
<Placemark>
    <name> 1691830302</name>
    <description>(731) 733-0139  03/27/11 21:33:00</description>
    <styleUrl>#defaultStyle</styleUrl>
    <Point>
        <coordinates>-87.3364722242,35.992286089,500.0</coordinates>
    </Point>
</Placemark>
<Placemark>
    <name> 1691830302</name>
    <description>(731) 733-0139  03/27/11 21:33:00</description>
    <styleUrl>#defaultStyle</styleUrl>
    <Point>
        <coordinates>-87.3374915654,35.9910168434,500.0</coordinates>
    </Point>
</Placemark>
<Placemark>
    <name> 1691830302</name>
    <description>(731) 733-0139  03/27/11 21:33:00</description>
    <styleUrl>#defaultStyle</styleUrl>
    <Point>
        <coordinates>-87.3385650656,35.989777157,500.0</coordinates>
    </Point>
</Placemark>
<Placemark>
    <name> 1691830302</name>
    <description>(731) 733-0139  03/27/11 21:33:00</description>
    <styleUrl>#defaultStyle</styleUrl>
    <Point>
        <coordinates>-87.3396914169,35.9885685385,500.0</coordinates>
    </Point>
</Placemark>
<Placemark>
    <name> 1691830302</name>
    <description>(731) 733-0139  03/27/11 21:33:00</description>
    <styleUrl>#defaultStyle</styleUrl>
    <Point>
        <coordinates>-87.340869247,35.9873924592,500.0</coordinates>
    </Point>
</Placemark>
<Placemark>
    <name> 1691830302</name>
    <description>(731) 733-0139  03/27/11 21:33:00</description>
    <styleUrl>#defaultStyle</styleUrl>
    <Point>
        <coordinates>-87.342097121,35.9862503502,500.0</coordinates>
    </Point>
</Placemark>
<Placemark>
    <name> 1691830302</name>
    <description>(731) 733-0139  03/27/11 21:33:00</description>
    <styleUrl>#defaultStyle</styleUrl>
    <Point>
        <coordinates>-87.3433735428,35.9851436018,500.0</coordinates>
    </Point>
</Placemark>
<Placemark>
    <name> 1691830302</name>
    <description>(731) 733-0139  03/27/11 21:33:00</description>
    <styleUrl>#defaultStyle</styleUrl>
    <Point>
        <coordinates>-87.3446969573,35.9840735606,500.0</coordinates>
    </Point>
</Placemark>
<Placemark>
    <name> 1691830302</name>
    <description>(731) 733-0139  03/27/11 21:33:00</description>
    <styleUrl>#defaultStyle</styleUrl>
    <Point>
        <coordinates>-87.3460657521,35.9830415289,500.0</coordinates>
    </Point>
</Placemark>
<Placemark>
    <name> 1691830302</name>
    <description>(731) 733-0139  03/27/11 21:33:00</description>
    <styleUrl>#defaultStyle</styleUrl>
    <Point>
        <coordinates>-87.3474782597,35.9820487626,500.0</coordinates>
    </Point>
</Placemark>
<Placemark>
    <name> 1691830302</name>
    <description>(731) 733-0139  03/27/11 21:33:00</description>
    <styleUrl>#defaultStyle</styleUrl>
    <Point>
        <coordinates>-87.348932759,35.9810964697,500.0</coordinates>
    </Point>
</Placemark>
<Placemark>
    <name> 1691830302</name>
    <description>(731) 733-0139  03/27/11 21:33:00</description>
    <styleUrl>#defaultStyle</styleUrl>
    <Point>
        <coordinates>-87.350427478,35.9801858088,500.0</coordinates>
    </Point>
</Placemark>
<Placemark>
    <name> 1691830302</name>
    <description>(731) 733-0139  03/27/11 21:33:00</description>
    <styleUrl>#defaultStyle</styleUrl>
    <Point>
        <coordinates>-87.3519605957,35.9793178881,500.0</coordinates>
    </Point>
</Placemark>
<Placemark>
    <name> 1691830302</name>
    <description>(731) 733-0139  03/27/11 21:33:00</description>
    <styleUrl>#defaultStyle</styleUrl>
    <Point>
        <coordinates>-87.353530244,35.9784937635,500.0</coordinates>
    </Point>
</Placemark>
<Placemark>
    <name> 1691830302</name>
    <description>(731) 733-0139  03/27/11 21:33:00</description>
    <styleUrl>#defaultStyle</styleUrl>
    <Point>
        <coordinates>-87.3551345108,35.9777144378,500.0</coordinates>
    </Point>
</Placemark>
<Placemark>
    <name> 1691830302</name>
    <description>(731) 733-0139  03/27/11 21:33:00</description>
    <styleUrl>#defaultStyle</styleUrl>
    <Point>
        <coordinates>-87.3567714413,35.976980859,500.0</coordinates>
    </Point>
</Placemark>
<Placemark>
    <name> 1691830302</name>
    <description>(731) 733-0139  03/27/11 21:33:00</description>
    <styleUrl>#defaultStyle</styleUrl>
    <Point>
        <coordinates>-87.3584390413,35.9762939197,500.0</coordinates>
    </Point>
</Placemark>
<Placemark>
    <name> 1691830302</name>
    <description>(731) 733-0139  03/27/11 21:33:00</description>
    <styleUrl>#defaultStyle</styleUrl>
    <Point>
        <coordinates>-87.360135279,35.9756544555,500.0</coordinates>
    </Point>
</Placemark>
<Placemark>
    <name> 1691830302</name>
    <description>(731) 733-0139  03/27/11 21:33:00</description>
    <styleUrl>#defaultStyle</styleUrl>
    <Point>
        <coordinates>-87.3618580879,35.9750632444,500.0</coordinates>
    </Point>
</Placemark>
<Placemark>
    <name> 1691830302</name>
    <description>(731) 733-0139  03/27/11 21:33:00</description>
    <styleUrl>#defaultStyle</styleUrl>
    <Point>
        <coordinates>-87.363605369,35.9745210056,500.0</coordinates>
    </Point>
</Placemark>
<Placemark>
    <name> 1691830302</name>
    <description>(731) 733-0139  03/27/11 21:33:00</description>
    <styleUrl>#defaultStyle</styleUrl>
    <Point>
        <coordinates>-87.3653749934,35.9740283987,500.0</coordinates>
    </Point>
</Placemark>
<Placemark>
    <name> 1691830302</name>
    <description>(731) 733-0139  03/27/11 21:33:00</description>
    <styleUrl>#defaultStyle</styleUrl>
    <Point>
        <coordinates>-87.3671648052,35.9735860228,500.0</coordinates>
    </Point>
</Placemark>
<Placemark>
    <name> 1691830302</name>
    <description>(731) 733-0139  03/27/11 21:33:00</description>
    <styleUrl>#defaultStyle</styleUrl>
    <Point>
        <coordinates>-87.3689726238,35.9731944163,500.0</coordinates>
    </Point>
</Placemark>
<Placemark>
    <name> 1691830302</name>
    <description>(731) 733-0139  03/27/11 21:33:00</description>
    <styleUrl>#defaultStyle</styleUrl>
    <Point>
        <coordinates>-87.3707962465,35.9728540553,500.0</coordinates>
    </Point>
</Placemark>
<Placemark>
    <name> 1691830302</name>
    <description>(731) 733-0139  03/27/11 21:33:00</description>
    <styleUrl>#defaultStyle</styleUrl>
    <Point>
        <coordinates>-87.3726334516,35.9725653539,500.0</coordinates>
    </Point>
</Placemark>
<Placemark>
    <name> 1691830302</name>
    <description>(731) 733-0139  03/27/11 21:33:00</description>
    <styleUrl>#defaultStyle</styleUrl>
    <Point>
        <coordinates>-87.3744820007,35.9723286633,500.0</coordinates>
    </Point>
</Placemark>
<Placemark>
    <name> 1691830302</name>
    <description>(731) 733-0139  03/27/11 21:33:00</description>
    <styleUrl>#defaultStyle</styleUrl>
    <Point>
        <coordinates>-87.3763396417,35.9721442714,500.0</coordinates>
    </Point>
</Placemark>
<Placemark>
    <name> 1691830302</name>
    <description>(731) 733-0139  03/27/11 21:33:00</description>
    <styleUrl>#defaultStyle</styleUrl>
    <Point>
        <coordinates>-87.3782041113,35.9720124025,500.0</coordinates>
    </Point>
</Placemark>
<Placemark>
    <name> 1691830302</name>
    <description>(731) 733-0139  03/27/11 21:33:00</description>
    <styleUrl>#defaultStyle</styleUrl>
    <Point>
        <coordinates>-87.3800731379,35.9719332169,500.0</coordinates>
    </Point>
</Placemark>
<Placemark>
    <name> </name>
    <description>(731) 845-9462  04/04/11 13:46:00</description>
    <styleUrl>#defaultStyle</styleUrl>
    <Point>
        <coordinates>-80.2013888889,25.9888888889,500.0</coordinates>
    </Point>
</Placemark>
<Placemark>
    <name> </name>
    <description>(731) 845-9462  04/04/11 13:46:00</description>
    <styleUrl>#defaultStyle</styleUrl>
    <Point>
        <coordinates>-80.1560486622,26.0037155648,500.0</coordinates>
    </Point>
</Placemark>
<Placemark>
    <name> </name>
    <description>(731) 845-9462  04/04/11 13:46:00</description>
    <styleUrl>#defaultStyle</styleUrl>
    <Point>
        <coordinates>-80.1555003537,26.0022840146,500.0</coordinates>
    </Point>
</Placemark>
<Placemark>
    <name> </name>
    <description>(731) 845-9462  04/04/11 13:46:00</description>
    <styleUrl>#defaultStyle</styleUrl>
    <Point>
        <coordinates>-80.1550079534,26.0008361514,500.0</coordinates>
    </Point>
</Placemark>
<Placemark>
    <name> </name>
    <description>(731) 845-9462  04/04/11 13:46:00</description>
    <styleUrl>#defaultStyle</styleUrl>
    <Point>
        <coordinates>-80.1545720611,25.9993737398,500.0</coordinates>
    </Point>
</Placemark>
<Placemark>
    <name> </name>
    <description>(731) 845-9462  04/04/11 13:46:00</description>
    <styleUrl>#defaultStyle</styleUrl>
    <Point>
        <coordinates>-80.1541932078,25.9978985622,500.0</coordinates>
    </Point>
</Placemark>
<Placemark>
    <name> </name>
    <description>(731) 845-9462  04/04/11 13:46:00</description>
    <styleUrl>#defaultStyle</styleUrl>
    <Point>
        <coordinates>-80.1538718552,25.9964124161,500.0</coordinates>
    </Point>
</Placemark>
<Placemark>
    <name> </name>
    <description>(731) 845-9462  04/04/11 13:46:00</description>
    <styleUrl>#defaultStyle</styleUrl>
    <Point>
        <coordinates>-80.1536083948,25.9949171126,500.0</coordinates>
    </Point>
</Placemark>
<Placemark>
    <name> </name>
    <description>(731) 845-9462  04/04/11 13:46:00</description>
    <styleUrl>#defaultStyle</styleUrl>
    <Point>
        <coordinates>-80.1534031475,25.9934144738,500.0</coordinates>
    </Point>
</Placemark>
<Placemark>
    <name> </name>
    <description>(731) 845-9462  04/04/11 13:46:00</description>
    <styleUrl>#defaultStyle</styleUrl>
    <Point>
        <coordinates>-80.1532563634,25.9919063308,500.0</coordinates>
    </Point>
</Placemark>
<Placemark>
    <name> </name>
    <description>(731) 845-9462  04/04/11 13:46:00</description>
    <styleUrl>#defaultStyle</styleUrl>
    <Point>
        <coordinates>-80.1531682214,25.990394521,500.0</coordinates>
    </Point>
</Placemark>
<Placemark>
    <name> </name>
    <description>(731) 845-9462  04/04/11 13:46:00</description>
    <styleUrl>#defaultStyle</styleUrl>
    <Point>
        <coordinates>-80.1531388287,25.9888808866,500.0</coordinates>
    </Point>
</Placemark>
<Placemark>
    <name> </name>
    <description>(731) 845-9462  04/04/11 13:46:00</description>
    <styleUrl>#defaultStyle</styleUrl>
    <Point>
        <coordinates>-80.1531682214,25.9873672717,500.0</coordinates>
    </Point>
</Placemark>
<Placemark>
    <name> </name>
    <description>(731) 845-9462  04/04/11 13:46:00</description>
    <styleUrl>#defaultStyle</styleUrl>
    <Point>
        <coordinates>-80.1532563634,25.9858555203,500.0</coordinates>
    </Point>
</Placemark>
<Placemark>
    <name> </name>
    <description>(731) 845-9462  04/04/11 13:46:00</description>
    <styleUrl>#defaultStyle</styleUrl>
    <Point>
        <coordinates>-80.1534031475,25.9843474743,500.0</coordinates>
    </Point>
</Placemark>
<Placemark>
    <name> </name>
    <description>(731) 845-9462  04/04/11 13:46:00</description>
    <styleUrl>#defaultStyle</styleUrl>
    <Point>
        <coordinates>-80.1536083948,25.9828449706,500.0</coordinates>
    </Point>
</Placemark>
<Placemark>
    <name> </name>
    <description>(731) 845-9462  04/04/11 13:46:00</description>
    <styleUrl>#defaultStyle</styleUrl>
    <Point>
        <coordinates>-80.1538718552,25.9813498398,500.0</coordinates>
    </Point>
</Placemark>
<Placemark>
    <name> </name>
    <description>(731) 845-9462  04/04/11 13:46:00</description>
    <styleUrl>#defaultStyle</styleUrl>
    <Point>
        <coordinates>-80.1541932078,25.9798639029,500.0</coordinates>
    </Point>
</Placemark>
<Placemark>
    <name> </name>
    <description>(731) 845-9462  04/04/11 13:46:00</description>
    <styleUrl>#defaultStyle</styleUrl>
    <Point>
        <coordinates>-80.1545720611,25.9783889701,500.0</coordinates>
    </Point>
</Placemark>
<Placemark>
    <name> </name>
    <description>(731) 845-9462  04/04/11 13:46:00</description>
    <styleUrl>#defaultStyle</styleUrl>
    <Point>
        <coordinates>-80.1550079534,25.9769268378,500.0</coordinates>
    </Point>
</Placemark>
<Placemark>
    <name> </name>
    <description>(731) 845-9462  04/04/11 13:46:00</description>
    <styleUrl>#defaultStyle</styleUrl>
    <Point>
        <coordinates>-80.1555003537,25.9754792869,500.0</coordinates>
    </Point>
</Placemark>
<Placemark>
    <name> </name>
    <description>(731) 845-9462  04/04/11 13:46:00</description>
    <styleUrl>#defaultStyle</styleUrl>
    <Point>
        <coordinates>-80.1560486622,25.9740480806,500.0</coordinates>
    </Point>
</Placemark>
<Placemark>
    <name> </name>
    <description>(731) 845-9462  04/04/11 13:46:00</description>
    <styleUrl>#defaultStyle</styleUrl>
    <Point>
        <coordinates>-80.1566522107,25.9726349617,500.0</coordinates>
    </Point>
</Placemark>
<Placemark>
    <name> </name>
    <description>(731) 845-9462  04/04/11 13:46:00</description>
    <styleUrl>#defaultStyle</styleUrl>
    <Point>
        <coordinates>-80.1573102639,25.9712416514,500.0</coordinates>
    </Point>
</Placemark>
<Placemark>
    <name> </name>
    <description>(731) 845-9462  04/04/11 13:46:00</description>
    <styleUrl>#defaultStyle</styleUrl>
    <Point>
        <coordinates>-80.1580220201,25.9698698465,500.0</coordinates>
    </Point>
</Placemark>
<Placemark>
    <name> </name>
    <description>(731) 845-9462  04/04/11 13:46:00</description>
    <styleUrl>#defaultStyle</styleUrl>
    <Point>
        <coordinates>-80.1587866122,25.9685212174,500.0</coordinates>
    </Point>
</Placemark>
<Placemark>
    <name> </name>
    <description>(731) 845-9462  04/04/11 13:46:00</description>
    <styleUrl>#defaultStyle</styleUrl>
    <Point>
        <coordinates>-80.1596031086,25.9671974064,500.0</coordinates>
    </Point>
</Placemark>
<Placemark>
    <name> </name>
    <description>(731) 845-9462  04/04/11 13:46:00</description>
    <styleUrl>#defaultStyle</styleUrl>
    <Point>
        <coordinates>-80.1604705145,25.9659000257,500.0</coordinates>
    </Point>
</Placemark>
<Placemark>
    <name> </name>
    <description>(731) 845-9462  04/04/11 13:46:00</description>
    <styleUrl>#defaultStyle</styleUrl>
    <Point>
        <coordinates>-80.1613877732,25.9646306548,500.0</coordinates>
    </Point>
</Placemark>
<Placemark>
    <name> </name>
    <description>(731) 845-9462  04/04/11 13:46:00</description>
    <styleUrl>#defaultStyle</styleUrl>
    <Point>
        <coordinates>-80.1623537671,25.9633908394,500.0</coordinates>
    </Point>
</Placemark>
<Placemark>
    <name> </name>
    <description>(731) 845-9462  04/04/11 13:46:00</description>
    <styleUrl>#defaultStyle</styleUrl>
    <Point>
        <coordinates>-80.1633673192,25.9621820891,500.0</coordinates>
    </Point>
</Placemark>
<Placemark>
    <name> </name>
    <description>(731) 845-9462  04/04/11 13:46:00</description>
    <styleUrl>#defaultStyle</styleUrl>
    <Point>
        <coordinates>-80.1644271948,25.9610058756,500.0</coordinates>
    </Point>
</Placemark>
<Placemark>
    <name> </name>
    <description>(731) 845-9462  04/04/11 13:46:00</description>
    <styleUrl>#defaultStyle</styleUrl>
    <Point>
        <coordinates>-80.1655321026,25.9598636308,500.0</coordinates>
    </Point>
</Placemark>
<Placemark>
    <name> </name>
    <description>(731) 845-9462  04/04/11 13:46:00</description>
    <styleUrl>#defaultStyle</styleUrl>
    <Point>
        <coordinates>-80.1666806963,25.9587567455,500.0</coordinates>
    </Point>
</Placemark>
<Placemark>
    <name> </name>
    <description>(731) 845-9462  04/04/11 13:46:00</description>
    <styleUrl>#defaultStyle</styleUrl>
    <Point>
        <coordinates>-80.1678715766,25.9576865673,500.0</coordinates>
    </Point>
</Placemark>
<Placemark>
    <name> </name>
    <description>(731) 845-9462  04/04/11 13:46:00</description>
    <styleUrl>#defaultStyle</styleUrl>
    <Point>
        <coordinates>-80.1691032927,25.9566543988,500.0</coordinates>
    </Point>
</Placemark>
<Placemark>
    <name> </name>
    <description>(731) 845-9462  04/04/11 13:46:00</description>
    <styleUrl>#defaultStyle</styleUrl>
    <Point>
        <coordinates>-80.1703743438,25.9556614967,500.0</coordinates>
    </Point>
</Placemark>
<Placemark>
    <name> </name>
    <description>(731) 845-9462  04/04/11 13:46:00</description>
    <styleUrl>#defaultStyle</styleUrl>
    <Point>
        <coordinates>-80.1716831813,25.9547090696,500.0</coordinates>
    </Point>
</Placemark>
<Placemark>
    <name> </name>
    <description>(731) 845-9462  04/04/11 13:46:00</description>
    <styleUrl>#defaultStyle</styleUrl>
    <Point>
        <coordinates>-80.1730282107,25.9537982769,500.0</coordinates>
    </Point>
</Placemark>
<Placemark>
    <name> </name>
    <description>(731) 845-9462  04/04/11 13:46:00</description>
    <styleUrl>#defaultStyle</styleUrl>
    <Point>
        <coordinates>-80.1744077933,25.9529302274,500.0</coordinates>
    </Point>
</Placemark>
<Placemark>
    <name> </name>
    <description>(731) 845-9462  04/04/11 13:46:00</description>
    <styleUrl>#defaultStyle</styleUrl>
    <Point>
        <coordinates>-80.1758202482,25.9521059776,500.0</coordinates>
    </Point>
</Placemark>
<Placemark>
    <name> </name>
    <description>(731) 845-9462  04/04/11 13:46:00</description>
    <styleUrl>#defaultStyle</styleUrl>
    <Point>
        <coordinates>-80.1772638545,25.9513265308,500.0</coordinates>
    </Point>
</Placemark>
<Placemark>
    <name> </name>
    <description>(731) 845-9462  04/04/11 13:46:00</description>
    <styleUrl>#defaultStyle</styleUrl>
    <Point>
        <coordinates>-80.1787368536,25.9505928358,500.0</coordinates>
    </Point>
</Placemark>
<Placemark>
    <name> </name>
    <description>(731) 845-9462  04/04/11 13:46:00</description>
    <styleUrl>#defaultStyle</styleUrl>
    <Point>
        <coordinates>-80.1802374506,25.9499057856,500.0</coordinates>
    </Point>
</Placemark>
<Placemark>
    <name> </name>
    <description>(731) 845-9462  04/04/11 13:46:00</description>
    <styleUrl>#defaultStyle</styleUrl>
    <Point>
        <coordinates>-80.1817638175,25.9492662164,500.0</coordinates>
    </Point>
</Placemark>
<Placemark>
    <name> </name>
    <description>(731) 845-9462  04/04/11 13:46:00</description>
    <styleUrl>#defaultStyle</styleUrl>
    <Point>
        <coordinates>-80.1833140946,25.9486749067,500.0</coordinates>
    </Point>
</Placemark>
<Placemark>
    <name> </name>
    <description>(731) 845-9462  04/04/11 13:46:00</description>
    <styleUrl>#defaultStyle</styleUrl>
    <Point>
        <coordinates>-80.184886393,25.9481325761,500.0</coordinates>
    </Point>
</Placemark>
<Placemark>
    <name> </name>
    <description>(731) 845-9462  04/04/11 13:46:00</description>
    <styleUrl>#defaultStyle</styleUrl>
    <Point>
        <coordinates>-80.1864787971,25.9476398848,500.0</coordinates>
    </Point>
</Placemark>
<Placemark>
    <name> </name>
    <description>(731) 845-9462  04/04/11 13:46:00</description>
    <styleUrl>#defaultStyle</styleUrl>
    <Point>
        <coordinates>-80.188089367,25.9471974323,500.0</coordinates>
    </Point>
</Placemark>
<Placemark>
    <name> </name>
    <description>(731) 845-9462  04/04/11 13:46:00</description>
    <styleUrl>#defaultStyle</styleUrl>
    <Point>
        <coordinates>-80.1897161403,25.9468057572,500.0</coordinates>
    </Point>
</Placemark>
<Placemark>
    <name> </name>
    <description>(731) 845-9462  04/04/11 13:46:00</description>
    <styleUrl>#defaultStyle</styleUrl>
    <Point>
        <coordinates>-80.191357135,25.9464653362,500.0</coordinates>
    </Point>
</Placemark>
<Placemark>
    <name> </name>
    <description>(731) 845-9462  04/04/11 13:46:00</description>
    <styleUrl>#defaultStyle</styleUrl>
    <Point>
        <coordinates>-80.193010352,25.9461765834,500.0</coordinates>
    </Point>
</Placemark>
<Placemark>
    <name> </name>
    <description>(731) 845-9462  04/04/11 13:46:00</description>
    <styleUrl>#defaultStyle</styleUrl>
    <Point>
        <coordinates>-80.1946737768,25.9459398505,500.0</coordinates>
    </Point>
</Placemark>
<Placemark>
    <name> </name>
    <description>(731) 845-9462  04/04/11 13:46:00</description>
    <styleUrl>#defaultStyle</styleUrl>
    <Point>
        <coordinates>-80.1963453831,25.9457554254,500.0</coordinates>
    </Point>
</Placemark>
<Placemark>
    <name> </name>
    <description>(731) 845-9462  04/04/11 13:46:00</description>
    <styleUrl>#defaultStyle</styleUrl>
    <Point>
        <coordinates>-80.198023134,25.9456235327,500.0</coordinates>
    </Point>
</Placemark>
<Placemark>
    <name> </name>
    <description>(731) 845-9462  04/04/11 13:46:00</description>
    <styleUrl>#defaultStyle</styleUrl>
    <Point>
        <coordinates>-80.1997049857,25.9455443328,500.0</coordinates>
    </Point>
</Placemark>
<Placemark>
    <name> </name>
    <description>(731) 845-9462  04/04/11 13:46:00</description>
    <styleUrl>#defaultStyle</styleUrl>
    <Point>
        <coordinates>-80.2013888889,25.9455179221,500.0</coordinates>
    </Point>
</Placemark>
<Placemark>
    <name> </name>
    <description>(731) 845-9462  04/04/11 13:46:00</description>
    <styleUrl>#defaultStyle</styleUrl>
    <Point>
        <coordinates>-80.2030727921,25.9455443328,500.0</coordinates>
    </Point>
</Placemark>
<Placemark>
    <name> </name>
    <description>(731) 845-9462  04/04/11 13:46:00</description>
    <styleUrl>#defaultStyle</styleUrl>
    <Point>
        <coordinates>-80.2047546437,25.9456235327,500.0</coordinates>
    </Point>
</Placemark>
<Placemark>
    <name> </name>
    <description>(731) 845-9462  04/04/11 13:46:00</description>
    <styleUrl>#defaultStyle</styleUrl>
    <Point>
        <coordinates>-80.2064323947,25.9457554254,500.0</coordinates>
    </Point>
</Placemark>
<Placemark>
    <name> </name>
    <description>(731) 845-9462  04/04/11 13:46:00</description>
    <styleUrl>#defaultStyle</styleUrl>
    <Point>
        <coordinates>-80.2081040009,25.9459398505,500.0</coordinates>
    </Point>
</Placemark>
<Placemark>
    <name> </name>
    <description>(731) 845-9462  04/04/11 13:46:00</description>
    <styleUrl>#defaultStyle</styleUrl>
    <Point>
        <coordinates>-80.2097674258,25.9461765834,500.0</coordinates>
    </Point>
</Placemark>
<Placemark>
    <name> 1691834242</name>
    <description>(731) 733-0139  02/20/11 19:20:00</description>
    <styleUrl>#defaultStyle</styleUrl>
    <Point>
        <coordinates>-86.5127777778,35.9191666667,500.0</coordinates>
    </Point>
</Placemark>
<Placemark>
    <name> 1691834242</name>
    <description>(731) 733-0139  02/20/11 19:20:00</description>
    <styleUrl>#defaultStyle</styleUrl>
    <Point>
        <coordinates>-86.4663981086,35.9408432278,500.0</coordinates>
    </Point>
</Placemark>
<Placemark>
    <name> 1691834242</name>
    <description>(731) 733-0139  02/20/11 19:20:00</description>
    <styleUrl>#defaultStyle</styleUrl>
    <Point>
        <coordinates>-86.4654918474,35.9395188282,500.0</coordinates>
    </Point>
</Placemark>
<Placemark>
    <name> 1691834242</name>
    <description>(731) 733-0139  02/20/11 19:20:00</description>
    <styleUrl>#defaultStyle</styleUrl>
    <Point>
        <coordinates>-86.4646431969,35.9381696374,500.0</coordinates>
    </Point>
</Placemark>
<Placemark>
    <name> 1691834242</name>
    <description>(731) 733-0139  02/20/11 19:20:00</description>
    <styleUrl>#defaultStyle</styleUrl>
    <Point>
        <coordinates>-86.4638531909,35.9367973007,500.0</coordinates>
    </Point>
</Placemark>
<Placemark>
    <name> 1691834242</name>
    <description>(731) 733-0139  02/20/11 19:20:00</description>
    <styleUrl>#defaultStyle</styleUrl>
    <Point>
        <coordinates>-86.463122792,35.935403491,500.0</coordinates>
    </Point>
</Placemark>
<Placemark>
    <name> 1691834242</name>
    <description>(731) 733-0139  02/20/11 19:20:00</description>
    <styleUrl>#defaultStyle</styleUrl>
    <Point>
        <coordinates>-86.4624528901,35.9339899077,500.0</coordinates>
    </Point>
</Placemark>
<Placemark>
    <name> 1691834242</name>
    <description>(731) 733-0139  02/20/11 19:20:00</description>
    <styleUrl>#defaultStyle</styleUrl>
    <Point>
        <coordinates>-86.4618443012,35.932558274,500.0</coordinates>
    </Point>
</Placemark>
<Placemark>
    <name> 1691834242</name>
    <description>(731) 733-0139  02/20/11 19:20:00</description>
    <styleUrl>#defaultStyle</styleUrl>
    <Point>
        <coordinates>-86.4612977669,35.931110335,500.0</coordinates>
    </Point>
</Placemark>
<Placemark>
    <name> 1691834242</name>
    <description>(731) 733-0139  02/20/11 19:20:00</description>
    <styleUrl>#defaultStyle</styleUrl>
    <Point>
        <coordinates>-86.460813953,35.9296478557,500.0</coordinates>
    </Point>
</Placemark>
<Placemark>
    <name> 1691834242</name>
    <description>(731) 733-0139  02/20/11 19:20:00</description>
    <styleUrl>#defaultStyle</styleUrl>
    <Point>
        <coordinates>-86.4603934491,35.9281726186,500.0</coordinates>
    </Point>
</Placemark>
<Placemark>
    <name> 1691834242</name>
    <description>(731) 733-0139  02/20/11 19:20:00</description>
    <styleUrl>#defaultStyle</styleUrl>
    <Point>
        <coordinates>-86.4600367673,35.9266864218,500.0</coordinates>
    </Point>
</Placemark>
<Placemark>
    <name> 1691834242</name>
    <description>(731) 733-0139  02/20/11 19:20:00</description>
    <styleUrl>#defaultStyle</styleUrl>
    <Point>
        <coordinates>-86.4597443423,35.9251910765,500.0</coordinates>
    </Point>
</Placemark>
<Placemark>
    <name> 1691834242</name>
    <description>(731) 733-0139  02/20/11 19:20:00</description>
    <styleUrl>#defaultStyle</styleUrl>
    <Point>
        <coordinates>-86.4595165304,35.923688405,500.0</coordinates>
    </Point>
</Placemark>
<Placemark>
    <name> 1691834242</name>
    <description>(731) 733-0139  02/20/11 19:20:00</description>
    <styleUrl>#defaultStyle</styleUrl>
    <Point>
        <coordinates>-86.459353609,35.9221802385,500.0</coordinates>
    </Point>
</Placemark>
<Placemark>
    <name> 1691834242</name>
    <description>(731) 733-0139  02/20/11 19:20:00</description>
    <styleUrl>#defaultStyle</styleUrl>
    <Point>
        <coordinates>-86.4592557767,35.9206684147,500.0</coordinates>
    </Point>
</Placemark>
<Placemark>
    <name> 1691834242</name>
    <description>(731) 733-0139  02/20/11 19:20:00</description>
    <styleUrl>#defaultStyle</styleUrl>
    <Point>
        <coordinates>-86.4592231527,35.9191547757,500.0</coordinates>
    </Point>
</Placemark>
<Placemark>
    <name> 1691834242</name>
    <description>(731) 733-0139  02/20/11 19:20:00</description>
    <styleUrl>#defaultStyle</styleUrl>
    <Point>
        <coordinates>-86.4592557767,35.9176411656,500.0</coordinates>
    </Point>
</Placemark>
<Placemark>
    <name> 1691834242</name>
    <description>(731) 733-0139  02/20/11 19:20:00</description>
    <styleUrl>#defaultStyle</styleUrl>
    <Point>
        <coordinates>-86.459353609,35.9161294286,500.0</coordinates>
    </Point>
</Placemark>
<Placemark>
    <name> 1691834242</name>
    <description>(731) 733-0139  02/20/11 19:20:00</description>
    <styleUrl>#defaultStyle</styleUrl>
    <Point>
        <coordinates>-86.4595165304,35.9146214062,500.0</coordinates>
    </Point>
</Placemark>
<Placemark>
    <name> 1691834242</name>
    <description>(731) 733-0139  02/20/11 19:20:00</description>
    <styleUrl>#defaultStyle</styleUrl>
    <Point>
        <coordinates>-86.4597443423,35.9131189355,500.0</coordinates>
    </Point>
</Placemark>
<Placemark>
    <name> 1691834242</name>
    <description>(731) 733-0139  02/20/11 19:20:00</description>
    <styleUrl>#defaultStyle</styleUrl>
    <Point>
        <coordinates>-86.4600367673,35.9116238467,500.0</coordinates>
    </Point>
</Placemark>
<Placemark>
    <name> 1691834242</name>
    <description>(731) 733-0139  02/20/11 19:20:00</description>
    <styleUrl>#defaultStyle</styleUrl>
    <Point>
        <coordinates>-86.4603934491,35.9101379608,500.0</coordinates>
    </Point>
</Placemark>
<Placemark>
    <name> 1691834242</name>
    <description>(731) 733-0139  02/20/11 19:20:00</description>
    <styleUrl>#defaultStyle</styleUrl>
    <Point>
        <coordinates>-86.460813953,35.9086630876,500.0</coordinates>
    </Point>
</Placemark>
<Placemark>
    <name> 1691834242</name>
    <description>(731) 733-0139  02/20/11 19:20:00</description>
    <styleUrl>#defaultStyle</styleUrl>
    <Point>
        <coordinates>-86.4612977669,35.9072010232,500.0</coordinates>
    </Point>
</Placemark>
<Placemark>
    <name> 1691834242</name>
    <description>(731) 733-0139  02/20/11 19:20:00</description>
    <styleUrl>#defaultStyle</styleUrl>
    <Point>
        <coordinates>-86.4618443012,35.9057535484,500.0</coordinates>
    </Point>
</Placemark>
<Placemark>
    <name> 1691834242</name>
    <description>(731) 733-0139  02/20/11 19:20:00</description>
    <styleUrl>#defaultStyle</styleUrl>
    <Point>
        <coordinates>-86.4624528901,35.9043224256,500.0</coordinates>
    </Point>
</Placemark>
<Placemark>
    <name> 1691834242</name>
    <description>(731) 733-0139  02/20/11 19:20:00</description>
    <styleUrl>#defaultStyle</styleUrl>
    <Point>
        <coordinates>-86.463122792,35.9029093977,500.0</coordinates>
    </Point>
</Placemark>
<Placemark>
    <name> 1691834242</name>
    <description>(731) 733-0139  02/20/11 19:20:00</description>
    <styleUrl>#defaultStyle</styleUrl>
    <Point>
        <coordinates>-86.4638531909,35.901516185,500.0</coordinates>
    </Point>
</Placemark>
<Placemark>
    <name> 1691834242</name>
    <description>(731) 733-0139  02/20/11 19:20:00</description>
    <styleUrl>#defaultStyle</styleUrl>
    <Point>
        <coordinates>-86.4646431969,35.9001444841,500.0</coordinates>
    </Point>
</Placemark>
<Placemark>
    <name> 1691834242</name>
    <description>(731) 733-0139  02/20/11 19:20:00</description>
    <styleUrl>#defaultStyle</styleUrl>
    <Point>
        <coordinates>-86.4654918474,35.8987959648,500.0</coordinates>
    </Point>
</Placemark>
<Placemark>
    <name> 1691834242</name>
    <description>(731) 733-0139  02/20/11 19:20:00</description>
    <styleUrl>#defaultStyle</styleUrl>
    <Point>
        <coordinates>-86.4663981086,35.897472269,500.0</coordinates>
    </Point>
</Placemark>
<Placemark>
    <name> 1691834242</name>
    <description>(731) 733-0139  02/20/11 19:20:00</description>
    <styleUrl>#defaultStyle</styleUrl>
    <Point>
        <coordinates>-86.4673608762,35.8961750081,500.0</coordinates>
    </Point>
</Placemark>
<Placemark>
    <name> 1691834242</name>
    <description>(731) 733-0139  02/20/11 19:20:00</description>
    <styleUrl>#defaultStyle</styleUrl>
    <Point>
        <coordinates>-86.4683789774,35.8949057612,500.0</coordinates>
    </Point>
</Placemark>
<Placemark>
    <name> 1691834242</name>
    <description>(731) 733-0139  02/20/11 19:20:00</description>
    <styleUrl>#defaultStyle</styleUrl>
    <Point>
        <coordinates>-86.4694511716,35.8936660734,500.0</coordinates>
    </Point>
</Placemark>
<Placemark>
    <name> 1691834242</name>
    <description>(731) 733-0139  02/20/11 19:20:00</description>
    <styleUrl>#defaultStyle</styleUrl>
    <Point>
        <coordinates>-86.4705761526,35.8924574535,500.0</coordinates>
    </Point>
</Placemark>
<Placemark>
    <name> 1691834242</name>
    <description>(731) 733-0139  02/20/11 19:20:00</description>
    <styleUrl>#defaultStyle</styleUrl>
    <Point>
        <coordinates>-86.4717525499,35.8912813727,500.0</coordinates>
    </Point>
</Placemark>
<Placemark>
    <name> 1691834242</name>
    <description>(731) 733-0139  02/20/11 19:20:00</description>
    <styleUrl>#defaultStyle</styleUrl>
    <Point>
        <coordinates>-86.4729789301,35.8901392623,500.0</coordinates>
    </Point>
</Placemark>
<Placemark>
    <name> 1691834242</name>
    <description>(731) 733-0139  02/20/11 19:20:00</description>
    <styleUrl>#defaultStyle</styleUrl>
    <Point>
        <coordinates>-86.474253799,35.8890325124,500.0</coordinates>
    </Point>
</Placemark>
<Placemark>
    <name> 1691834242</name>
    <description>(731) 733-0139  02/20/11 19:20:00</description>
    <styleUrl>#defaultStyle</styleUrl>
    <Point>
        <coordinates>-86.4755756036,35.8879624698,500.0</coordinates>
    </Point>
</Placemark>
<Placemark>
    <name> 1691834242</name>
    <description>(731) 733-0139  02/20/11 19:20:00</description>
    <styleUrl>#defaultStyle</styleUrl>
    <Point>
        <coordinates>-86.4769427333,35.8869304366,500.0</coordinates>
    </Point>
</Placemark>
<Placemark>
    <name> 1691834242</name>
    <description>(731) 733-0139  02/20/11 19:20:00</description>
    <styleUrl>#defaultStyle</styleUrl>
    <Point>
        <coordinates>-86.4783535224,35.8859376689,500.0</coordinates>
    </Point>
</Placemark>
<Placemark>
    <name> 1691834242</name>
    <description>(731) 733-0139  02/20/11 19:20:00</description>
    <styleUrl>#defaultStyle</styleUrl>
    <Point>
        <coordinates>-86.4798062523,35.8849853745,500.0</coordinates>
    </Point>
</Placemark>
<Placemark>
    <name> 1691834242</name>
    <description>(731) 733-0139  02/20/11 19:20:00</description>
    <styleUrl>#defaultStyle</styleUrl>
    <Point>
        <coordinates>-86.481299153,35.8840747122,500.0</coordinates>
    </Point>
</Placemark>
<Placemark>
    <name> 1691834242</name>
    <description>(731) 733-0139  02/20/11 19:20:00</description>
    <styleUrl>#defaultStyle</styleUrl>
    <Point>
        <coordinates>-86.4828304055,35.8832067901,500.0</coordinates>
    </Point>
</Placemark>
<Placemark>
    <name> 1691834242</name>
    <description>(731) 733-0139  02/20/11 19:20:00</description>
    <styleUrl>#defaultStyle</styleUrl>
    <Point>
        <coordinates>-86.4843981443,35.8823826642,500.0</coordinates>
    </Point>
</Placemark>
<Placemark>
    <name> 1691834242</name>
    <description>(731) 733-0139  02/20/11 19:20:00</description>
    <styleUrl>#defaultStyle</styleUrl>
    <Point>
        <coordinates>-86.4860004594,35.8816033372,500.0</coordinates>
    </Point>
</Placemark>
<Placemark>
    <name> 1691834242</name>
    <description>(731) 733-0139  02/20/11 19:20:00</description>
    <styleUrl>#defaultStyle</styleUrl>
    <Point>
        <coordinates>-86.4876353985,35.8808697572,500.0</coordinates>
    </Point>
</Placemark>
<Placemark>
    <name> 1691834242</name>
    <description>(731) 733-0139  02/20/11 19:20:00</description>
    <styleUrl>#defaultStyle</styleUrl>
    <Point>
        <coordinates>-86.4893009698,35.8801828167,500.0</coordinates>
    </Point>
</Placemark>
<Placemark>
    <name> 1691834242</name>
    <description>(731) 733-0139  02/20/11 19:20:00</description>
    <styleUrl>#defaultStyle</styleUrl>
    <Point>
        <coordinates>-86.4909951441,35.8795433514,500.0</coordinates>
    </Point>
</Placemark>
<Placemark>
    <name> 1691834242</name>
    <description>(731) 733-0139  02/20/11 19:20:00</description>
    <styleUrl>#defaultStyle</styleUrl>
    <Point>
        <coordinates>-86.4927158571,35.8789521392,500.0</coordinates>
    </Point>
</Placemark>
<Placemark>
    <name> 1691834242</name>
    <description>(731) 733-0139  02/20/11 19:20:00</description>
    <styleUrl>#defaultStyle</styleUrl>
    <Point>
        <coordinates>-86.4944610125,35.8784098994,500.0</coordinates>
    </Point>
</Placemark>
<Placemark>
    <name> 1691834242</name>
    <description>(731) 733-0139  02/20/11 19:20:00</description>
    <styleUrl>#defaultStyle</styleUrl>
    <Point>
        <coordinates>-86.4962284841,35.8779172916,500.0</coordinates>
    </Point>
</Placemark>
<Placemark>
    <name> 1691834242</name>
    <description>(731) 733-0139  02/20/11 19:20:00</description>
    <styleUrl>#defaultStyle</styleUrl>
    <Point>
        <coordinates>-86.4980161186,35.8774749149,500.0</coordinates>
    </Point>
</Placemark>
<Placemark>
    <name> 1691834242</name>
    <description>(731) 733-0139  02/20/11 19:20:00</description>
    <styleUrl>#defaultStyle</styleUrl>
    <Point>
        <coordinates>-86.4998217378,35.8770833076,500.0</coordinates>
    </Point>
</Placemark>
<Placemark>
    <name> 1691834242</name>
    <description>(731) 733-0139  02/20/11 19:20:00</description>
    <styleUrl>#defaultStyle</styleUrl>
    <Point>
        <coordinates>-86.501643142,35.876742946,500.0</coordinates>
    </Point>
</Placemark>
<Placemark>
    <name> 1691834242</name>
    <description>(731) 733-0139  02/20/11 19:20:00</description>
    <styleUrl>#defaultStyle</styleUrl>
    <Point>
        <coordinates>-86.5034781121,35.8764542441,500.0</coordinates>
    </Point>
</Placemark>
<Placemark>
    <name> 1691834242</name>
    <description>(731) 733-0139  02/20/11 19:20:00</description>
    <styleUrl>#defaultStyle</styleUrl>
    <Point>
        <coordinates>-86.5053244124,35.876217553,500.0</coordinates>
    </Point>
</Placemark>
<Placemark>
    <name> 1691834242</name>
    <description>(731) 733-0139  02/20/11 19:20:00</description>
    <styleUrl>#defaultStyle</styleUrl>
    <Point>
        <coordinates>-86.5071797935,35.8760331608,500.0</coordinates>
    </Point>
</Placemark>
<Placemark>
    <name> 1691834242</name>
    <description>(731) 733-0139  02/20/11 19:20:00</description>
    <styleUrl>#defaultStyle</styleUrl>
    <Point>
        <coordinates>-86.5090419949,35.8759012916,500.0</coordinates>
    </Point>
</Placemark>
<Placemark>
    <name> 1691834242</name>
    <description>(731) 733-0139  02/20/11 19:20:00</description>
    <styleUrl>#defaultStyle</styleUrl>
    <Point>
        <coordinates>-86.5109087478,35.8758221058,500.0</coordinates>
    </Point>
</Placemark>
<Placemark>
    <name> 1691834242</name>
    <description>(731) 733-0139  02/20/11 19:20:00</description>
    <styleUrl>#defaultStyle</styleUrl>
    <Point>
        <coordinates>-86.5127777778,35.8757956999,500.0</coordinates>
    </Point>
</Placemark>
<Placemark>
    <name>NS3906 TRUCK YARD (SO CAMDEN) 1601939068</name>
    <description>(731) 220-0597  02/20/11 10:21:00</description>
    <styleUrl>#defaultStyle</styleUrl>
    <Point>
        <coordinates>-122.1436111111,47.5952777778,0.0</coordinates>
    </Point>
</Placemark>
<Placemark>
    <name>CR1189 BELLS 1600611892</name>
    <description>(731) 549-7798  02/13/11 08:41:00</description>
    <styleUrl>#defaultStyle</styleUrl>
    <Point>
        <coordinates>-89.0131784088,35.7027501104,500.0</coordinates>
    </Point>
</Placemark>
<Placemark>
    <name>CR1189 BELLS 1600611892</name>
    <description>(731) 549-7798  02/13/11 08:41:00</description>
    <styleUrl>#defaultStyle</styleUrl>
    <Point>
        <coordinates>-89.0141388176,35.7014528469,500.0</coordinates>
    </Point>
</Placemark>
<Placemark>
    <name>CR1189 BELLS 1600611892</name>
    <description>(731) 549-7798  02/13/11 08:41:00</description>
    <styleUrl>#defaultStyle</styleUrl>
    <Point>
        <coordinates>-89.0151544243,35.7001835973,500.0</coordinates>
    </Point>
</Placemark>
<Placemark>
    <name>CR1189 BELLS 1600611892</name>
    <description>(731) 549-7798  02/13/11 08:41:00</description>
    <styleUrl>#defaultStyle</styleUrl>
    <Point>
        <coordinates>-89.0162239916,35.6989439066,500.0</coordinates>
    </Point>
</Placemark>
<Placemark>
    <name>CR1189 BELLS 1600611892</name>
    <description>(731) 549-7798  02/13/11 08:41:00</description>
    <styleUrl>#defaultStyle</styleUrl>
    <Point>
        <coordinates>-89.0173462163,35.6977352839,500.0</coordinates>
    </Point>
</Placemark>
<Placemark>
    <name>CR1189 BELLS 1600611892</name>
    <description>(731) 549-7798  02/13/11 08:41:00</description>
    <styleUrl>#defaultStyle</styleUrl>
    <Point>
        <coordinates>-89.0185197313,35.6965592002,500.0</coordinates>
    </Point>
</Placemark>
<Placemark>
    <name>CR1189 BELLS 1600611892</name>
    <description>(731) 549-7798  02/13/11 08:41:00</description>
    <styleUrl>#defaultStyle</styleUrl>
    <Point>
        <coordinates>-89.0197431068,35.6954170869,500.0</coordinates>
    </Point>
</Placemark>
<Placemark>
    <name>CR1189 BELLS 1600611892</name>
    <description>(731) 549-7798  02/13/11 08:41:00</description>
    <styleUrl>#defaultStyle</styleUrl>
    <Point>
        <coordinates>-89.0210148523,35.694310334,500.0</coordinates>
    </Point>
</Placemark>
<Placemark>
    <name>CR1189 BELLS 1600611892</name>
    <description>(731) 549-7798  02/13/11 08:41:00</description>
    <styleUrl>#defaultStyle</styleUrl>
    <Point>
        <coordinates>-89.0223334183,35.6932402885,500.0</coordinates>
    </Point>
</Placemark>
<Placemark>
    <name>CR1189 BELLS 1600611892</name>
    <description>(731) 549-7798  02/13/11 08:41:00</description>
    <styleUrl>#defaultStyle</styleUrl>
    <Point>
        <coordinates>-89.0236971984,35.6922082524,500.0</coordinates>
    </Point>
</Placemark>
<Placemark>
    <name>CR1189 BELLS 1600611892</name>
    <description>(731) 549-7798  02/13/11 08:41:00</description>
    <styleUrl>#defaultStyle</styleUrl>
    <Point>
        <coordinates>-89.025104531,35.6912154817,500.0</coordinates>
    </Point>
</Placemark>
<Placemark>
    <name>CR1189 BELLS 1600611892</name>
    <description>(731) 549-7798  02/13/11 08:41:00</description>
    <styleUrl>#defaultStyle</styleUrl>
    <Point>
        <coordinates>-89.0265537016,35.6902631844,500.0</coordinates>
    </Point>
</Placemark>
<Placemark>
    <name>CR1189 BELLS 1600611892</name>
    <description>(731) 549-7798  02/13/11 08:41:00</description>
    <styleUrl>#defaultStyle</styleUrl>
    <Point>
        <coordinates>-89.0280429445,35.6893525193,500.0</coordinates>
    </Point>
</Placemark>
<Placemark>
    <name>CR1189 BELLS 1600611892</name>
    <description>(731) 549-7798  02/13/11 08:41:00</description>
    <styleUrl>#defaultStyle</styleUrl>
    <Point>
        <coordinates>-89.0295704454,35.6884845944,500.0</coordinates>
    </Point>
</Placemark>
<Placemark>
    <name>CR1189 BELLS 1600611892</name>
    <description>(731) 549-7798  02/13/11 08:41:00</description>
    <styleUrl>#defaultStyle</styleUrl>
    <Point>
        <coordinates>-89.0311343431,35.6876604658,500.0</coordinates>
    </Point>
</Placemark>
<Placemark>
    <name>CR1189 BELLS 1600611892</name>
    <description>(731) 549-7798  02/13/11 08:41:00</description>
    <styleUrl>#defaultStyle</styleUrl>
    <Point>
        <coordinates>-89.0327327324,35.6868811362,500.0</coordinates>
    </Point>
</Placemark>
<Placemark>
    <name>CR1189 BELLS 1600611892</name>
    <description>(731) 549-7798  02/13/11 08:41:00</description>
    <styleUrl>#defaultStyle</styleUrl>
    <Point>
        <coordinates>-89.0343636659,35.6861475537,500.0</coordinates>
    </Point>
</Placemark>
<Placemark>
    <name>CR1189 BELLS 1600611892</name>
    <description>(731) 549-7798  02/13/11 08:41:00</description>
    <styleUrl>#defaultStyle</styleUrl>
    <Point>
        <coordinates>-89.0360251564,35.6854606108,500.0</coordinates>
    </Point>
</Placemark>
<Placemark>
    <name>CR1189 BELLS 1600611892</name>
    <description>(731) 549-7798  02/13/11 08:41:00</description>
    <styleUrl>#defaultStyle</styleUrl>
    <Point>
        <coordinates>-89.0377151798,35.6848211432,500.0</coordinates>
    </Point>
</Placemark>
<Placemark>
    <name>CR1189 BELLS 1600611892</name>
    <description>(731) 549-7798  02/13/11 08:41:00</description>
    <styleUrl>#defaultStyle</styleUrl>
    <Point>
        <coordinates>-89.0394316769,35.6842299289,500.0</coordinates>
    </Point>
</Placemark>
<Placemark>
    <name>CR1189 BELLS 1600611892</name>
    <description>(731) 549-7798  02/13/11 08:41:00</description>
    <styleUrl>#defaultStyle</styleUrl>
    <Point>
        <coordinates>-89.0411725566,35.6836876871,500.0</coordinates>
    </Point>
</Placemark>
<Placemark>
    <name>CR1189 BELLS 1600611892</name>
    <description>(731) 549-7798  02/13/11 08:41:00</description>
    <styleUrl>#defaultStyle</styleUrl>
    <Point>
        <coordinates>-89.0429356978,35.6831950774,500.0</coordinates>
    </Point>
</Placemark>
<Placemark>
    <name>CR1189 BELLS 1600611892</name>
    <description>(731) 549-7798  02/13/11 08:41:00</description>
    <styleUrl>#defaultStyle</styleUrl>
    <Point>
        <coordinates>-89.0447189524,35.6827526991,500.0</coordinates>
    </Point>
</Placemark>
<Placemark>
    <name>CR1189 BELLS 1600611892</name>
    <description>(731) 549-7798  02/13/11 08:41:00</description>
    <styleUrl>#defaultStyle</styleUrl>
    <Point>
        <coordinates>-89.0465201477,35.6823610903,500.0</coordinates>
    </Point>
</Placemark>
<Placemark>
    <name>CR1189 BELLS 1600611892</name>
    <description>(731) 549-7798  02/13/11 08:41:00</description>
    <styleUrl>#defaultStyle</styleUrl>
    <Point>
        <coordinates>-89.0483370894,35.6820207274,500.0</coordinates>
    </Point>
</Placemark>
<Placemark>
    <name>CR1189 BELLS 1600611892</name>
    <description>(731) 549-7798  02/13/11 08:41:00</description>
    <styleUrl>#defaultStyle</styleUrl>
    <Point>
        <coordinates>-89.0501675636,35.6817320244,500.0</coordinates>
    </Point>
</Placemark>
<Placemark>
    <name>CR1189 BELLS 1600611892</name>
    <description>(731) 549-7798  02/13/11 08:41:00</description>
    <styleUrl>#defaultStyle</styleUrl>
    <Point>
        <coordinates>-89.0520093404,35.6814953324,500.0</coordinates>
    </Point>
</Placemark>
<Placemark>
    <name>CR1189 BELLS 1600611892</name>
    <description>(731) 549-7798  02/13/11 08:41:00</description>
    <styleUrl>#defaultStyle</styleUrl>
    <Point>
        <coordinates>-89.0538601756,35.6813109395,500.0</coordinates>
    </Point>
</Placemark>
<Placemark>
    <name>CR1189 BELLS 1600611892</name>
    <description>(731) 549-7798  02/13/11 08:41:00</description>
    <styleUrl>#defaultStyle</styleUrl>
    <Point>
        <coordinates>-89.0557178145,35.6811790697,500.0</coordinates>
    </Point>
</Placemark>
<Placemark>
    <name>CR1189 BELLS 1600611892</name>
    <description>(731) 549-7798  02/13/11 08:41:00</description>
    <styleUrl>#defaultStyle</styleUrl>
    <Point>
        <coordinates>-89.0575799937,35.6810998837,500.0</coordinates>
    </Point>
</Placemark>
<Placemark>
    <name>CR1189 BELLS 1600611892</name>
    <description>(731) 549-7798  02/13/11 08:41:00</description>
    <styleUrl>#defaultStyle</styleUrl>
    <Point>
        <coordinates>-89.0594444444,35.6810734776,500.0</coordinates>
    </Point>
</Placemark>
<Placemark>
    <name>CR1189 BELLS 1600611892</name>
    <description>(731) 549-7798  02/13/11 08:41:00</description>
    <styleUrl>#defaultStyle</styleUrl>
    <Point>
        <coordinates>-89.0613088952,35.6810998837,500.0</coordinates>
    </Point>
</Placemark>
<Placemark>
    <name>CR1189 BELLS 1600611892</name>
    <description>(731) 549-7798  02/13/11 08:41:00</description>
    <styleUrl>#defaultStyle</styleUrl>
    <Point>
        <coordinates>-89.0631710744,35.6811790697,500.0</coordinates>
    </Point>
</Placemark>
<Placemark>
    <name>CR1189 BELLS 1600611892</name>
    <description>(731) 549-7798  02/13/11 08:41:00</description>
    <styleUrl>#defaultStyle</styleUrl>
    <Point>
        <coordinates>-89.0650287132,35.6813109395,500.0</coordinates>
    </Point>
</Placemark>
<Placemark>
    <name>CR1189 BELLS 1600611892</name>
    <description>(731) 549-7798  02/13/11 08:41:00</description>
    <styleUrl>#defaultStyle</styleUrl>
    <Point>
        <coordinates>-89.0668795485,35.6814953324,500.0</coordinates>
    </Point>
</Placemark>
<Placemark>
    <name>CR1189 BELLS 1600611892</name>
    <description>(731) 549-7798  02/13/11 08:41:00</description>
    <styleUrl>#defaultStyle</styleUrl>
    <Point>
        <coordinates>-89.0687213253,35.6817320244,500.0</coordinates>
    </Point>
</Placemark>
<Placemark>
    <name>CR1189 BELLS 1600611892</name>
    <description>(731) 549-7798  02/13/11 08:41:00</description>
    <styleUrl>#defaultStyle</styleUrl>
    <Point>
        <coordinates>-89.0705517995,35.6820207274,500.0</coordinates>
    </Point>
</Placemark>
<Placemark>
    <name>CR1189 BELLS 1600611892</name>
    <description>(731) 549-7798  02/13/11 08:41:00</description>
    <styleUrl>#defaultStyle</styleUrl>
    <Point>
        <coordinates>-89.0723687412,35.6823610903,500.0</coordinates>
    </Point>
</Placemark>
<Placemark>
    <name>CR1189 BELLS 1600611892</name>
    <description>(731) 549-7798  02/13/11 08:41:00</description>
    <styleUrl>#defaultStyle</styleUrl>
    <Point>
        <coordinates>-89.0741699365,35.6827526991,500.0</coordinates>
    </Point>
</Placemark>
<Placemark>
    <name>CR1189 BELLS 1600611892</name>
    <description>(731) 549-7798  02/13/11 08:41:00</description>
    <styleUrl>#defaultStyle</styleUrl>
    <Point>
        <coordinates>-89.0759531911,35.6831950774,500.0</coordinates>
    </Point>
</Placemark>
<Placemark>
    <name>CR1189 BELLS 1600611892</name>
    <description>(731) 549-7798  02/13/11 08:41:00</description>
    <styleUrl>#defaultStyle</styleUrl>
    <Point>
        <coordinates>-89.0777163323,35.6836876871,500.0</coordinates>
    </Point>
</Placemark>
<Placemark>
    <name>CR1189 BELLS 1600611892</name>
    <description>(731) 549-7798  02/13/11 08:41:00</description>
    <styleUrl>#defaultStyle</styleUrl>
    <Point>
        <coordinates>-89.079457212,35.6842299289,500.0</coordinates>
    </Point>
</Placemark>
<Placemark>
    <name>CR1189 BELLS 1600611892</name>
    <description>(731) 549-7798  02/13/11 08:41:00</description>
    <styleUrl>#defaultStyle</styleUrl>
    <Point>
        <coordinates>-89.0811737091,35.6848211432,500.0</coordinates>
    </Point>
</Placemark>
<Placemark>
    <name>CR1189 BELLS 1600611892</name>
    <description>(731) 549-7798  02/13/11 08:41:00</description>
    <styleUrl>#defaultStyle</styleUrl>
    <Point>
        <coordinates>-89.0828637325,35.6854606108,500.0</coordinates>
    </Point>
</Placemark>
<Placemark>
    <name>CR1189 BELLS 1600611892</name>
    <description>(731) 549-7798  02/13/11 08:41:00</description>
    <styleUrl>#defaultStyle</styleUrl>
    <Point>
        <coordinates>-89.084525223,35.6861475537,500.0</coordinates>
    </Point>
</Placemark>
<Placemark>
    <name>CR1189 BELLS 1600611892</name>
    <description>(731) 549-7798  02/13/11 08:41:00</description>
    <styleUrl>#defaultStyle</styleUrl>
    <Point>
        <coordinates>-89.0861561565,35.6868811362,500.0</coordinates>
    </Point>
</Placemark>
<Placemark>
    <name>CR1189 BELLS 1600611892</name>
    <description>(731) 549-7798  02/13/11 08:41:00</description>
    <styleUrl>#defaultStyle</styleUrl>
    <Point>
        <coordinates>-89.0877545457,35.6876604658,500.0</coordinates>
    </Point>
</Placemark>
<Placemark>
    <name>CR1189 BELLS 1600611892</name>
    <description>(731) 549-7798  02/13/11 08:41:00</description>
    <styleUrl>#defaultStyle</styleUrl>
    <Point>
        <coordinates>-89.0893184435,35.6884845944,500.0</coordinates>
    </Point>
</Placemark>
<Placemark>
    <name>CR1189 BELLS 1600611892</name>
    <description>(731) 549-7798  02/13/11 08:41:00</description>
    <styleUrl>#defaultStyle</styleUrl>
    <Point>
        <coordinates>-89.0908459443,35.6893525193,500.0</coordinates>
    </Point>
</Placemark>
<Placemark>
    <name>CR1189 BELLS 1600611892</name>
    <description>(731) 549-7798  02/13/11 08:41:00</description>
    <styleUrl>#defaultStyle</styleUrl>
    <Point>
        <coordinates>-89.0923351873,35.6902631844,500.0</coordinates>
    </Point>
</Placemark>
<Placemark>
    <name>CR1189 BELLS 1600611892</name>
    <description>(731) 549-7798  02/13/11 08:41:00</description>
    <styleUrl>#defaultStyle</styleUrl>
    <Point>
        <coordinates>-89.0937843578,35.6912154817,500.0</coordinates>
    </Point>
</Placemark>
<Placemark>
    <name>CR1189 BELLS 1600611892</name>
    <description>(731) 549-7798  02/13/11 08:41:00</description>
    <styleUrl>#defaultStyle</styleUrl>
    <Point>
        <coordinates>-89.0951916905,35.6922082524,500.0</coordinates>
    </Point>
</Placemark>
<Placemark>
    <name>CR1189 BELLS 1600611892</name>
    <description>(731) 549-7798  02/13/11 08:41:00</description>
    <styleUrl>#defaultStyle</styleUrl>
    <Point>
        <coordinates>-89.0965554706,35.6932402885,500.0</coordinates>
    </Point>
</Placemark>
<Placemark>
    <name>CR1189 BELLS 1600611892</name>
    <description>(731) 549-7798  02/13/11 08:41:00</description>
    <styleUrl>#defaultStyle</styleUrl>
    <Point>
        <coordinates>-89.0978740366,35.694310334,500.0</coordinates>
    </Point>
</Placemark>
<Placemark>
    <name>CR1189 BELLS 1600611892</name>
    <description>(731) 549-7798  02/13/11 08:41:00</description>
    <styleUrl>#defaultStyle</styleUrl>
    <Point>
        <coordinates>-89.0991457821,35.6954170869,500.0</coordinates>
    </Point>
</Placemark>
<Placemark>
    <name>CR1189 BELLS 1600611892</name>
    <description>(731) 549-7798  02/13/11 08:41:00</description>
    <styleUrl>#defaultStyle</styleUrl>
    <Point>
        <coordinates>-89.1003691576,35.6965592002,500.0</coordinates>
    </Point>
</Placemark>
<Placemark>
    <name>CR1189 BELLS 1600611892</name>
    <description>(731) 549-7798  02/13/11 08:41:00</description>
    <styleUrl>#defaultStyle</styleUrl>
    <Point>
        <coordinates>-89.1015426725,35.6977352839,500.0</coordinates>
    </Point>
</Placemark>
<Placemark>
    <name>CR1189 BELLS 1600611892</name>
    <description>(731) 549-7798  02/13/11 08:41:00</description>
    <styleUrl>#defaultStyle</styleUrl>
    <Point>
        <coordinates>-89.1026648973,35.6989439066,500.0</coordinates>
    </Point>
</Placemark>
<Placemark>
    <name>CR1189 BELLS 1600611892</name>
    <description>(731) 549-7798  02/13/11 08:41:00</description>
    <styleUrl>#defaultStyle</styleUrl>
    <Point>
        <coordinates>-89.1037344646,35.7001835973,500.0</coordinates>
    </Point>
</Placemark>
<Placemark>
    <name>CR1189 BELLS 1600611892</name>
    <description>(731) 549-7798  02/13/11 08:41:00</description>
    <styleUrl>#defaultStyle</styleUrl>
    <Point>
        <coordinates>-89.1047500713,35.7014528469,500.0</coordinates>
    </Point>
</Placemark>
<Placemark>
    <name>NS3902 PARIS 1604239023</name>
    <description>(731) 439-5644  04/11/11 19:19:00</description>
    <styleUrl>#defaultStyle</styleUrl>
    <Point>
        <coordinates>-88.3985508668,36.2805276985,500.0</coordinates>
    </Point>
</Placemark>
<Placemark>
    <name>NS3902 PARIS 1604239023</name>
    <description>(731) 439-5644  04/11/11 19:19:00</description>
    <styleUrl>#defaultStyle</styleUrl>
    <Point>
        <coordinates>-88.3994615587,36.2818513894,500.0</coordinates>
    </Point>
</Placemark>
<Placemark>
    <name>NS3902 PARIS 1604239023</name>
    <description>(731) 439-5644  04/11/11 19:19:00</description>
    <styleUrl>#defaultStyle</styleUrl>
    <Point>
        <coordinates>-88.4003143583,36.2831999039,500.0</coordinates>
    </Point>
</Placemark>
<Placemark>
    <name>NS3902 PARIS 1604239023</name>
    <description>(731) 439-5644  04/11/11 19:19:00</description>
    <styleUrl>#defaultStyle</styleUrl>
    <Point>
        <coordinates>-88.4011082267,36.2845716003,500.0</coordinates>
    </Point>
</Placemark>
<Placemark>
    <name>NS3902 PARIS 1604239023</name>
    <description>(731) 439-5644  04/11/11 19:19:00</description>
    <styleUrl>#defaultStyle</styleUrl>
    <Point>
        <coordinates>-88.4018421966,36.2859648087,500.0</coordinates>
    </Point>
</Placemark>
<Placemark>
    <name>NS3902 PARIS 1604239023</name>
    <description>(731) 439-5644  04/11/11 19:19:00</description>
    <styleUrl>#defaultStyle</styleUrl>
    <Point>
        <coordinates>-88.4025153737,36.2873778327,500.0</coordinates>
    </Point>
</Placemark>
<Placemark>
    <name>NS3902 PARIS 1604239023</name>
    <description>(731) 439-5644  04/11/11 19:19:00</description>
    <styleUrl>#defaultStyle</styleUrl>
    <Point>
        <coordinates>-88.403126938,36.2888089519,500.0</coordinates>
    </Point>
</Placemark>
<Placemark>
    <name>NS3902 PARIS 1604239023</name>
    <description>(731) 439-5644  04/11/11 19:19:00</description>
    <styleUrl>#defaultStyle</styleUrl>
    <Point>
        <coordinates>-88.4036761443,36.2902564235,500.0</coordinates>
    </Point>
</Placemark>
<Placemark>
    <name>NS3902 PARIS 1604239023</name>
    <description>(731) 439-5644  04/11/11 19:19:00</description>
    <styleUrl>#defaultStyle</styleUrl>
    <Point>
        <coordinates>-88.4041623236,36.2917184848,500.0</coordinates>
    </Point>
</Placemark>
<Placemark>
    <name>NS3902 PARIS 1604239023</name>
    <description>(731) 439-5644  04/11/11 19:19:00</description>
    <styleUrl>#defaultStyle</styleUrl>
    <Point>
        <coordinates>-88.4045848834,36.2931933555,500.0</coordinates>
    </Point>
</Placemark>
<Placemark>
    <name>NS3902 PARIS 1604239023</name>
    <description>(731) 439-5644  04/11/11 19:19:00</description>
    <styleUrl>#defaultStyle</styleUrl>
    <Point>
        <coordinates>-88.404943309,36.2946792392,500.0</coordinates>
    </Point>
</Placemark>
<Placemark>
    <name>NS3902 PARIS 1604239023</name>
    <description>(731) 439-5644  04/11/11 19:19:00</description>
    <styleUrl>#defaultStyle</styleUrl>
    <Point>
        <coordinates>-88.4052371637,36.2961743262,500.0</coordinates>
    </Point>
</Placemark>
<Placemark>
    <name>NS3902 PARIS 1604239023</name>
    <description>(731) 439-5644  04/11/11 19:19:00</description>
    <styleUrl>#defaultStyle</styleUrl>
    <Point>
        <coordinates>-88.4054660895,36.2976767955,500.0</coordinates>
    </Point>
</Placemark>
<Placemark>
    <name>NS3902 PARIS 1604239023</name>
    <description>(731) 439-5644  04/11/11 19:19:00</description>
    <styleUrl>#defaultStyle</styleUrl>
    <Point>
        <coordinates>-88.4056298074,36.2991848168,500.0</coordinates>
    </Point>
</Placemark>
<Placemark>
    <name>NS3902 PARIS 1604239023</name>
    <description>(731) 439-5644  04/11/11 19:19:00</description>
    <styleUrl>#defaultStyle</styleUrl>
    <Point>
        <coordinates>-88.405728118,36.3006965533,500.0</coordinates>
    </Point>
</Placemark>
<Placemark>
    <name>NS3902 PARIS 1604239023</name>
    <description>(731) 439-5644  04/11/11 19:19:00</description>
    <styleUrl>#defaultStyle</styleUrl>
    <Point>
        <coordinates>-88.4057609015,36.3022101631,500.0</coordinates>
    </Point>
</Placemark>
<Placemark>
    <name>NS3902 PARIS 1604239023</name>
    <description>(731) 439-5644  04/11/11 19:19:00</description>
    <styleUrl>#defaultStyle</styleUrl>
    <Point>
        <coordinates>-88.405728118,36.3037238023,500.0</coordinates>
    </Point>
</Placemark>
<Placemark>
    <name>NS3902 PARIS 1604239023</name>
    <description>(731) 439-5644  04/11/11 19:19:00</description>
    <styleUrl>#defaultStyle</styleUrl>
    <Point>
        <coordinates>-88.4056298074,36.3052356267,500.0</coordinates>
    </Point>
</Placemark>
<Placemark>
    <name>NS3902 PARIS 1604239023</name>
    <description>(731) 439-5644  04/11/11 19:19:00</description>
    <styleUrl>#defaultStyle</styleUrl>
    <Point>
        <coordinates>-88.4054660895,36.3067437942,500.0</coordinates>
    </Point>
</Placemark>
<Placemark>
    <name>NS3902 PARIS 1604239023</name>
    <description>(731) 439-5644  04/11/11 19:19:00</description>
    <styleUrl>#defaultStyle</styleUrl>
    <Point>
        <coordinates>-88.4052371637,36.3082464671,500.0</coordinates>
    </Point>
</Placemark>
<Placemark>
    <name>NS3902 PARIS 1604239023</name>
    <description>(731) 439-5644  04/11/11 19:19:00</description>
    <styleUrl>#defaultStyle</styleUrl>
    <Point>
        <coordinates>-88.404943309,36.3097418142,500.0</coordinates>
    </Point>
</Placemark>
<Placemark>
    <name>NS3902 PARIS 1604239023</name>
    <description>(731) 439-5644  04/11/11 19:19:00</description>
    <styleUrl>#defaultStyle</styleUrl>
    <Point>
        <coordinates>-88.4045848834,36.3112280133,500.0</coordinates>
    </Point>
</Placemark>
<Placemark>
    <name>NS3902 PARIS 1604239023</name>
    <description>(731) 439-5644  04/11/11 19:19:00</description>
    <styleUrl>#defaultStyle</styleUrl>
    <Point>
        <coordinates>-88.4041623236,36.3127032529,500.0</coordinates>
    </Point>
</Placemark>
<Placemark>
    <name>NS3902 PARIS 1604239023</name>
    <description>(731) 439-5644  04/11/11 19:19:00</description>
    <styleUrl>#defaultStyle</styleUrl>
    <Point>
        <coordinates>-88.4036761443,36.3141657351,500.0</coordinates>
    </Point>
</Placemark>
<Placemark>
    <name>NS3902 PARIS 1604239023</name>
    <description>(731) 439-5644  04/11/11 19:19:00</description>
    <styleUrl>#defaultStyle</styleUrl>
    <Point>
        <coordinates>-88.403126938,36.3156136774,500.0</coordinates>
    </Point>
</Placemark>
<Placemark>
    <name>NS3902 PARIS 1604239023</name>
    <description>(731) 439-5644  04/11/11 19:19:00</description>
    <styleUrl>#defaultStyle</styleUrl>
    <Point>
        <coordinates>-88.4025153737,36.3170453148,500.0</coordinates>
    </Point>
</Placemark>
<Placemark>
    <name>NS3902 PARIS 1604239023</name>
    <description>(731) 439-5644  04/11/11 19:19:00</description>
    <styleUrl>#defaultStyle</styleUrl>
    <Point>
        <coordinates>-88.4018421966,36.318458902,500.0</coordinates>
    </Point>
</Placemark>
<Placemark>
    <name>NS3902 PARIS 1604239023</name>
    <description>(731) 439-5644  04/11/11 19:19:00</description>
    <styleUrl>#defaultStyle</styleUrl>
    <Point>
        <coordinates>-88.4011082267,36.3198527159,500.0</coordinates>
    </Point>
</Placemark>
<Placemark>
    <name>NS3902 PARIS 1604239023</name>
    <description>(731) 439-5644  04/11/11 19:19:00</description>
    <styleUrl>#defaultStyle</styleUrl>
    <Point>
        <coordinates>-88.4003143583,36.3212250571,500.0</coordinates>
    </Point>
</Placemark>
<Placemark>
    <name>NS3902 PARIS 1604239023</name>
    <description>(731) 439-5644  04/11/11 19:19:00</description>
    <styleUrl>#defaultStyle</styleUrl>
    <Point>
        <coordinates>-88.3994615587,36.3225742526,500.0</coordinates>
    </Point>
</Placemark>
<Placemark>
    <name>NS3902 PARIS 1604239023</name>
    <description>(731) 439-5644  04/11/11 19:19:00</description>
    <styleUrl>#defaultStyle</styleUrl>
    <Point>
        <coordinates>-88.3985508668,36.3238986572,500.0</coordinates>
    </Point>
</Placemark>
<Placemark>
    <name>NS3902 PARIS 1604239023</name>
    <description>(731) 439-5644  04/11/11 19:19:00</description>
    <styleUrl>#defaultStyle</styleUrl>
    <Point>
        <coordinates>-88.3975833921,36.3251966562,500.0</coordinates>
    </Point>
</Placemark>
<Placemark>
    <name>NS3902 PARIS 1604239023</name>
    <description>(731) 439-5644  04/11/11 19:19:00</description>
    <styleUrl>#defaultStyle</styleUrl>
    <Point>
        <coordinates>-88.3965603134,36.3264666666,500.0</coordinates>
    </Point>
</Placemark>
<Placemark>
    <name>NS3902 PARIS 1604239023</name>
    <description>(731) 439-5644  04/11/11 19:19:00</description>
    <styleUrl>#defaultStyle</styleUrl>
    <Point>
        <coordinates>-88.3954828772,36.3277071399,500.0</coordinates>
    </Point>
</Placemark>
<Placemark>
    <name>NS3902 PARIS 1604239023</name>
    <description>(731) 439-5644  04/11/11 19:19:00</description>
    <styleUrl>#defaultStyle</styleUrl>
    <Point>
        <coordinates>-88.394352396,36.3289165632,500.0</coordinates>
    </Point>
</Placemark>
<Placemark>
    <name>NS3902 PARIS 1604239023</name>
    <description>(731) 439-5644  04/11/11 19:19:00</description>
    <styleUrl>#defaultStyle</styleUrl>
    <Point>
        <coordinates>-88.3931702473,36.3300934616,500.0</coordinates>
    </Point>
</Placemark>
<Placemark>
    <name>NS3902 PARIS 1604239023</name>
    <description>(731) 439-5644  04/11/11 19:19:00</description>
    <styleUrl>#defaultStyle</styleUrl>
    <Point>
        <coordinates>-88.3919378713,36.3312363997,500.0</coordinates>
    </Point>
</Placemark>
<Placemark>
    <name>NS3902 PARIS 1604239023</name>
    <description>(731) 439-5644  04/11/11 19:19:00</description>
    <styleUrl>#defaultStyle</styleUrl>
    <Point>
        <coordinates>-88.3906567694,36.3323439835,500.0</coordinates>
    </Point>
</Placemark>
<Placemark>
    <name>NS3902 PARIS 1604239023</name>
    <description>(731) 439-5644  04/11/11 19:19:00</description>
    <styleUrl>#defaultStyle</styleUrl>
    <Point>
        <coordinates>-88.3893285025,36.3334148619,500.0</coordinates>
    </Point>
</Placemark>
<Placemark>
    <name>NS3902 PARIS 1604239023</name>
    <description>(731) 439-5644  04/11/11 19:19:00</description>
    <styleUrl>#defaultStyle</styleUrl>
    <Point>
        <coordinates>-88.3879546888,36.3344477289,500.0</coordinates>
    </Point>
</Placemark>
<Placemark>
    <name>NS3902 PARIS 1604239023</name>
    <description>(731) 439-5644  04/11/11 19:19:00</description>
    <styleUrl>#defaultStyle</styleUrl>
    <Point>
        <coordinates>-88.3865370022,36.3354413244,500.0</coordinates>
    </Point>
</Placemark>
<Placemark>
    <name>NS3902 PARIS 1604239023</name>
    <description>(731) 439-5644  04/11/11 19:19:00</description>
    <styleUrl>#defaultStyle</styleUrl>
    <Point>
        <coordinates>-88.3850771698,36.3363944363,500.0</coordinates>
    </Point>
</Placemark>
<Placemark>
    <name>NS3902 PARIS 1604239023</name>
    <description>(731) 439-5644  04/11/11 19:19:00</description>
    <styleUrl>#defaultStyle</styleUrl>
    <Point>
        <coordinates>-88.3835769703,36.3373059021,500.0</coordinates>
    </Point>
</Placemark>
<Placemark>
    <name>NS3902 PARIS 1604239023</name>
    <description>(731) 439-5644  04/11/11 19:19:00</description>
    <styleUrl>#defaultStyle</styleUrl>
    <Point>
        <coordinates>-88.3820382314,36.3381746096,500.0</coordinates>
    </Point>
</Placemark>
<Placemark>
    <name>NS3902 PARIS 1604239023</name>
    <description>(731) 439-5644  04/11/11 19:19:00</description>
    <styleUrl>#defaultStyle</styleUrl>
    <Point>
        <coordinates>-88.3804628278,36.3389994991,500.0</coordinates>
    </Point>
</Placemark>
<Placemark>
    <name>NS3902 PARIS 1604239023</name>
    <description>(731) 439-5644  04/11/11 19:19:00</description>
    <styleUrl>#defaultStyle</styleUrl>
    <Point>
        <coordinates>-88.3788526789,36.3397795641,500.0</coordinates>
    </Point>
</Placemark>
<Placemark>
    <name>NS3902 PARIS 1604239023</name>
    <description>(731) 439-5644  04/11/11 19:19:00</description>
    <styleUrl>#defaultStyle</styleUrl>
    <Point>
        <coordinates>-88.3772097464,36.340513853,500.0</coordinates>
    </Point>
</Placemark>
<Placemark>
    <name>NS3902 PARIS 1604239023</name>
    <description>(731) 439-5644  04/11/11 19:19:00</description>
    <styleUrl>#defaultStyle</styleUrl>
    <Point>
        <coordinates>-88.375536032,36.3412014697,500.0</coordinates>
    </Point>
</Placemark>
<Placemark>
    <name>NS3902 PARIS 1604239023</name>
    <description>(731) 439-5644  04/11/11 19:19:00</description>
    <styleUrl>#defaultStyle</styleUrl>
    <Point>
        <coordinates>-88.3738335749,36.3418415753,500.0</coordinates>
    </Point>
</Placemark>
<Placemark>
    <name>NS3902 PARIS 1604239023</name>
    <description>(731) 439-5644  04/11/11 19:19:00</description>
    <styleUrl>#defaultStyle</styleUrl>
    <Point>
        <coordinates>-88.3721044492,36.3424333887,500.0</coordinates>
    </Point>
</Placemark>
<Placemark>
    <name>NS3902 PARIS 1604239023</name>
    <description>(731) 439-5644  04/11/11 19:19:00</description>
    <styleUrl>#defaultStyle</styleUrl>
    <Point>
        <coordinates>-88.3703507616,36.3429761878,500.0</coordinates>
    </Point>
</Placemark>
<Placemark>
    <name>NS3902 PARIS 1604239023</name>
    <description>(731) 439-5644  04/11/11 19:19:00</description>
    <styleUrl>#defaultStyle</styleUrl>
    <Point>
        <coordinates>-88.3685746487,36.3434693103,500.0</coordinates>
    </Point>
</Placemark>
<Placemark>
    <name>NS3902 PARIS 1604239023</name>
    <description>(731) 439-5644  04/11/11 19:19:00</description>
    <styleUrl>#defaultStyle</styleUrl>
    <Point>
        <coordinates>-88.3667782744,36.3439121543,500.0</coordinates>
    </Point>
</Placemark>
<Placemark>
    <name>NS3902 PARIS 1604239023</name>
    <description>(731) 439-5644  04/11/11 19:19:00</description>
    <styleUrl>#defaultStyle</styleUrl>
    <Point>
        <coordinates>-88.3649638273,36.3443041796,500.0</coordinates>
    </Point>
</Placemark>
<Placemark>
    <name>NS3902 PARIS 1604239023</name>
    <description>(731) 439-5644  04/11/11 19:19:00</description>
    <styleUrl>#defaultStyle</styleUrl>
    <Point>
        <coordinates>-88.3631335182,36.3446449076,500.0</coordinates>
    </Point>
</Placemark>
<Placemark>
    <name>NS3902 PARIS 1604239023</name>
    <description>(731) 439-5644  04/11/11 19:19:00</description>
    <styleUrl>#defaultStyle</styleUrl>
    <Point>
        <coordinates>-88.3612895768,36.3449339226,500.0</coordinates>
    </Point>
</Placemark>
<Placemark>
    <name>NS3902 PARIS 1604239023</name>
    <description>(731) 439-5644  04/11/11 19:19:00</description>
    <styleUrl>#defaultStyle</styleUrl>
    <Point>
        <coordinates>-88.3594342498,36.345170872,500.0</coordinates>
    </Point>
</Placemark>
<Placemark>
    <name>NS3902 PARIS 1604239023</name>
    <description>(731) 439-5644  04/11/11 19:19:00</description>
    <styleUrl>#defaultStyle</styleUrl>
    <Point>
        <coordinates>-88.3575697976,36.3453554664,500.0</coordinates>
    </Point>
</Placemark>
<Placemark>
    <name>NS3902 PARIS 1604239023</name>
    <description>(731) 439-5644  04/11/11 19:19:00</description>
    <styleUrl>#defaultStyle</styleUrl>
    <Point>
        <coordinates>-88.3556984918,36.3454874808,500.0</coordinates>
    </Point>
</Placemark>
<Placemark>
    <name>NS3902 PARIS 1604239023</name>
    <description>(731) 439-5644  04/11/11 19:19:00</description>
    <styleUrl>#defaultStyle</styleUrl>
    <Point>
        <coordinates>-88.3538226123,36.3455667539,500.0</coordinates>
    </Point>
</Placemark>
<Placemark>
    <name>EV3107 MURRAY 1501031072</name>
    <description>(731) 798-0089  01/28/11 09:31:00</description>
    <styleUrl>#defaultStyle</styleUrl>
    <Point>
        <coordinates>-88.3313888889,36.5928154112,500.0</coordinates>
    </Point>
</Placemark>
<Placemark>
    <name>EV3107 MURRAY 1501031072</name>
    <description>(731) 798-0089  01/28/11 09:31:00</description>
    <styleUrl>#defaultStyle</styleUrl>
    <Point>
        <coordinates>-88.3295047311,36.592788976,500.0</coordinates>
    </Point>
</Placemark>
<Placemark>
    <name>EV3107 MURRAY 1501031072</name>
    <description>(731) 798-0089  01/28/11 09:31:00</description>
    <styleUrl>#defaultStyle</styleUrl>
    <Point>
        <coordinates>-88.3276228689,36.5927097025,500.0</coordinates>
    </Point>
</Placemark>
<Placemark>
    <name>EV3107 MURRAY 1501031072</name>
    <description>(731) 798-0089  01/28/11 09:31:00</description>
    <styleUrl>#defaultStyle</styleUrl>
    <Point>
        <coordinates>-88.325745595,36.5925776875,500.0</coordinates>
    </Point>
</Placemark>
<Placemark>
    <name>EV3107 MURRAY 1501031072</name>
    <description>(731) 798-0089  01/28/11 09:31:00</description>
    <styleUrl>#defaultStyle</styleUrl>
    <Point>
        <coordinates>-88.3238751965,36.5923930921,500.0</coordinates>
    </Point>
</Placemark>
<Placemark>
    <name>EV3107 MURRAY 1501031072</name>
    <description>(731) 798-0089  01/28/11 09:31:00</description>
    <styleUrl>#defaultStyle</styleUrl>
    <Point>
        <coordinates>-88.3220139524,36.5921561416,500.0</coordinates>
    </Point>
</Placemark>
<Placemark>
    <name>EV3107 MURRAY 1501031072</name>
    <description>(731) 798-0089  01/28/11 09:31:00</description>
    <styleUrl>#defaultStyle</styleUrl>
    <Point>
        <coordinates>-88.3201641302,36.5918671251,500.0</coordinates>
    </Point>
</Placemark>
<Placemark>
    <name>EV3107 MURRAY 1501031072</name>
    <description>(731) 798-0089  01/28/11 09:31:00</description>
    <styleUrl>#defaultStyle</styleUrl>
    <Point>
        <coordinates>-88.3183279837,36.5915263954,500.0</coordinates>
    </Point>
</Placemark>
<Placemark>
    <name>EV3107 MURRAY 1501031072</name>
    <description>(731) 798-0089  01/28/11 09:31:00</description>
    <styleUrl>#defaultStyle</styleUrl>
    <Point>
        <coordinates>-88.3165077499,36.5911343682,500.0</coordinates>
    </Point>
</Placemark>
<Placemark>
    <name>EV3107 MURRAY 1501031072</name>
    <description>(731) 798-0089  01/28/11 09:31:00</description>
    <styleUrl>#defaultStyle</styleUrl>
    <Point>
        <coordinates>-88.3147056465,36.590691522,500.0</coordinates>
    </Point>
</Placemark>
<Placemark>
    <name>EV3107 MURRAY 1501031072</name>
    <description>(731) 798-0089  01/28/11 09:31:00</description>
    <styleUrl>#defaultStyle</styleUrl>
    <Point>
        <coordinates>-88.3129238691,36.5901983972,500.0</coordinates>
    </Point>
</Placemark>
<Placemark>
    <name>EV3107 MURRAY 1501031072</name>
    <description>(731) 798-0089  01/28/11 09:31:00</description>
    <styleUrl>#defaultStyle</styleUrl>
    <Point>
        <coordinates>-88.3111645886,36.5896555956,500.0</coordinates>
    </Point>
</Placemark>
<Placemark>
    <name>EV3107 MURRAY 1501031072</name>
    <description>(731) 798-0089  01/28/11 09:31:00</description>
    <styleUrl>#defaultStyle</styleUrl>
    <Point>
        <coordinates>-88.3094299482,36.5890637794,500.0</coordinates>
    </Point>
</Placemark>
<Placemark>
    <name>EV3107 MURRAY 1501031072</name>
    <description>(731) 798-0089  01/28/11 09:31:00</description>
    <styleUrl>#defaultStyle</styleUrl>
    <Point>
        <coordinates>-88.3077220615,36.5884236709,500.0</coordinates>
    </Point>
</Placemark>
<Placemark>
    <name>EV3107 MURRAY 1501031072</name>
    <description>(731) 798-0089  01/28/11 09:31:00</description>
    <styleUrl>#defaultStyle</styleUrl>
    <Point>
        <coordinates>-88.3060430092,36.5877360511,500.0</coordinates>
    </Point>
</Placemark>
<Placemark>
    <name>EV3107 MURRAY 1501031072</name>
    <description>(731) 798-0089  01/28/11 09:31:00</description>
    <styleUrl>#defaultStyle</styleUrl>
    <Point>
        <coordinates>-88.304394837,36.587001759,500.0</coordinates>
    </Point>
</Placemark>
<Placemark>
    <name>EV3107 MURRAY 1501031072</name>
    <description>(731) 798-0089  01/28/11 09:31:00</description>
    <styleUrl>#defaultStyle</styleUrl>
    <Point>
        <coordinates>-88.3027795529,36.5862216906,500.0</coordinates>
    </Point>
</Placemark>
<Placemark>
    <name>EV3107 MURRAY 1501031072</name>
    <description>(731) 798-0089  01/28/11 09:31:00</description>
    <styleUrl>#defaultStyle</styleUrl>
    <Point>
        <coordinates>-88.3011991249,36.5853967976,500.0</coordinates>
    </Point>
</Placemark>
<Placemark>
    <name>EV3107 MURRAY 1501031072</name>
    <description>(731) 798-0089  01/28/11 09:31:00</description>
    <styleUrl>#defaultStyle</styleUrl>
    <Point>
        <coordinates>-88.2996554785,36.5845280865,500.0</coordinates>
    </Point>
</Placemark>
<Placemark>
    <name>EV3107 MURRAY 1501031072</name>
    <description>(731) 798-0089  01/28/11 09:31:00</description>
    <styleUrl>#defaultStyle</styleUrl>
    <Point>
        <coordinates>-88.2981504945,36.5836166171,500.0</coordinates>
    </Point>
</Placemark>
<Placemark>
    <name>EV3107 MURRAY 1501031072</name>
    <description>(731) 798-0089  01/28/11 09:31:00</description>
    <styleUrl>#defaultStyle</styleUrl>
    <Point>
        <coordinates>-88.2966860063,36.5826635013,500.0</coordinates>
    </Point>
</Placemark>
<Placemark>
    <name>EV3107 MURRAY 1501031072</name>
    <description>(731) 798-0089  01/28/11 09:31:00</description>
    <styleUrl>#defaultStyle</styleUrl>
    <Point>
        <coordinates>-88.2952637983,36.5816699021,500.0</coordinates>
    </Point>
</Placemark>
<Placemark>
    <name>EV3107 MURRAY 1501031072</name>
    <description>(731) 798-0089  01/28/11 09:31:00</description>
    <styleUrl>#defaultStyle</styleUrl>
    <Point>
        <coordinates>-88.2938856032,36.5806370313,500.0</coordinates>
    </Point>
</Placemark>
<Placemark>
    <name>EV3107 MURRAY 1501031072</name>
    <description>(731) 798-0089  01/28/11 09:31:00</description>
    <styleUrl>#defaultStyle</styleUrl>
    <Point>
        <coordinates>-88.2925531001,36.579566149,500.0</coordinates>
    </Point>
</Placemark>
<Placemark>
    <name>EV3107 MURRAY 1501031072</name>
    <description>(731) 798-0089  01/28/11 09:31:00</description>
    <styleUrl>#defaultStyle</styleUrl>
    <Point>
        <coordinates>-88.2912679125,36.5784585615,500.0</coordinates>
    </Point>
</Placemark>
<Placemark>
    <name>EV3107 MURRAY 1501031072</name>
    <description>(731) 798-0089  01/28/11 09:31:00</description>
    <styleUrl>#defaultStyle</styleUrl>
    <Point>
        <coordinates>-88.2900316061,36.5773156196,500.0</coordinates>
    </Point>
</Placemark>
<Placemark>
    <name>EV3107 MURRAY 1501031072</name>
    <description>(731) 798-0089  01/28/11 09:31:00</description>
    <styleUrl>#defaultStyle</styleUrl>
    <Point>
        <coordinates>-88.2888456872,36.5761387175,500.0</coordinates>
    </Point>
</Placemark>
<Placemark>
    <name>EV3107 MURRAY 1501031072</name>
    <description>(731) 798-0089  01/28/11 09:31:00</description>
    <styleUrl>#defaultStyle</styleUrl>
    <Point>
        <coordinates>-88.2877116006,36.5749292905,500.0</coordinates>
    </Point>
</Placemark>
<Placemark>
    <name>EV3107 MURRAY 1501031072</name>
    <description>(731) 798-0089  01/28/11 09:31:00</description>
    <styleUrl>#defaultStyle</styleUrl>
    <Point>
        <coordinates>-88.2866307281,36.5736888136,500.0</coordinates>
    </Point>
</Placemark>
<Placemark>
    <name>EV3107 MURRAY 1501031072</name>
    <description>(731) 798-0089  01/28/11 09:31:00</description>
    <styleUrl>#defaultStyle</styleUrl>
    <Point>
        <coordinates>-88.2856043866,36.5724187996,500.0</coordinates>
    </Point>
</Placemark>
<Placemark>
    <name>EV3107 MURRAY 1501031072</name>
    <description>(731) 798-0089  01/28/11 09:31:00</description>
    <styleUrl>#defaultStyle</styleUrl>
    <Point>
        <coordinates>-88.2846338264,36.5711207973,500.0</coordinates>
    </Point>
</Placemark>
<Placemark>
    <name>EV3107 MURRAY 1501031072</name>
    <description>(731) 798-0089  01/28/11 09:31:00</description>
    <styleUrl>#defaultStyle</styleUrl>
    <Point>
        <coordinates>-88.28372023,36.5697963895,500.0</coordinates>
    </Point>
</Placemark>
<Placemark>
    <name>EV3107 MURRAY 1501031072</name>
    <description>(731) 798-0089  01/28/11 09:31:00</description>
    <styleUrl>#defaultStyle</styleUrl>
    <Point>
        <coordinates>-88.2828647106,36.5684471909,500.0</coordinates>
    </Point>
</Placemark>
<Placemark>
    <name>EV3107 MURRAY 1501031072</name>
    <description>(731) 798-0089  01/28/11 09:31:00</description>
    <styleUrl>#defaultStyle</styleUrl>
    <Point>
        <coordinates>-88.2820683104,36.5670748467,500.0</coordinates>
    </Point>
</Placemark>
<Placemark>
    <name>EV3107 MURRAY 1501031072</name>
    <description>(731) 798-0089  01/28/11 09:31:00</description>
    <styleUrl>#defaultStyle</styleUrl>
    <Point>
        <coordinates>-88.2813319997,36.5656810301,500.0</coordinates>
    </Point>
</Placemark>
<Placemark>
    <name>EV3107 MURRAY 1501031072</name>
    <description>(731) 798-0089  01/28/11 09:31:00</description>
    <styleUrl>#defaultStyle</styleUrl>
    <Point>
        <coordinates>-88.2806566756,36.5642674403,500.0</coordinates>
    </Point>
</Placemark>
<Placemark>
    <name>EV3107 MURRAY 1501031072</name>
    <description>(731) 798-0089  01/28/11 09:31:00</description>
    <styleUrl>#defaultStyle</styleUrl>
    <Point>
        <coordinates>-88.2800431609,36.5628358006,500.0</coordinates>
    </Point>
</Placemark>
<Placemark>
    <name>EV3107 MURRAY 1501031072</name>
    <description>(731) 798-0089  01/28/11 09:31:00</description>
    <styleUrl>#defaultStyle</styleUrl>
    <Point>
        <coordinates>-88.279492203,36.5613878562,500.0</coordinates>
    </Point>
</Placemark>
<Placemark>
    <name>EV3107 MURRAY 1501031072</name>
    <description>(731) 798-0089  01/28/11 09:31:00</description>
    <styleUrl>#defaultStyle</styleUrl>
    <Point>
        <coordinates>-88.2790044732,36.5599253721,500.0</coordinates>
    </Point>
</Placemark>
<Placemark>
    <name>EV3107 MURRAY 1501031072</name>
    <description>(731) 798-0089  01/28/11 09:31:00</description>
    <styleUrl>#defaultStyle</styleUrl>
    <Point>
        <coordinates>-88.2785805657,36.5584501308,500.0</coordinates>
    </Point>
</Placemark>
<Placemark>
    <name>EV3107 MURRAY 1501031072</name>
    <description>(731) 798-0089  01/28/11 09:31:00</description>
    <styleUrl>#defaultStyle</styleUrl>
    <Point>
        <coordinates>-88.278220997,36.5569639303,500.0</coordinates>
    </Point>
</Placemark>
<Placemark>
    <name>EV3107 MURRAY 1501031072</name>
    <description>(731) 798-0089  01/28/11 09:31:00</description>
    <styleUrl>#defaultStyle</styleUrl>
    <Point>
        <coordinates>-88.2779262051,36.5554685821,500.0</coordinates>
    </Point>
</Placemark>
<Placemark>
    <name>EV3107 MURRAY 1501031072</name>
    <description>(731) 798-0089  01/28/11 09:31:00</description>
    <styleUrl>#defaultStyle</styleUrl>
    <Point>
        <coordinates>-88.2776965493,36.5539659082,500.0</coordinates>
    </Point>
</Placemark>
<Placemark>
    <name>EV3107 MURRAY 1501031072</name>
    <description>(731) 798-0089  01/28/11 09:31:00</description>
    <styleUrl>#defaultStyle</styleUrl>
    <Point>
        <coordinates>-88.2775323092,36.5524577401,500.0</coordinates>
    </Point>
</Placemark>
<Placemark>
    <name>EV3107 MURRAY 1501031072</name>
    <description>(731) 798-0089  01/28/11 09:31:00</description>
    <styleUrl>#defaultStyle</styleUrl>
    <Point>
        <coordinates>-88.2774336851,36.5509459153,500.0</coordinates>
    </Point>
</Placemark>
<Placemark>
    <name>EV3107 MURRAY 1501031072</name>
    <description>(731) 798-0089  01/28/11 09:31:00</description>
    <styleUrl>#defaultStyle</styleUrl>
    <Point>
        <coordinates>-88.277400797,36.5494322759,500.0</coordinates>
    </Point>
</Placemark>
<Placemark>
    <name>EV3107 MURRAY 1501031072</name>
    <description>(731) 798-0089  01/28/11 09:31:00</description>
    <styleUrl>#defaultStyle</styleUrl>
    <Point>
        <coordinates>-88.2774336851,36.5479186662,500.0</coordinates>
    </Point>
</Placemark>
<Placemark>
    <name>EV3107 MURRAY 1501031072</name>
    <description>(731) 798-0089  01/28/11 09:31:00</description>
    <styleUrl>#defaultStyle</styleUrl>
    <Point>
        <coordinates>-88.2775323092,36.5464069302,500.0</coordinates>
    </Point>
</Placemark>
<Placemark>
    <name>EV3107 MURRAY 1501031072</name>
    <description>(731) 798-0089  01/28/11 09:31:00</description>
    <styleUrl>#defaultStyle</styleUrl>
    <Point>
        <coordinates>-88.2776965493,36.5448989095,500.0</coordinates>
    </Point>
</Placemark>
<Placemark>
    <name>EV3107 MURRAY 1501031072</name>
    <description>(731) 798-0089  01/28/11 09:31:00</description>
    <styleUrl>#defaultStyle</styleUrl>
    <Point>
        <coordinates>-88.2779262051,36.5433964412,500.0</coordinates>
    </Point>
</Placemark>
<Placemark>
    <name>EV3107 MURRAY 1501031072</name>
    <description>(731) 798-0089  01/28/11 09:31:00</description>
    <styleUrl>#defaultStyle</styleUrl>
    <Point>
        <coordinates>-88.278220997,36.5419013553,500.0</coordinates>
    </Point>
</Placemark>
<Placemark>
    <name>EV3107 MURRAY 1501031072</name>
    <description>(731) 798-0089  01/28/11 09:31:00</description>
    <styleUrl>#defaultStyle</styleUrl>
    <Point>
        <coordinates>-88.2785805657,36.5404154731,500.0</coordinates>
    </Point>
</Placemark>
<Placemark>
    <name>EV3107 MURRAY 1501031072</name>
    <description>(731) 798-0089  01/28/11 09:31:00</description>
    <styleUrl>#defaultStyle</styleUrl>
    <Point>
        <coordinates>-88.2790044732,36.5389406041,500.0</coordinates>
    </Point>
</Placemark>
<Placemark>
    <name>EV3107 MURRAY 1501031072</name>
    <description>(731) 798-0089  01/28/11 09:31:00</description>
    <styleUrl>#defaultStyle</styleUrl>
    <Point>
        <coordinates>-88.279492203,36.5374785446,500.0</coordinates>
    </Point>
</Placemark>
<Placemark>
    <name>EV3107 MURRAY 1501031072</name>
    <description>(731) 798-0089  01/28/11 09:31:00</description>
    <styleUrl>#defaultStyle</styleUrl>
    <Point>
        <coordinates>-88.2800431609,36.5360310752,500.0</coordinates>
    </Point>
</Placemark>
<Placemark>
    <name>EV3107 MURRAY 1501031072</name>
    <description>(731) 798-0089  01/28/11 09:31:00</description>
    <styleUrl>#defaultStyle</styleUrl>
    <Point>
        <coordinates>-88.2806566756,36.5345999584,500.0</coordinates>
    </Point>
</Placemark>
<Placemark>
    <name>EV3107 MURRAY 1501031072</name>
    <description>(731) 798-0089  01/28/11 09:31:00</description>
    <styleUrl>#defaultStyle</styleUrl>
    <Point>
        <coordinates>-88.2813319997,36.5331869369,500.0</coordinates>
    </Point>
</Placemark>
<Placemark>
    <name>EV3107 MURRAY 1501031072</name>
    <description>(731) 798-0089  01/28/11 09:31:00</description>
    <styleUrl>#defaultStyle</styleUrl>
    <Point>
        <coordinates>-88.2820683104,36.5317937313,500.0</coordinates>
    </Point>
</Placemark>
<Placemark>
    <name>EV3107 MURRAY 1501031072</name>
    <description>(731) 798-0089  01/28/11 09:31:00</description>
    <styleUrl>#defaultStyle</styleUrl>
    <Point>
        <coordinates>-88.2828647106,36.5304220378,500.0</coordinates>
    </Point>
</Placemark>
<Placemark>
    <name>EV3107 MURRAY 1501031072</name>
    <description>(731) 798-0089  01/28/11 09:31:00</description>
    <styleUrl>#defaultStyle</styleUrl>
    <Point>
        <coordinates>-88.28372023,36.5290735264,500.0</coordinates>
    </Point>
</Placemark>
<Placemark>
    <name>EV3107 MURRAY 1501031072</name>
    <description>(731) 798-0089  01/28/11 09:31:00</description>
    <styleUrl>#defaultStyle</styleUrl>
    <Point>
        <coordinates>-88.2846338264,36.5277498388,500.0</coordinates>
    </Point>
</Placemark>
<Placemark>
    <name>EV3107 MURRAY 1501031072</name>
    <description>(731) 798-0089  01/28/11 09:31:00</description>
    <styleUrl>#defaultStyle</styleUrl>
    <Point>
        <coordinates>-88.2856043866,36.5264525864,500.0</coordinates>
    </Point>
</Placemark>
<Placemark>
    <name>EV3107 MURRAY 1501031072</name>
    <description>(731) 798-0089  01/28/11 09:31:00</description>
    <styleUrl>#defaultStyle</styleUrl>
    <Point>
        <coordinates>-88.2866307281,36.5251833483,500.0</coordinates>
    </Point>
</Placemark>
<Placemark>
    <name>EV3107 MURRAY 1501031072</name>
    <description>(731) 798-0089  01/28/11 09:31:00</description>
    <styleUrl>#defaultStyle</styleUrl>
    <Point>
        <coordinates>-88.2877116006,36.5239436696,500.0</coordinates>
    </Point>
</Placemark>
<Placemark>
    <name>EV3107 MURRAY 1501031072</name>
    <description>(731) 798-0089  01/28/11 09:31:00</description>
    <styleUrl>#defaultStyle</styleUrl>
    <Point>
        <coordinates>-88.2888456872,36.522735059,500.0</coordinates>
    </Point>
</Placemark>
<Placemark>
    <name>EV3107 MURRAY 1501031072</name>
    <description>(731) 798-0089  01/28/11 09:31:00</description>
    <styleUrl>#defaultStyle</styleUrl>
    <Point>
        <coordinates>-88.2900316061,36.5215589877,500.0</coordinates>
    </Point>
</Placemark>
<Placemark>
    <name>EV3107 MURRAY 1501031072</name>
    <description>(731) 798-0089  01/28/11 09:31:00</description>
    <styleUrl>#defaultStyle</styleUrl>
    <Point>
        <coordinates>-88.2912679125,36.5204168869,500.0</coordinates>
    </Point>
</Placemark>
<Placemark>
    <name>EV3107 MURRAY 1501031072</name>
    <description>(731) 798-0089  01/28/11 09:31:00</description>
    <styleUrl>#defaultStyle</styleUrl>
    <Point>
        <coordinates>-88.2925531001,36.5193101467,500.0</coordinates>
    </Point>
</Placemark>
<Placemark>
    <name>EV3107 MURRAY 1501031072</name>
    <description>(731) 798-0089  01/28/11 09:31:00</description>
    <styleUrl>#defaultStyle</styleUrl>
    <Point>
        <coordinates>-88.2938856032,36.5182401137,500.0</coordinates>
    </Point>
</Placemark>
<Placemark>
    <name>EV3107 MURRAY 1501031072</name>
    <description>(731) 798-0089  01/28/11 09:31:00</description>
    <styleUrl>#defaultStyle</styleUrl>
    <Point>
        <coordinates>-88.2952637983,36.5172080903,500.0</coordinates>
    </Point>
</Placemark>
<Placemark>
    <name>EV3107 MURRAY 1501031072</name>
    <description>(731) 798-0089  01/28/11 09:31:00</description>
    <styleUrl>#defaultStyle</styleUrl>
    <Point>
        <coordinates>-88.2966860063,36.5162153321,500.0</coordinates>
    </Point>
</Placemark>
<Placemark>
    <name>EV3107 MURRAY 1501031072</name>
    <description>(731) 798-0089  01/28/11 09:31:00</description>
    <styleUrl>#defaultStyle</styleUrl>
    <Point>
        <coordinates>-88.2981504945,36.5152630471,500.0</coordinates>
    </Point>
</Placemark>
<Placemark>
    <name>EV3107 MURRAY 1501031072</name>
    <description>(731) 798-0089  01/28/11 09:31:00</description>
    <styleUrl>#defaultStyle</styleUrl>
    <Point>
        <coordinates>-88.2996554785,36.5143523942,500.0</coordinates>
    </Point>
</Placemark>
<Placemark>
    <name>EV3107 MURRAY 1501031072</name>
    <description>(731) 798-0089  01/28/11 09:31:00</description>
    <styleUrl>#defaultStyle</styleUrl>
    <Point>
        <coordinates>-88.3011991249,36.5134844812,500.0</coordinates>
    </Point>
</Placemark>
<Placemark>
    <name>EV3107 MURRAY 1501031072</name>
    <description>(731) 798-0089  01/28/11 09:31:00</description>
    <styleUrl>#defaultStyle</styleUrl>
    <Point>
        <coordinates>-88.3027795529,36.5126603641,500.0</coordinates>
    </Point>
</Placemark>
<Placemark>
    <name>EV3107 MURRAY 1501031072</name>
    <description>(731) 798-0089  01/28/11 09:31:00</description>
    <styleUrl>#defaultStyle</styleUrl>
    <Point>
        <coordinates>-88.304394837,36.5118810457,500.0</coordinates>
    </Point>
</Placemark>
<Placemark>
    <name>EV3107 MURRAY 1501031072</name>
    <description>(731) 798-0089  01/28/11 09:31:00</description>
    <styleUrl>#defaultStyle</styleUrl>
    <Point>
        <coordinates>-88.3060430092,36.5111474739,500.0</coordinates>
    </Point>
</Placemark>
<Placemark>
    <name>EV3107 MURRAY 1501031072</name>
    <description>(731) 798-0089  01/28/11 09:31:00</description>
    <styleUrl>#defaultStyle</styleUrl>
    <Point>
        <coordinates>-88.3077220615,36.5104605412,500.0</coordinates>
    </Point>
</Placemark>
<Placemark>
    <name>EV3107 MURRAY 1501031072</name>
    <description>(731) 798-0089  01/28/11 09:31:00</description>
    <styleUrl>#defaultStyle</styleUrl>
    <Point>
        <coordinates>-88.3094299482,36.5098210833,500.0</coordinates>
    </Point>
</Placemark>
<Placemark>
    <name>EV3107 MURRAY 1501031072</name>
    <description>(731) 798-0089  01/28/11 09:31:00</description>
    <styleUrl>#defaultStyle</styleUrl>
    <Point>
        <coordinates>-88.3111645886,36.5092298781,500.0</coordinates>
    </Point>
</Placemark>
<Placemark>
    <name>EV3107 MURRAY 1501031072</name>
    <description>(731) 798-0089  01/28/11 09:31:00</description>
    <styleUrl>#defaultStyle</styleUrl>
    <Point>
        <coordinates>-88.3129238691,36.5086876447,500.0</coordinates>
    </Point>
</Placemark>
<Placemark>
    <name>EV3107 MURRAY 1501031072</name>
    <description>(731) 798-0089  01/28/11 09:31:00</description>
    <styleUrl>#defaultStyle</styleUrl>
    <Point>
        <coordinates>-88.3147056465,36.5081950429,500.0</coordinates>
    </Point>
</Placemark>
<Placemark>
    <name>EV3107 MURRAY 1501031072</name>
    <description>(731) 798-0089  01/28/11 09:31:00</description>
    <styleUrl>#defaultStyle</styleUrl>
    <Point>
        <coordinates>-88.3165077499,36.5077526716,500.0</coordinates>
    </Point>
</Placemark>
<Placemark>
    <name>EV3107 MURRAY 1501031072</name>
    <description>(731) 798-0089  01/28/11 09:31:00</description>
    <styleUrl>#defaultStyle</styleUrl>
    <Point>
        <coordinates>-88.3183279837,36.5073610692,500.0</coordinates>
    </Point>
</Placemark>
<Placemark>
    <name>EV3107 MURRAY 1501031072</name>
    <description>(731) 798-0089  01/28/11 09:31:00</description>
    <styleUrl>#defaultStyle</styleUrl>
    <Point>
        <coordinates>-88.3201641302,36.5070207118,500.0</coordinates>
    </Point>
</Placemark>
<Placemark>
    <name>EV3107 MURRAY 1501031072</name>
    <description>(731) 798-0089  01/28/11 09:31:00</description>
    <styleUrl>#defaultStyle</styleUrl>
    <Point>
        <coordinates>-88.3220139524,36.5067320135,500.0</coordinates>
    </Point>
</Placemark>
<Placemark>
    <name>EV3107 MURRAY 1501031072</name>
    <description>(731) 798-0089  01/28/11 09:31:00</description>
    <styleUrl>#defaultStyle</styleUrl>
    <Point>
        <coordinates>-88.3238751965,36.5064953254,500.0</coordinates>
    </Point>
</Placemark>
<Placemark>
    <name>EV3107 MURRAY 1501031072</name>
    <description>(731) 798-0089  01/28/11 09:31:00</description>
    <styleUrl>#defaultStyle</styleUrl>
    <Point>
        <coordinates>-88.325745595,36.5063109355,500.0</coordinates>
    </Point>
</Placemark>
<Placemark>
    <name>EV3107 MURRAY 1501031072</name>
    <description>(731) 798-0089  01/28/11 09:31:00</description>
    <styleUrl>#defaultStyle</styleUrl>
    <Point>
        <coordinates>-88.3276228689,36.506179068,500.0</coordinates>
    </Point>
</Placemark>
<Placemark>
    <name>EV3107 MURRAY 1501031072</name>
    <description>(731) 798-0089  01/28/11 09:31:00</description>
    <styleUrl>#defaultStyle</styleUrl>
    <Point>
        <coordinates>-88.3295047311,36.5060998833,500.0</coordinates>
    </Point>
</Placemark>
<Placemark>
    <name>EV3107 MURRAY 1501031072</name>
    <description>(731) 798-0089  01/28/11 09:31:00</description>
    <styleUrl>#defaultStyle</styleUrl>
    <Point>
        <coordinates>-88.3313888889,36.5060734776,500.0</coordinates>
    </Point>
</Placemark>
<Placemark>
    <name>EV3107 MURRAY 1501031072</name>
    <description>(731) 798-0089  01/28/11 09:31:00</description>
    <styleUrl>#defaultStyle</styleUrl>
    <Point>
        <coordinates>-88.3332730467,36.5060998833,500.0</coordinates>
    </Point>
</Placemark>
<Placemark>
    <name>EV3107 MURRAY 1501031072</name>
    <description>(731) 798-0089  01/28/11 09:31:00</description>
    <styleUrl>#defaultStyle</styleUrl>
    <Point>
        <coordinates>-88.3351549089,36.506179068,500.0</coordinates>
    </Point>
</Placemark>
<Placemark>
    <name>EV3107 MURRAY 1501031072</name>
    <description>(731) 798-0089  01/28/11 09:31:00</description>
    <styleUrl>#defaultStyle</styleUrl>
    <Point>
        <coordinates>-88.3370321828,36.5063109355,500.0</coordinates>
    </Point>
</Placemark>
<Placemark>
    <name>EV3107 MURRAY 1501031072</name>
    <description>(731) 798-0089  01/28/11 09:31:00</description>
    <styleUrl>#defaultStyle</styleUrl>
    <Point>
        <coordinates>-88.3389025812,36.5064953254,500.0</coordinates>
    </Point>
</Placemark>
<Placemark>
    <name>EV3107 MURRAY 1501031072</name>
    <description>(731) 798-0089  01/28/11 09:31:00</description>
    <styleUrl>#defaultStyle</styleUrl>
    <Point>
        <coordinates>-88.3407638253,36.5067320135,500.0</coordinates>
    </Point>
</Placemark>
<Placemark>
    <name>EV3107 MURRAY 1501031072</name>
    <description>(731) 798-0089  01/28/11 09:31:00</description>
    <styleUrl>#defaultStyle</styleUrl>
    <Point>
        <coordinates>-88.3426136475,36.5070207118,500.0</coordinates>
    </Point>
</Placemark>
<Placemark>
    <name>EV3107 MURRAY 1501031072</name>
    <description>(731) 798-0089  01/28/11 09:31:00</description>
    <styleUrl>#defaultStyle</styleUrl>
    <Point>
        <coordinates>-88.3444497941,36.5073610692,500.0</coordinates>
    </Point>
</Placemark>
<Placemark>
    <name>EV3107 MURRAY 1501031072</name>
    <description>(731) 798-0089  01/28/11 09:31:00</description>
    <styleUrl>#defaultStyle</styleUrl>
    <Point>
        <coordinates>-88.3462700278,36.5077526716,500.0</coordinates>
    </Point>
</Placemark>
<Placemark>
    <name>EV3107 MURRAY 1501031072</name>
    <description>(731) 798-0089  01/28/11 09:31:00</description>
    <styleUrl>#defaultStyle</styleUrl>
    <Point>
        <coordinates>-88.3480721312,36.5081950429,500.0</coordinates>
    </Point>
</Placemark>
<Placemark>
    <name>EV3107 MURRAY 1501031072</name>
    <description>(731) 798-0089  01/28/11 09:31:00</description>
    <styleUrl>#defaultStyle</styleUrl>
    <Point>
        <coordinates>-88.3498539086,36.5086876447,500.0</coordinates>
    </Point>
</Placemark>
<Placemark>
    <name>EV3107 MURRAY 1501031072</name>
    <description>(731) 798-0089  01/28/11 09:31:00</description>
    <styleUrl>#defaultStyle</styleUrl>
    <Point>
        <coordinates>-88.3516131892,36.5092298781,500.0</coordinates>
    </Point>
</Placemark>
<Placemark>
    <name>EV3107 MURRAY 1501031072</name>
    <description>(731) 798-0089  01/28/11 09:31:00</description>
    <styleUrl>#defaultStyle</styleUrl>
    <Point>
        <coordinates>-88.3533478296,36.5098210833,500.0</coordinates>
    </Point>
</Placemark>
<Placemark>
    <name>EV3107 MURRAY 1501031072</name>
    <description>(731) 798-0089  01/28/11 09:31:00</description>
    <styleUrl>#defaultStyle</styleUrl>
    <Point>
        <coordinates>-88.3550557163,36.5104605412,500.0</coordinates>
    </Point>
</Placemark>
<Placemark>
    <name>EV3107 MURRAY 1501031072</name>
    <description>(731) 798-0089  01/28/11 09:31:00</description>
    <styleUrl>#defaultStyle</styleUrl>
    <Point>
        <coordinates>-88.3567347686,36.5111474739,500.0</coordinates>
    </Point>
</Placemark>
<Placemark>
    <name>EV3107 MURRAY 1501031072</name>
    <description>(731) 798-0089  01/28/11 09:31:00</description>
    <styleUrl>#defaultStyle</styleUrl>
    <Point>
        <coordinates>-88.3583829408,36.5118810457,500.0</coordinates>
    </Point>
</Placemark>
<Placemark>
    <name>EV3107 MURRAY 1501031072</name>
    <description>(731) 798-0089  01/28/11 09:31:00</description>
    <styleUrl>#defaultStyle</styleUrl>
    <Point>
        <coordinates>-88.3599982249,36.5126603641,500.0</coordinates>
    </Point>
</Placemark>
<Placemark>
    <name>EV3107 MURRAY 1501031072</name>
    <description>(731) 798-0089  01/28/11 09:31:00</description>
    <styleUrl>#defaultStyle</styleUrl>
    <Point>
        <coordinates>-88.3615786529,36.5134844812,500.0</coordinates>
    </Point>
</Placemark>
<Placemark>
    <name>EV3107 MURRAY 1501031072</name>
    <description>(731) 798-0089  01/28/11 09:31:00</description>
    <styleUrl>#defaultStyle</styleUrl>
    <Point>
        <coordinates>-88.3631222992,36.5143523942,500.0</coordinates>
    </Point>
</Placemark>
<Placemark>
    <name>EV3107 MURRAY 1501031072</name>
    <description>(731) 798-0089  01/28/11 09:31:00</description>
    <styleUrl>#defaultStyle</styleUrl>
    <Point>
        <coordinates>-88.3646272833,36.5152630471,500.0</coordinates>
    </Point>
</Placemark>
<Placemark>
    <name>EV3107 MURRAY 1501031072</name>
    <description>(731) 798-0089  01/28/11 09:31:00</description>
    <styleUrl>#defaultStyle</styleUrl>
    <Point>
        <coordinates>-88.3660917714,36.5162153321,500.0</coordinates>
    </Point>
</Placemark>
<Placemark>
    <name>EV3107 MURRAY 1501031072</name>
    <description>(731) 798-0089  01/28/11 09:31:00</description>
    <styleUrl>#defaultStyle</styleUrl>
    <Point>
        <coordinates>-88.3675139794,36.5172080903,500.0</coordinates>
    </Point>
</Placemark>
<Placemark>
    <name>EV3107 MURRAY 1501031072</name>
    <description>(731) 798-0089  01/28/11 09:31:00</description>
    <styleUrl>#defaultStyle</styleUrl>
    <Point>
        <coordinates>-88.3688921745,36.5182401137,500.0</coordinates>
    </Point>
</Placemark>
<Placemark>
    <name>EV3107 MURRAY 1501031072</name>
    <description>(731) 798-0089  01/28/11 09:31:00</description>
    <styleUrl>#defaultStyle</styleUrl>
    <Point>
        <coordinates>-88.3702246777,36.5193101467,500.0</coordinates>
    </Point>
</Placemark>
<Placemark>
    <name>EV3107 MURRAY 1501031072</name>
    <description>(731) 798-0089  01/28/11 09:31:00</description>
    <styleUrl>#defaultStyle</styleUrl>
    <Point>
        <coordinates>-88.3715098653,36.5204168869,500.0</coordinates>
    </Point>
</Placemark>
<Placemark>
    <name>EV3107 MURRAY 1501031072</name>
    <description>(731) 798-0089  01/28/11 09:31:00</description>
    <styleUrl>#defaultStyle</styleUrl>
    <Point>
        <coordinates>-88.3727461717,36.5215589877,500.0</coordinates>
    </Point>
</Placemark>
<Placemark>
    <name>EV3107 MURRAY 1501031072</name>
    <description>(731) 798-0089  01/28/11 09:31:00</description>
    <styleUrl>#defaultStyle</styleUrl>
    <Point>
        <coordinates>-88.3739320906,36.522735059,500.0</coordinates>
    </Point>
</Placemark>
<Placemark>
    <name>EV3107 MURRAY 1501031072</name>
    <description>(731) 798-0089  01/28/11 09:31:00</description>
    <styleUrl>#defaultStyle</styleUrl>
    <Point>
        <coordinates>-88.3750661772,36.5239436696,500.0</coordinates>
    </Point>
</Placemark>
<Placemark>
    <name>EV3107 MURRAY 1501031072</name>
    <description>(731) 798-0089  01/28/11 09:31:00</description>
    <styleUrl>#defaultStyle</styleUrl>
    <Point>
        <coordinates>-88.3761470497,36.5251833483,500.0</coordinates>
    </Point>
</Placemark>
<Placemark>
    <name>EV3107 MURRAY 1501031072</name>
    <description>(731) 798-0089  01/28/11 09:31:00</description>
    <styleUrl>#defaultStyle</styleUrl>
    <Point>
        <coordinates>-88.3771733912,36.5264525864,500.0</coordinates>
    </Point>
</Placemark>
<Placemark>
    <name>EV3107 MURRAY 1501031072</name>
    <description>(731) 798-0089  01/28/11 09:31:00</description>
    <styleUrl>#defaultStyle</styleUrl>
    <Point>
        <coordinates>-88.3781439514,36.5277498388,500.0</coordinates>
    </Point>
</Placemark>
<Placemark>
    <name>EV3107 MURRAY 1501031072</name>
    <description>(731) 798-0089  01/28/11 09:31:00</description>
    <styleUrl>#defaultStyle</styleUrl>
    <Point>
        <coordinates>-88.3790575478,36.5290735264,500.0</coordinates>
    </Point>
</Placemark>
<Placemark>
    <name>EV3107 MURRAY 1501031072</name>
    <description>(731) 798-0089  01/28/11 09:31:00</description>
    <styleUrl>#defaultStyle</styleUrl>
    <Point>
        <coordinates>-88.3799130672,36.5304220378,500.0</coordinates>
    </Point>
</Placemark>
<Placemark>
    <name>EV3107 MURRAY 1501031072</name>
    <description>(731) 798-0089  01/28/11 09:31:00</description>
    <styleUrl>#defaultStyle</styleUrl>
    <Point>
        <coordinates>-88.3807094674,36.5317937313,500.0</coordinates>
    </Point>
</Placemark>
<Placemark>
    <name>EV3107 MURRAY 1501031072</name>
    <description>(731) 798-0089  01/28/11 09:31:00</description>
    <styleUrl>#defaultStyle</styleUrl>
    <Point>
        <coordinates>-88.3814457781,36.5331869369,500.0</coordinates>
    </Point>
</Placemark>
<Placemark>
    <name>EV3107 MURRAY 1501031072</name>
    <description>(731) 798-0089  01/28/11 09:31:00</description>
    <styleUrl>#defaultStyle</styleUrl>
    <Point>
        <coordinates>-88.3821211022,36.5345999584,500.0</coordinates>
    </Point>
</Placemark>
<Placemark>
    <name>EV3107 MURRAY 1501031072</name>
    <description>(731) 798-0089  01/28/11 09:31:00</description>
    <styleUrl>#defaultStyle</styleUrl>
    <Point>
        <coordinates>-88.3827346169,36.5360310752,500.0</coordinates>
    </Point>
</Placemark>
<Placemark>
    <name>EV3107 MURRAY 1501031072</name>
    <description>(731) 798-0089  01/28/11 09:31:00</description>
    <styleUrl>#defaultStyle</styleUrl>
    <Point>
        <coordinates>-88.3832855748,36.5374785446,500.0</coordinates>
    </Point>
</Placemark>
<Placemark>
    <name>EV3107 MURRAY 1501031072</name>
    <description>(731) 798-0089  01/28/11 09:31:00</description>
    <styleUrl>#defaultStyle</styleUrl>
    <Point>
        <coordinates>-88.3837733046,36.5389406041,500.0</coordinates>
    </Point>
</Placemark>
<Placemark>
    <name>EV3107 MURRAY 1501031072</name>
    <description>(731) 798-0089  01/28/11 09:31:00</description>
    <styleUrl>#defaultStyle</styleUrl>
    <Point>
        <coordinates>-88.3841972121,36.5404154731,500.0</coordinates>
    </Point>
</Placemark>
<Placemark>
    <name>EV3107 MURRAY 1501031072</name>
    <description>(731) 798-0089  01/28/11 09:31:00</description>
    <styleUrl>#defaultStyle</styleUrl>
    <Point>
        <coordinates>-88.3845567808,36.5419013553,500.0</coordinates>
    </Point>
</Placemark>
<Placemark>
    <name>EV3107 MURRAY 1501031072</name>
    <description>(731) 798-0089  01/28/11 09:31:00</description>
    <styleUrl>#defaultStyle</styleUrl>
    <Point>
        <coordinates>-88.3848515727,36.5433964412,500.0</coordinates>
    </Point>
</Placemark>
<Placemark>
    <name>EV3107 MURRAY 1501031072</name>
    <description>(731) 798-0089  01/28/11 09:31:00</description>
    <styleUrl>#defaultStyle</styleUrl>
    <Point>
        <coordinates>-88.3850812285,36.5448989095,500.0</coordinates>
    </Point>
</Placemark>
<Placemark>
    <name>EV3107 MURRAY 1501031072</name>
    <description>(731) 798-0089  01/28/11 09:31:00</description>
    <styleUrl>#defaultStyle</styleUrl>
    <Point>
        <coordinates>-88.3852454685,36.5464069302,500.0</coordinates>
    </Point>
</Placemark>
<Placemark>
    <name>EV3107 MURRAY 1501031072</name>
    <description>(731) 798-0089  01/28/11 09:31:00</description>
    <styleUrl>#defaultStyle</styleUrl>
    <Point>
        <coordinates>-88.3853440927,36.5479186662,500.0</coordinates>
    </Point>
</Placemark>
<Placemark>
    <name>EV3107 MURRAY 1501031072</name>
    <description>(731) 798-0089  01/28/11 09:31:00</description>
    <styleUrl>#defaultStyle</styleUrl>
    <Point>
        <coordinates>-88.3853769808,36.5494322759,500.0</coordinates>
    </Point>
</Placemark>
<Placemark>
    <name>EV3107 MURRAY 1501031072</name>
    <description>(731) 798-0089  01/28/11 09:31:00</description>
    <styleUrl>#defaultStyle</styleUrl>
    <Point>
        <coordinates>-88.3853440927,36.5509459153,500.0</coordinates>
    </Point>
</Placemark>
<Placemark>
    <name>EV3107 MURRAY 1501031072</name>
    <description>(731) 798-0089  01/28/11 09:31:00</description>
    <styleUrl>#defaultStyle</styleUrl>
    <Point>
        <coordinates>-88.3852454685,36.5524577401,500.0</coordinates>
    </Point>
</Placemark>
<Placemark>
    <name>EV3107 MURRAY 1501031072</name>
    <description>(731) 798-0089  01/28/11 09:31:00</description>
    <styleUrl>#defaultStyle</styleUrl>
    <Point>
        <coordinates>-88.3850812285,36.5539659082,500.0</coordinates>
    </Point>
</Placemark>
<Placemark>
    <name>EV3107 MURRAY 1501031072</name>
    <description>(731) 798-0089  01/28/11 09:31:00</description>
    <styleUrl>#defaultStyle</styleUrl>
    <Point>
        <coordinates>-88.3848515727,36.5554685821,500.0</coordinates>
    </Point>
</Placemark>
<Placemark>
    <name>EV3107 MURRAY 1501031072</name>
    <description>(731) 798-0089  01/28/11 09:31:00</description>
    <styleUrl>#defaultStyle</styleUrl>
    <Point>
        <coordinates>-88.3845567808,36.5569639303,500.0</coordinates>
    </Point>
</Placemark>
<Placemark>
    <name>EV3107 MURRAY 1501031072</name>
    <description>(731) 798-0089  01/28/11 09:31:00</description>
    <styleUrl>#defaultStyle</styleUrl>
    <Point>
        <coordinates>-88.3841972121,36.5584501308,500.0</coordinates>
    </Point>
</Placemark>
<Placemark>
    <name>EV3107 MURRAY 1501031072</name>
    <description>(731) 798-0089  01/28/11 09:31:00</description>
    <styleUrl>#defaultStyle</styleUrl>
    <Point>
        <coordinates>-88.3837733046,36.5599253721,500.0</coordinates>
    </Point>
</Placemark>
<Placemark>
    <name>EV3107 MURRAY 1501031072</name>
    <description>(731) 798-0089  01/28/11 09:31:00</description>
    <styleUrl>#defaultStyle</styleUrl>
    <Point>
        <coordinates>-88.3832855748,36.5613878562,500.0</coordinates>
    </Point>
</Placemark>
<Placemark>
    <name>EV3107 MURRAY 1501031072</name>
    <description>(731) 798-0089  01/28/11 09:31:00</description>
    <styleUrl>#defaultStyle</styleUrl>
    <Point>
        <coordinates>-88.3827346169,36.5628358006,500.0</coordinates>
    </Point>
</Placemark>
<Placemark>
    <name>EV3107 MURRAY 1501031072</name>
    <description>(731) 798-0089  01/28/11 09:31:00</description>
    <styleUrl>#defaultStyle</styleUrl>
    <Point>
        <coordinates>-88.3821211022,36.5642674403,500.0</coordinates>
    </Point>
</Placemark>
<Placemark>
    <name>EV3107 MURRAY 1501031072</name>
    <description>(731) 798-0089  01/28/11 09:31:00</description>
    <styleUrl>#defaultStyle</styleUrl>
    <Point>
        <coordinates>-88.3814457781,36.5656810301,500.0</coordinates>
    </Point>
</Placemark>
<Placemark>
    <name>EV3107 MURRAY 1501031072</name>
    <description>(731) 798-0089  01/28/11 09:31:00</description>
    <styleUrl>#defaultStyle</styleUrl>
    <Point>
        <coordinates>-88.3807094674,36.5670748467,500.0</coordinates>
    </Point>
</Placemark>
<Placemark>
    <name>EV3107 MURRAY 1501031072</name>
    <description>(731) 798-0089  01/28/11 09:31:00</description>
    <styleUrl>#defaultStyle</styleUrl>
    <Point>
        <coordinates>-88.3799130672,36.5684471909,500.0</coordinates>
    </Point>
</Placemark>
<Placemark>
    <name>EV3107 MURRAY 1501031072</name>
    <description>(731) 798-0089  01/28/11 09:31:00</description>
    <styleUrl>#defaultStyle</styleUrl>
    <Point>
        <coordinates>-88.3790575478,36.5697963895,500.0</coordinates>
    </Point>
</Placemark>
<Placemark>
    <name>EV3107 MURRAY 1501031072</name>
    <description>(731) 798-0089  01/28/11 09:31:00</description>
    <styleUrl>#defaultStyle</styleUrl>
    <Point>
        <coordinates>-88.3781439514,36.5711207973,500.0</coordinates>
    </Point>
</Placemark>
<Placemark>
    <name>EV3107 MURRAY 1501031072</name>
    <description>(731) 798-0089  01/28/11 09:31:00</description>
    <styleUrl>#defaultStyle</styleUrl>
    <Point>
        <coordinates>-88.3771733912,36.5724187996,500.0</coordinates>
    </Point>
</Placemark>
<Placemark>
    <name>EV3107 MURRAY 1501031072</name>
    <description>(731) 798-0089  01/28/11 09:31:00</description>
    <styleUrl>#defaultStyle</styleUrl>
    <Point>
        <coordinates>-88.3761470497,36.5736888136,500.0</coordinates>
    </Point>
</Placemark>
<Placemark>
    <name>EV3107 MURRAY 1501031072</name>
    <description>(731) 798-0089  01/28/11 09:31:00</description>
    <styleUrl>#defaultStyle</styleUrl>
    <Point>
        <coordinates>-88.3750661772,36.5749292905,500.0</coordinates>
    </Point>
</Placemark>
<Placemark>
    <name>EV3107 MURRAY 1501031072</name>
    <description>(731) 798-0089  01/28/11 09:31:00</description>
    <styleUrl>#defaultStyle</styleUrl>
    <Point>
        <coordinates>-88.3739320906,36.5761387175,500.0</coordinates>
    </Point>
</Placemark>
<Placemark>
    <name>EV3107 MURRAY 1501031072</name>
    <description>(731) 798-0089  01/28/11 09:31:00</description>
    <styleUrl>#defaultStyle</styleUrl>
    <Point>
        <coordinates>-88.3727461717,36.5773156196,500.0</coordinates>
    </Point>
</Placemark>
<Placemark>
    <name>EV3107 MURRAY 1501031072</name>
    <description>(731) 798-0089  01/28/11 09:31:00</description>
    <styleUrl>#defaultStyle</styleUrl>
    <Point>
        <coordinates>-88.3715098653,36.5784585615,500.0</coordinates>
    </Point>
</Placemark>
<Placemark>
    <name>EV3107 MURRAY 1501031072</name>
    <description>(731) 798-0089  01/28/11 09:31:00</description>
    <styleUrl>#defaultStyle</styleUrl>
    <Point>
        <coordinates>-88.3702246777,36.579566149,500.0</coordinates>
    </Point>
</Placemark>
<Placemark>
    <name>EV3107 MURRAY 1501031072</name>
    <description>(731) 798-0089  01/28/11 09:31:00</description>
    <styleUrl>#defaultStyle</styleUrl>
    <Point>
        <coordinates>-88.3688921745,36.5806370313,500.0</coordinates>
    </Point>
</Placemark>
<Placemark>
    <name>EV3107 MURRAY 1501031072</name>
    <description>(731) 798-0089  01/28/11 09:31:00</description>
    <styleUrl>#defaultStyle</styleUrl>
    <Point>
        <coordinates>-88.3675139794,36.5816699021,500.0</coordinates>
    </Point>
</Placemark>
<Placemark>
    <name>EV3107 MURRAY 1501031072</name>
    <description>(731) 798-0089  01/28/11 09:31:00</description>
    <styleUrl>#defaultStyle</styleUrl>
    <Point>
        <coordinates>-88.3660917714,36.5826635013,500.0</coordinates>
    </Point>
</Placemark>
<Placemark>
    <name>EV3107 MURRAY 1501031072</name>
    <description>(731) 798-0089  01/28/11 09:31:00</description>
    <styleUrl>#defaultStyle</styleUrl>
    <Point>
        <coordinates>-88.3646272833,36.5836166171,500.0</coordinates>
    </Point>
</Placemark>
<Placemark>
    <name>EV3107 MURRAY 1501031072</name>
    <description>(731) 798-0089  01/28/11 09:31:00</description>
    <styleUrl>#defaultStyle</styleUrl>
    <Point>
        <coordinates>-88.3631222992,36.5845280865,500.0</coordinates>
    </Point>
</Placemark>
<Placemark>
    <name>EV3107 MURRAY 1501031072</name>
    <description>(731) 798-0089  01/28/11 09:31:00</description>
    <styleUrl>#defaultStyle</styleUrl>
    <Point>
        <coordinates>-88.3615786529,36.5853967976,500.0</coordinates>
    </Point>
</Placemark>
<Placemark>
    <name>EV3107 MURRAY 1501031072</name>
    <description>(731) 798-0089  01/28/11 09:31:00</description>
    <styleUrl>#defaultStyle</styleUrl>
    <Point>
        <coordinates>-88.3599982249,36.5862216906,500.0</coordinates>
    </Point>
</Placemark>
<Placemark>
    <name>EV3107 MURRAY 1501031072</name>
    <description>(731) 798-0089  01/28/11 09:31:00</description>
    <styleUrl>#defaultStyle</styleUrl>
    <Point>
        <coordinates>-88.3583829408,36.587001759,500.0</coordinates>
    </Point>
</Placemark>
<Placemark>
    <name>EV3107 MURRAY 1501031072</name>
    <description>(731) 798-0089  01/28/11 09:31:00</description>
    <styleUrl>#defaultStyle</styleUrl>
    <Point>
        <coordinates>-88.3567347686,36.5877360511,500.0</coordinates>
    </Point>
</Placemark>
<Placemark>
    <name>EV3107 MURRAY 1501031072</name>
    <description>(731) 798-0089  01/28/11 09:31:00</description>
    <styleUrl>#defaultStyle</styleUrl>
    <Point>
        <coordinates>-88.3550557163,36.5884236709,500.0</coordinates>
    </Point>
</Placemark>
<Placemark>
    <name>EV3107 MURRAY 1501031072</name>
    <description>(731) 798-0089  01/28/11 09:31:00</description>
    <styleUrl>#defaultStyle</styleUrl>
    <Point>
        <coordinates>-88.3533478296,36.5890637794,500.0</coordinates>
    </Point>
</Placemark>
<Placemark>
    <name>EV3107 MURRAY 1501031072</name>
    <description>(731) 798-0089  01/28/11 09:31:00</description>
    <styleUrl>#defaultStyle</styleUrl>
    <Point>
        <coordinates>-88.3516131892,36.5896555956,500.0</coordinates>
    </Point>
</Placemark>
<Placemark>
    <name>EV3107 MURRAY 1501031072</name>
    <description>(731) 798-0089  01/28/11 09:31:00</description>
    <styleUrl>#defaultStyle</styleUrl>
    <Point>
        <coordinates>-88.3498539086,36.5901983972,500.0</coordinates>
    </Point>
</Placemark>
<Placemark>
    <name>EV3107 MURRAY 1501031072</name>
    <description>(731) 798-0089  01/28/11 09:31:00</description>
    <styleUrl>#defaultStyle</styleUrl>
    <Point>
        <coordinates>-88.3480721312,36.590691522,500.0</coordinates>
    </Point>
</Placemark>
<Placemark>
    <name>EV3107 MURRAY 1501031072</name>
    <description>(731) 798-0089  01/28/11 09:31:00</description>
    <styleUrl>#defaultStyle</styleUrl>
    <Point>
        <coordinates>-88.3462700278,36.5911343682,500.0</coordinates>
    </Point>
</Placemark>
<Placemark>
    <name>EV3107 MURRAY 1501031072</name>
    <description>(731) 798-0089  01/28/11 09:31:00</description>
    <styleUrl>#defaultStyle</styleUrl>
    <Point>
        <coordinates>-88.3444497941,36.5915263954,500.0</coordinates>
    </Point>
</Placemark>
<Placemark>
    <name>EV3107 MURRAY 1501031072</name>
    <description>(731) 798-0089  01/28/11 09:31:00</description>
    <styleUrl>#defaultStyle</styleUrl>
    <Point>
        <coordinates>-88.3426136475,36.5918671251,500.0</coordinates>
    </Point>
</Placemark>
<Placemark>
    <name>EV3107 MURRAY 1501031072</name>
    <description>(731) 798-0089  01/28/11 09:31:00</description>
    <styleUrl>#defaultStyle</styleUrl>
    <Point>
        <coordinates>-88.3407638253,36.5921561416,500.0</coordinates>
    </Point>
</Placemark>
<Placemark>
    <name>EV3107 MURRAY 1501031072</name>
    <description>(731) 798-0089  01/28/11 09:31:00</description>
    <styleUrl>#defaultStyle</styleUrl>
    <Point>
        <coordinates>-88.3389025812,36.5923930921,500.0</coordinates>
    </Point>
</Placemark>
<Placemark>
    <name>EV3107 MURRAY 1501031072</name>
    <description>(731) 798-0089  01/28/11 09:31:00</description>
    <styleUrl>#defaultStyle</styleUrl>
    <Point>
        <coordinates>-88.3370321828,36.5925776875,500.0</coordinates>
    </Point>
</Placemark>
<Placemark>
    <name>EV3107 MURRAY 1501031072</name>
    <description>(731) 798-0089  01/28/11 09:31:00</description>
    <styleUrl>#defaultStyle</styleUrl>
    <Point>
        <coordinates>-88.3351549089,36.5927097025,500.0</coordinates>
    </Point>
</Placemark>
<Placemark>
    <name>EV3107 MURRAY 1501031072</name>
    <description>(731) 798-0089  01/28/11 09:31:00</description>
    <styleUrl>#defaultStyle</styleUrl>
    <Point>
        <coordinates>-88.3332730467,36.592788976,500.0</coordinates>
    </Point>
</Placemark>
<Placemark>
    <name>CR1261 MICHIE 1600812611</name>
    <description>(731) 439-5644  04/08/11 20:46:00</description>
    <styleUrl>#defaultStyle</styleUrl>
    <Point>
        <coordinates>-88.4219444444,35.0608333333,500.0</coordinates>
    </Point>
</Placemark>
<Placemark>
    <name>CR1261 MICHIE 1600812611</name>
    <description>(731) 439-5644  04/08/11 20:46:00</description>
    <styleUrl>#defaultStyle</styleUrl>
    <Point>
        <coordinates>-88.4219444444,35.1042043001,500.0</coordinates>
    </Point>
</Placemark>
<Placemark>
    <name>CR1261 MICHIE 1600812611</name>
    <description>(731) 439-5644  04/08/11 20:46:00</description>
    <styleUrl>#defaultStyle</styleUrl>
    <Point>
        <coordinates>-88.4200952732,35.1041778657,500.0</coordinates>
    </Point>
</Placemark>
<Placemark>
    <name>CR1261 MICHIE 1600812611</name>
    <description>(731) 439-5644  04/08/11 20:46:00</description>
    <styleUrl>#defaultStyle</styleUrl>
    <Point>
        <coordinates>-88.4182483549,35.1040985945,500.0</coordinates>
    </Point>
</Placemark>
<Placemark>
    <name>CR1261 MICHIE 1600812611</name>
    <description>(731) 439-5644  04/08/11 20:46:00</description>
    <styleUrl>#defaultStyle</styleUrl>
    <Point>
        <coordinates>-88.4164059397,35.1039665835,500.0</coordinates>
    </Point>
</Placemark>
<Placemark>
    <name>CR1261 MICHIE 1600812611</name>
    <description>(731) 439-5644  04/08/11 20:46:00</description>
    <styleUrl>#defaultStyle</styleUrl>
    <Point>
        <coordinates>-88.4145702724,35.1037819935,500.0</coordinates>
    </Point>
</Placemark>
<Placemark>
    <name>CR1261 MICHIE 1600812611</name>
    <description>(731) 439-5644  04/08/11 20:46:00</description>
    <styleUrl>#defaultStyle</styleUrl>
    <Point>
        <coordinates>-88.4127435893,35.10354505,500.0</coordinates>
    </Point>
</Placemark>
<Placemark>
    <name>CR1261 MICHIE 1600812611</name>
    <description>(731) 439-5644  04/08/11 20:46:00</description>
    <styleUrl>#defaultStyle</styleUrl>
    <Point>
        <coordinates>-88.4109281161,35.103256042,500.0</coordinates>
    </Point>
</Placemark>
<Placemark>
    <name>CR1261 MICHIE 1600812611</name>
    <description>(731) 439-5644  04/08/11 20:46:00</description>
    <styleUrl>#defaultStyle</styleUrl>
    <Point>
        <coordinates>-88.4091260647,35.1029153223,500.0</coordinates>
    </Point>
</Placemark>
<Placemark>
    <name>CR1261 MICHIE 1600812611</name>
    <description>(731) 439-5644  04/08/11 20:46:00</description>
    <styleUrl>#defaultStyle</styleUrl>
    <Point>
        <coordinates>-88.4073396304,35.1025233064,500.0</coordinates>
    </Point>
</Placemark>
<Placemark>
    <name>CR1261 MICHIE 1600812611</name>
    <description>(731) 439-5644  04/08/11 20:46:00</description>
    <styleUrl>#defaultStyle</styleUrl>
    <Point>
        <coordinates>-88.40557099,35.1020804729,500.0</coordinates>
    </Point>
</Placemark>
<Placemark>
    <name>CR1261 MICHIE 1600812611</name>
    <description>(731) 439-5644  04/08/11 20:46:00</description>
    <styleUrl>#defaultStyle</styleUrl>
    <Point>
        <coordinates>-88.403822298,35.1015873621,500.0</coordinates>
    </Point>
</Placemark>
<Placemark>
    <name>CR1261 MICHIE 1600812611</name>
    <description>(731) 439-5644  04/08/11 20:46:00</description>
    <styleUrl>#defaultStyle</styleUrl>
    <Point>
        <coordinates>-88.4020956852,35.1010445756,500.0</coordinates>
    </Point>
</Placemark>
<Placemark>
    <name>CR1261 MICHIE 1600812611</name>
    <description>(731) 439-5644  04/08/11 20:46:00</description>
    <styleUrl>#defaultStyle</styleUrl>
    <Point>
        <coordinates>-88.400393255,35.1004527757,500.0</coordinates>
    </Point>
</Placemark>
<Placemark>
    <name>CR1261 MICHIE 1600812611</name>
    <description>(731) 439-5644  04/08/11 20:46:00</description>
    <styleUrl>#defaultStyle</styleUrl>
    <Point>
        <coordinates>-88.3987170817,35.0998126845,500.0</coordinates>
    </Point>
</Placemark>
<Placemark>
    <name>CR1261 MICHIE 1600812611</name>
    <description>(731) 439-5644  04/08/11 20:46:00</description>
    <styleUrl>#defaultStyle</styleUrl>
    <Point>
        <coordinates>-88.3970692074,35.099125083,500.0</coordinates>
    </Point>
</Placemark>
<Placemark>
    <name>CR1261 MICHIE 1600812611</name>
    <description>(731) 439-5644  04/08/11 20:46:00</description>
    <styleUrl>#defaultStyle</styleUrl>
    <Point>
        <coordinates>-88.3954516397,35.0983908101,500.0</coordinates>
    </Point>
</Placemark>
<Placemark>
    <name>CR1261 MICHIE 1600812611</name>
    <description>(731) 439-5644  04/08/11 20:46:00</description>
    <styleUrl>#defaultStyle</styleUrl>
    <Point>
        <coordinates>-88.3938663495,35.0976107617,500.0</coordinates>
    </Point>
</Placemark>
<Placemark>
    <name>CR1261 MICHIE 1600812611</name>
    <description>(731) 439-5644  04/08/11 20:46:00</description>
    <styleUrl>#defaultStyle</styleUrl>
    <Point>
        <coordinates>-88.3923152682,35.0967858894,500.0</coordinates>
    </Point>
</Placemark>
<Placemark>
    <name>CR1261 MICHIE 1600812611</name>
    <description>(731) 439-5644  04/08/11 20:46:00</description>
    <styleUrl>#defaultStyle</styleUrl>
    <Point>
        <coordinates>-88.3908002855,35.0959171996,500.0</coordinates>
    </Point>
</Placemark>
<Placemark>
    <name>CR1261 MICHIE 1600812611</name>
    <description>(731) 439-5644  04/08/11 20:46:00</description>
    <styleUrl>#defaultStyle</styleUrl>
    <Point>
        <coordinates>-88.3893232472,35.095005752,500.0</coordinates>
    </Point>
</Placemark>
<Placemark>
    <name>CR1261 MICHIE 1600812611</name>
    <description>(731) 439-5644  04/08/11 20:46:00</description>
    <styleUrl>#defaultStyle</styleUrl>
    <Point>
        <coordinates>-88.3878859528,35.0940526584,500.0</coordinates>
    </Point>
</Placemark>
<Placemark>
    <name>CR1261 MICHIE 1600812611</name>
    <description>(731) 439-5644  04/08/11 20:46:00</description>
    <styleUrl>#defaultStyle</styleUrl>
    <Point>
        <coordinates>-88.3864901535,35.0930590815,500.0</coordinates>
    </Point>
</Placemark>
<Placemark>
    <name>CR1261 MICHIE 1600812611</name>
    <description>(731) 439-5644  04/08/11 20:46:00</description>
    <styleUrl>#defaultStyle</styleUrl>
    <Point>
        <coordinates>-88.3851375498,35.0920262334,500.0</coordinates>
    </Point>
</Placemark>
<Placemark>
    <name>CR1261 MICHIE 1600812611</name>
    <description>(731) 439-5644  04/08/11 20:46:00</description>
    <styleUrl>#defaultStyle</styleUrl>
    <Point>
        <coordinates>-88.3838297896,35.0909553737,500.0</coordinates>
    </Point>
</Placemark>
<Placemark>
    <name>CR1261 MICHIE 1600812611</name>
    <description>(731) 439-5644  04/08/11 20:46:00</description>
    <styleUrl>#defaultStyle</styleUrl>
    <Point>
        <coordinates>-88.3825684664,35.0898478088,500.0</coordinates>
    </Point>
</Placemark>
<Placemark>
    <name>CR1261 MICHIE 1600812611</name>
    <description>(731) 439-5644  04/08/11 20:46:00</description>
    <styleUrl>#defaultStyle</styleUrl>
    <Point>
        <coordinates>-88.3813551167,35.0887048893,500.0</coordinates>
    </Point>
</Placemark>
<Placemark>
    <name>CR1261 MICHIE 1600812611</name>
    <description>(731) 439-5644  04/08/11 20:46:00</description>
    <styleUrl>#defaultStyle</styleUrl>
    <Point>
        <coordinates>-88.3801912188,35.0875280093,500.0</coordinates>
    </Point>
</Placemark>
<Placemark>
    <name>CR1261 MICHIE 1600812611</name>
    <description>(731) 439-5644  04/08/11 20:46:00</description>
    <styleUrl>#defaultStyle</styleUrl>
    <Point>
        <coordinates>-88.3790781909,35.0863186041,500.0</coordinates>
    </Point>
</Placemark>
<Placemark>
    <name>CR1261 MICHIE 1600812611</name>
    <description>(731) 439-5644  04/08/11 20:46:00</description>
    <styleUrl>#defaultStyle</styleUrl>
    <Point>
        <coordinates>-88.3780173889,35.0850781485,500.0</coordinates>
    </Point>
</Placemark>
<Placemark>
    <name>CR1261 MICHIE 1600812611</name>
    <description>(731) 439-5644  04/08/11 20:46:00</description>
    <styleUrl>#defaultStyle</styleUrl>
    <Point>
        <coordinates>-88.3770101053,35.0838081552,500.0</coordinates>
    </Point>
</Placemark>
<Placemark>
    <name>CR1261 MICHIE 1600812611</name>
    <description>(731) 439-5644  04/08/11 20:46:00</description>
    <styleUrl>#defaultStyle</styleUrl>
    <Point>
        <coordinates>-88.3760575672,35.0825101729,500.0</coordinates>
    </Point>
</Placemark>
<Placemark>
    <name>CR1261 MICHIE 1600812611</name>
    <description>(731) 439-5644  04/08/11 20:46:00</description>
    <styleUrl>#defaultStyle</styleUrl>
    <Point>
        <coordinates>-88.3751609352,35.0811857842,500.0</coordinates>
    </Point>
</Placemark>
<Placemark>
    <name>CR1261 MICHIE 1600812611</name>
    <description>(731) 439-5644  04/08/11 20:46:00</description>
    <styleUrl>#defaultStyle</styleUrl>
    <Point>
        <coordinates>-88.3743213017,35.0798366039,500.0</coordinates>
    </Point>
</Placemark>
<Placemark>
    <name>CR1261 MICHIE 1600812611</name>
    <description>(731) 439-5644  04/08/11 20:46:00</description>
    <styleUrl>#defaultStyle</styleUrl>
    <Point>
        <coordinates>-88.3735396897,35.0784642771,500.0</coordinates>
    </Point>
</Placemark>
<Placemark>
    <name>CR1261 MICHIE 1600812611</name>
    <description>(731) 439-5644  04/08/11 20:46:00</description>
    <styleUrl>#defaultStyle</styleUrl>
    <Point>
        <coordinates>-88.3728170514,35.0770704767,500.0</coordinates>
    </Point>
</Placemark>
<Placemark>
    <name>CR1261 MICHIE 1600812611</name>
    <description>(731) 439-5644  04/08/11 20:46:00</description>
    <styleUrl>#defaultStyle</styleUrl>
    <Point>
        <coordinates>-88.3721542672,35.0756569021,500.0</coordinates>
    </Point>
</Placemark>
<Placemark>
    <name>CR1261 MICHIE 1600812611</name>
    <description>(731) 439-5644  04/08/11 20:46:00</description>
    <styleUrl>#defaultStyle</styleUrl>
    <Point>
        <coordinates>-88.3715521447,35.0742252763,500.0</coordinates>
    </Point>
</Placemark>
<Placemark>
    <name>CR1261 MICHIE 1600812611</name>
    <description>(731) 439-5644  04/08/11 20:46:00</description>
    <styleUrl>#defaultStyle</styleUrl>
    <Point>
        <coordinates>-88.3710114174,35.0727773445,500.0</coordinates>
    </Point>
</Placemark>
<Placemark>
    <name>CR1261 MICHIE 1600812611</name>
    <description>(731) 439-5644  04/08/11 20:46:00</description>
    <styleUrl>#defaultStyle</styleUrl>
    <Point>
        <coordinates>-88.3705327442,35.0713148717,500.0</coordinates>
    </Point>
</Placemark>
<Placemark>
    <name>CR1261 MICHIE 1600812611</name>
    <description>(731) 439-5644  04/08/11 20:46:00</description>
    <styleUrl>#defaultStyle</styleUrl>
    <Point>
        <coordinates>-88.3701167081,35.0698396403,500.0</coordinates>
    </Point>
</Placemark>
<Placemark>
    <name>CR1261 MICHIE 1600812611</name>
    <description>(731) 439-5644  04/08/11 20:46:00</description>
    <styleUrl>#defaultStyle</styleUrl>
    <Point>
        <coordinates>-88.3697638162,35.0683534483,500.0</coordinates>
    </Point>
</Placemark>
<Placemark>
    <name>CR1261 MICHIE 1600812611</name>
    <description>(731) 439-5644  04/08/11 20:46:00</description>
    <styleUrl>#defaultStyle</styleUrl>
    <Point>
        <coordinates>-88.3694744982,35.066858107,500.0</coordinates>
    </Point>
</Placemark>
<Placemark>
    <name>CR1261 MICHIE 1600812611</name>
    <description>(731) 439-5644  04/08/11 20:46:00</description>
    <styleUrl>#defaultStyle</styleUrl>
    <Point>
        <coordinates>-88.3692491068,35.0653554386,500.0</coordinates>
    </Point>
</Placemark>
<Placemark>
    <name>CR1261 MICHIE 1600812611</name>
    <description>(731) 439-5644  04/08/11 20:46:00</description>
    <styleUrl>#defaultStyle</styleUrl>
    <Point>
        <coordinates>-88.3690879165,35.0638472744,500.0</coordinates>
    </Point>
</Placemark>
<Placemark>
    <name>CR1261 MICHIE 1600812611</name>
    <description>(731) 439-5644  04/08/11 20:46:00</description>
    <styleUrl>#defaultStyle</styleUrl>
    <Point>
        <coordinates>-88.3689911237,35.0623354519,500.0</coordinates>
    </Point>
</Placemark>
<Placemark>
    <name>CR1261 MICHIE 1600812611</name>
    <description>(731) 439-5644  04/08/11 20:46:00</description>
    <styleUrl>#defaultStyle</styleUrl>
    <Point>
        <coordinates>-88.3689588463,35.0608218133,500.0</coordinates>
    </Point>
</Placemark>
<Placemark>
    <name>CR1261 MICHIE 1600812611</name>
    <description>(731) 439-5644  04/08/11 20:46:00</description>
    <styleUrl>#defaultStyle</styleUrl>
    <Point>
        <coordinates>-88.3689911237,35.0593082028,500.0</coordinates>
    </Point>
</Placemark>
<Placemark>
    <name>CR1261 MICHIE 1600812611</name>
    <description>(731) 439-5644  04/08/11 20:46:00</description>
    <styleUrl>#defaultStyle</styleUrl>
    <Point>
        <coordinates>-88.3690879165,35.0577964644,500.0</coordinates>
    </Point>
</Placemark>
<Placemark>
    <name>CR1261 MICHIE 1600812611</name>
    <description>(731) 439-5644  04/08/11 20:46:00</description>
    <styleUrl>#defaultStyle</styleUrl>
    <Point>
        <coordinates>-88.3692491068,35.0562884397,500.0</coordinates>
    </Point>
</Placemark>
<Placemark>
    <name>CR1261 MICHIE 1600812611</name>
    <description>(731) 439-5644  04/08/11 20:46:00</description>
    <styleUrl>#defaultStyle</styleUrl>
    <Point>
        <coordinates>-88.3694744982,35.0547859659,500.0</coordinates>
    </Point>
</Placemark>
<Placemark>
    <name>CR1261 MICHIE 1600812611</name>
    <description>(731) 439-5644  04/08/11 20:46:00</description>
    <styleUrl>#defaultStyle</styleUrl>
    <Point>
        <coordinates>-88.3697638162,35.0532908731,500.0</coordinates>
    </Point>
</Placemark>
<Placemark>
    <name>CR1261 MICHIE 1600812611</name>
    <description>(731) 439-5644  04/08/11 20:46:00</description>
    <styleUrl>#defaultStyle</styleUrl>
    <Point>
        <coordinates>-88.3701167081,35.0518049823,500.0</coordinates>
    </Point>
</Placemark>
<Placemark>
    <name>CR1261 MICHIE 1600812611</name>
    <description>(731) 439-5644  04/08/11 20:46:00</description>
    <styleUrl>#defaultStyle</styleUrl>
    <Point>
        <coordinates>-88.3705327442,35.0503301034,500.0</coordinates>
    </Point>
</Placemark>
<Placemark>
    <name>CR1261 MICHIE 1600812611</name>
    <description>(731) 439-5644  04/08/11 20:46:00</description>
    <styleUrl>#defaultStyle</styleUrl>
    <Point>
        <coordinates>-88.3710114174,35.0488680326,500.0</coordinates>
    </Point>
</Placemark>
<Placemark>
    <name>CR1261 MICHIE 1600812611</name>
    <description>(731) 439-5644  04/08/11 20:46:00</description>
    <styleUrl>#defaultStyle</styleUrl>
    <Point>
        <coordinates>-88.3715521447,35.0474205504,500.0</coordinates>
    </Point>
</Placemark>
<Placemark>
    <name>CR1261 MICHIE 1600812611</name>
    <description>(731) 439-5644  04/08/11 20:46:00</description>
    <styleUrl>#defaultStyle</styleUrl>
    <Point>
        <coordinates>-88.3721542672,35.0459894197,500.0</coordinates>
    </Point>
</Placemark>
<Placemark>
    <name>CR1261 MICHIE 1600812611</name>
    <description>(731) 439-5644  04/08/11 20:46:00</description>
    <styleUrl>#defaultStyle</styleUrl>
    <Point>
        <coordinates>-88.3728170514,35.0445763831,500.0</coordinates>
    </Point>
</Placemark>
<Placemark>
    <name>CR1261 MICHIE 1600812611</name>
    <description>(731) 439-5644  04/08/11 20:46:00</description>
    <styleUrl>#defaultStyle</styleUrl>
    <Point>
        <coordinates>-88.3735396897,35.0431831612,500.0</coordinates>
    </Point>
</Placemark>
<Placemark>
    <name>CR1261 MICHIE 1600812611</name>
    <description>(731) 439-5644  04/08/11 20:46:00</description>
    <styleUrl>#defaultStyle</styleUrl>
    <Point>
        <coordinates>-88.3743213017,35.0418114503,500.0</coordinates>
    </Point>
</Placemark>
<Placemark>
    <name>CR1261 MICHIE 1600812611</name>
    <description>(731) 439-5644  04/08/11 20:46:00</description>
    <styleUrl>#defaultStyle</styleUrl>
    <Point>
        <coordinates>-88.3751609352,35.0404629206,500.0</coordinates>
    </Point>
</Placemark>
<Placemark>
    <name>CR1261 MICHIE 1600812611</name>
    <description>(731) 439-5644  04/08/11 20:46:00</description>
    <styleUrl>#defaultStyle</styleUrl>
    <Point>
        <coordinates>-88.3760575672,35.0391392138,500.0</coordinates>
    </Point>
</Placemark>
<Placemark>
    <name>HUNTERS CREEK RELO 2721623583</name>
    <description>(731) 439-5644  01/20/11 21:19:00</description>
    <styleUrl>#defaultStyle</styleUrl>
    <Point>
        <coordinates>-81.4205555556,28.319406811,500.0</coordinates>
    </Point>
</Placemark>
<Placemark>
    <name>HUNTERS CREEK RELO 2721623583</name>
    <description>(731) 439-5644  01/20/11 21:19:00</description>
    <styleUrl>#defaultStyle</styleUrl>
    <Point>
        <coordinates>-81.4222756677,28.3194332206,500.0</coordinates>
    </Point>
</Placemark>
<Placemark>
    <name>HUNTERS CREEK RELO 2721623583</name>
    <description>(731) 439-5644  01/20/11 21:19:00</description>
    <styleUrl>#defaultStyle</styleUrl>
    <Point>
        <coordinates>-81.4239936841,28.3195124174,500.0</coordinates>
    </Point>
</Placemark>
<Placemark>
    <name>HUNTERS CREEK RELO 2721623583</name>
    <description>(731) 439-5644  01/20/11 21:19:00</description>
    <styleUrl>#defaultStyle</styleUrl>
    <Point>
        <coordinates>-81.4257075116,28.3196443049,500.0</coordinates>
    </Point>
</Placemark>
<Placemark>
    <name>HUNTERS CREEK RELO 2721623583</name>
    <description>(731) 439-5644  01/20/11 21:19:00</description>
    <styleUrl>#defaultStyle</styleUrl>
    <Point>
        <coordinates>-81.4274150623,28.3198287227,500.0</coordinates>
    </Point>
</Placemark>
<Placemark>
    <name>HUNTERS CREEK RELO 2721623583</name>
    <description>(731) 439-5644  01/20/11 21:19:00</description>
    <styleUrl>#defaultStyle</styleUrl>
    <Point>
        <coordinates>-81.4291142557,28.3200654464,500.0</coordinates>
    </Point>
</Placemark>
<Placemark>
    <name>HUNTERS CREEK RELO 2721623583</name>
    <description>(731) 439-5644  01/20/11 21:19:00</description>
    <styleUrl>#defaultStyle</styleUrl>
    <Point>
        <coordinates>-81.4308030217,28.3203541879,500.0</coordinates>
    </Point>
</Placemark>
<Placemark>
    <name>HUNTERS CREEK RELO 2721623583</name>
    <description>(731) 439-5644  01/20/11 21:19:00</description>
    <styleUrl>#defaultStyle</styleUrl>
    <Point>
        <coordinates>-81.4324793027,28.3206945958,500.0</coordinates>
    </Point>
</Placemark>
<Placemark>
    <name>HUNTERS CREEK RELO 2721623583</name>
    <description>(731) 439-5644  01/20/11 21:19:00</description>
    <styleUrl>#defaultStyle</styleUrl>
    <Point>
        <coordinates>-81.4341410564,28.321086256,500.0</coordinates>
    </Point>
</Placemark>
<Placemark>
    <name>HUNTERS CREEK RELO 2721623583</name>
    <description>(731) 439-5644  01/20/11 21:19:00</description>
    <styleUrl>#defaultStyle</styleUrl>
    <Point>
        <coordinates>-81.4357862582,28.3215286917,500.0</coordinates>
    </Point>
</Placemark>
<Placemark>
    <name>HUNTERS CREEK RELO 2721623583</name>
    <description>(731) 439-5644  01/20/11 21:19:00</description>
    <styleUrl>#defaultStyle</styleUrl>
    <Point>
        <coordinates>-81.4374129038,28.3220213645,500.0</coordinates>
    </Point>
</Placemark>
<Placemark>
    <name>HUNTERS CREEK RELO 2721623583</name>
    <description>(731) 439-5644  01/20/11 21:19:00</description>
    <styleUrl>#defaultStyle</styleUrl>
    <Point>
        <coordinates>-81.4390190112,28.322563675,500.0</coordinates>
    </Point>
</Placemark>
<Placemark>
    <name>HUNTERS CREEK RELO 2721623583</name>
    <description>(731) 439-5644  01/20/11 21:19:00</description>
    <styleUrl>#defaultStyle</styleUrl>
    <Point>
        <coordinates>-81.4406026238,28.3231549632,500.0</coordinates>
    </Point>
</Placemark>
<Placemark>
    <name>HUNTERS CREEK RELO 2721623583</name>
    <description>(731) 439-5644  01/20/11 21:19:00</description>
    <styleUrl>#defaultStyle</styleUrl>
    <Point>
        <coordinates>-81.442161812,28.3237945094,500.0</coordinates>
    </Point>
</Placemark>
<Placemark>
    <name>HUNTERS CREEK RELO 2721623583</name>
    <description>(731) 439-5644  01/20/11 21:19:00</description>
    <styleUrl>#defaultStyle</styleUrl>
    <Point>
        <coordinates>-81.4436946764,28.3244815354,500.0</coordinates>
    </Point>
</Placemark>
<Placemark>
    <name>HUNTERS CREEK RELO 2721623583</name>
    <description>(731) 439-5644  01/20/11 21:19:00</description>
    <styleUrl>#defaultStyle</styleUrl>
    <Point>
        <coordinates>-81.4451993492,28.325215205,500.0</coordinates>
    </Point>
</Placemark>
<Placemark>
    <name>HUNTERS CREEK RELO 2721623583</name>
    <description>(731) 439-5644  01/20/11 21:19:00</description>
    <styleUrl>#defaultStyle</styleUrl>
    <Point>
        <coordinates>-81.4466739974,28.3259946253,500.0</coordinates>
    </Point>
</Placemark>
<Placemark>
    <name>HUNTERS CREEK RELO 2721623583</name>
    <description>(731) 439-5644  01/20/11 21:19:00</description>
    <styleUrl>#defaultStyle</styleUrl>
    <Point>
        <coordinates>-81.4481168242,28.3268188477,500.0</coordinates>
    </Point>
</Placemark>
<Placemark>
    <name>HUNTERS CREEK RELO 2721623583</name>
    <description>(731) 439-5644  01/20/11 21:19:00</description>
    <styleUrl>#defaultStyle</styleUrl>
    <Point>
        <coordinates>-81.4495260718,28.327686869,500.0</coordinates>
    </Point>
</Placemark>
<Placemark>
    <name>HUNTERS CREEK RELO 2721623583</name>
    <description>(731) 439-5644  01/20/11 21:19:00</description>
    <styleUrl>#defaultStyle</styleUrl>
    <Point>
        <coordinates>-81.4509000233,28.3285976329,500.0</coordinates>
    </Point>
</Placemark>
<Placemark>
    <name>HUNTERS CREEK RELO 2721623583</name>
    <description>(731) 439-5644  01/20/11 21:19:00</description>
    <styleUrl>#defaultStyle</styleUrl>
    <Point>
        <coordinates>-81.4522370047,28.3295500306,500.0</coordinates>
    </Point>
</Placemark>
<Placemark>
    <name>HUNTERS CREEK RELO 2721623583</name>
    <description>(731) 439-5644  01/20/11 21:19:00</description>
    <styleUrl>#defaultStyle</styleUrl>
    <Point>
        <coordinates>-81.4535353871,28.330542903,500.0</coordinates>
    </Point>
</Placemark>
<Placemark>
    <name>HUNTERS CREEK RELO 2721623583</name>
    <description>(731) 439-5644  01/20/11 21:19:00</description>
    <styleUrl>#defaultStyle</styleUrl>
    <Point>
        <coordinates>-81.4547935887,28.3315750416,500.0</coordinates>
    </Point>
</Placemark>
<Placemark>
    <name>HUNTERS CREEK RELO 2721623583</name>
    <description>(731) 439-5644  01/20/11 21:19:00</description>
    <styleUrl>#defaultStyle</styleUrl>
    <Point>
        <coordinates>-81.4560100764,28.3326451899,500.0</coordinates>
    </Point>
</Placemark>
<Placemark>
    <name>HUNTERS CREEK RELO 2721623583</name>
    <description>(731) 439-5644  01/20/11 21:19:00</description>
    <styleUrl>#defaultStyle</styleUrl>
    <Point>
        <coordinates>-81.4571833683,28.3337520452,500.0</coordinates>
    </Point>
</Placemark>
<Placemark>
    <name>HUNTERS CREEK RELO 2721623583</name>
    <description>(731) 439-5644  01/20/11 21:19:00</description>
    <styleUrl>#defaultStyle</styleUrl>
    <Point>
        <coordinates>-81.4583120348,28.3348942603,500.0</coordinates>
    </Point>
</Placemark>
<Placemark>
    <name>HUNTERS CREEK RELO 2721623583</name>
    <description>(731) 439-5644  01/20/11 21:19:00</description>
    <styleUrl>#defaultStyle</styleUrl>
    <Point>
        <coordinates>-81.4593947008,28.3360704445,500.0</coordinates>
    </Point>
</Placemark>
<Placemark>
    <name>HUNTERS CREEK RELO 2721623583</name>
    <description>(731) 439-5644  01/20/11 21:19:00</description>
    <styleUrl>#defaultStyle</styleUrl>
    <Point>
        <coordinates>-81.4604300473,28.3372791659,500.0</coordinates>
    </Point>
</Placemark>
<Placemark>
    <name>HUNTERS CREEK RELO 2721623583</name>
    <description>(731) 439-5644  01/20/11 21:19:00</description>
    <styleUrl>#defaultStyle</styleUrl>
    <Point>
        <coordinates>-81.4614168129,28.3385189531,500.0</coordinates>
    </Point>
</Placemark>
<Placemark>
    <name>HUNTERS CREEK RELO 2721623583</name>
    <description>(731) 439-5644  01/20/11 21:19:00</description>
    <styleUrl>#defaultStyle</styleUrl>
    <Point>
        <coordinates>-81.4623537953,28.3397882966,500.0</coordinates>
    </Point>
</Placemark>
<Placemark>
    <name>HUNTERS CREEK RELO 2721623583</name>
    <description>(731) 439-5644  01/20/11 21:19:00</description>
    <styleUrl>#defaultStyle</styleUrl>
    <Point>
        <coordinates>-81.463239853,28.3410856509,500.0</coordinates>
    </Point>
</Placemark>
<Placemark>
    <name>HUNTERS CREEK RELO 2721623583</name>
    <description>(731) 439-5644  01/20/11 21:19:00</description>
    <styleUrl>#defaultStyle</styleUrl>
    <Point>
        <coordinates>-81.4640739064,28.3424094364,500.0</coordinates>
    </Point>
</Placemark>
<Placemark>
    <name>HUNTERS CREEK RELO 2721623583</name>
    <description>(731) 439-5644  01/20/11 21:19:00</description>
    <styleUrl>#defaultStyle</styleUrl>
    <Point>
        <coordinates>-81.4648549395,28.3437580412,500.0</coordinates>
    </Point>
</Placemark>
<Placemark>
    <name>HUNTERS CREEK RELO 2721623583</name>
    <description>(731) 439-5644  01/20/11 21:19:00</description>
    <styleUrl>#defaultStyle</styleUrl>
    <Point>
        <coordinates>-81.4655820006,28.3451298232,500.0</coordinates>
    </Point>
</Placemark>
<Placemark>
    <name>HUNTERS CREEK RELO 2721623583</name>
    <description>(731) 439-5644  01/20/11 21:19:00</description>
    <styleUrl>#defaultStyle</styleUrl>
    <Point>
        <coordinates>-81.4662542039,28.3465231119,500.0</coordinates>
    </Point>
</Placemark>
<Placemark>
    <name>HUNTERS CREEK RELO 2721623583</name>
    <description>(731) 439-5644  01/20/11 21:19:00</description>
    <styleUrl>#defaultStyle</styleUrl>
    <Point>
        <coordinates>-81.4668707304,28.3479362106,500.0</coordinates>
    </Point>
</Placemark>
<Placemark>
    <name>HUNTERS CREEK RELO 2721623583</name>
    <description>(731) 439-5644  01/20/11 21:19:00</description>
    <styleUrl>#defaultStyle</styleUrl>
    <Point>
        <coordinates>-81.4674308291,28.3493673985,500.0</coordinates>
    </Point>
</Placemark>
<Placemark>
    <name>HUNTERS CREEK RELO 2721623583</name>
    <description>(731) 439-5644  01/20/11 21:19:00</description>
    <styleUrl>#defaultStyle</styleUrl>
    <Point>
        <coordinates>-81.4679338174,28.3508149326,500.0</coordinates>
    </Point>
</Placemark>
<Placemark>
    <name>HUNTERS CREEK RELO 2721623583</name>
    <description>(731) 439-5644  01/20/11 21:19:00</description>
    <styleUrl>#defaultStyle</styleUrl>
    <Point>
        <coordinates>-81.4683790827,28.3522770498,500.0</coordinates>
    </Point>
</Placemark>
<Placemark>
    <name>HUNTERS CREEK RELO 2721623583</name>
    <description>(731) 439-5644  01/20/11 21:19:00</description>
    <styleUrl>#defaultStyle</styleUrl>
    <Point>
        <coordinates>-81.4687660824,28.3537519695,500.0</coordinates>
    </Point>
</Placemark>
<Placemark>
    <name>HUNTERS CREEK RELO 2721623583</name>
    <description>(731) 439-5644  01/20/11 21:19:00</description>
    <styleUrl>#defaultStyle</styleUrl>
    <Point>
        <coordinates>-81.469094345,28.3552378951,500.0</coordinates>
    </Point>
</Placemark>
<Placemark>
    <name>HUNTERS CREEK RELO 2721623583</name>
    <description>(731) 439-5644  01/20/11 21:19:00</description>
    <styleUrl>#defaultStyle</styleUrl>
    <Point>
        <coordinates>-81.4693634707,28.3567330167,500.0</coordinates>
    </Point>
</Placemark>
<Placemark>
    <name>HUNTERS CREEK RELO 2721623583</name>
    <description>(731) 439-5644  01/20/11 21:19:00</description>
    <styleUrl>#defaultStyle</styleUrl>
    <Point>
        <coordinates>-81.4695731314,28.358235513,500.0</coordinates>
    </Point>
</Placemark>
<Placemark>
    <name>HUNTERS CREEK RELO 2721623583</name>
    <description>(731) 439-5644  01/20/11 21:19:00</description>
    <styleUrl>#defaultStyle</styleUrl>
    <Point>
        <coordinates>-81.4697230717,28.3597435539,500.0</coordinates>
    </Point>
</Placemark>
<Placemark>
    <name>HUNTERS CREEK RELO 2721623583</name>
    <description>(731) 439-5644  01/20/11 21:19:00</description>
    <styleUrl>#defaultStyle</styleUrl>
    <Point>
        <coordinates>-81.4698131091,28.3612553021,500.0</coordinates>
    </Point>
</Placemark>
<Placemark>
    <name>HUNTERS CREEK RELO 2721623583</name>
    <description>(731) 439-5644  01/20/11 21:19:00</description>
    <styleUrl>#defaultStyle</styleUrl>
    <Point>
        <coordinates>-81.4698431337,28.3627689159,500.0</coordinates>
    </Point>
</Placemark>
<Placemark>
    <name>HUNTERS CREEK RELO 2721623583</name>
    <description>(731) 439-5644  01/20/11 21:19:00</description>
    <styleUrl>#defaultStyle</styleUrl>
    <Point>
        <coordinates>-81.4698131091,28.3642825513,500.0</coordinates>
    </Point>
</Placemark>
<Placemark>
    <name>HUNTERS CREEK RELO 2721623583</name>
    <description>(731) 439-5644  01/20/11 21:19:00</description>
    <styleUrl>#defaultStyle</styleUrl>
    <Point>
        <coordinates>-81.4697230717,28.3657943642,500.0</coordinates>
    </Point>
</Placemark>
<Placemark>
    <name>HUNTERS CREEK RELO 2721623583</name>
    <description>(731) 439-5644  01/20/11 21:19:00</description>
    <styleUrl>#defaultStyle</styleUrl>
    <Point>
        <coordinates>-81.4695731314,28.3673025124,500.0</coordinates>
    </Point>
</Placemark>
<Placemark>
    <name>HUNTERS CREEK RELO 2721623583</name>
    <description>(731) 439-5644  01/20/11 21:19:00</description>
    <styleUrl>#defaultStyle</styleUrl>
    <Point>
        <coordinates>-81.4693634707,28.3688051584,500.0</coordinates>
    </Point>
</Placemark>
<Placemark>
    <name>HUNTERS CREEK RELO 2721623583</name>
    <description>(731) 439-5644  01/20/11 21:19:00</description>
    <styleUrl>#defaultStyle</styleUrl>
    <Point>
        <coordinates>-81.469094345,28.3703004712,500.0</coordinates>
    </Point>
</Placemark>
<Placemark>
    <name>HUNTERS CREEK RELO 2721623583</name>
    <description>(731) 439-5644  01/20/11 21:19:00</description>
    <styleUrl>#defaultStyle</styleUrl>
    <Point>
        <coordinates>-81.4687660824,28.3717866285,500.0</coordinates>
    </Point>
</Placemark>
<Placemark>
    <name>HUNTERS CREEK RELO 2721623583</name>
    <description>(731) 439-5644  01/20/11 21:19:00</description>
    <styleUrl>#defaultStyle</styleUrl>
    <Point>
        <coordinates>-81.4683790827,28.3732618193,500.0</coordinates>
    </Point>
</Placemark>
<Placemark>
    <name>HUNTERS CREEK RELO 2721623583</name>
    <description>(731) 439-5644  01/20/11 21:19:00</description>
    <styleUrl>#defaultStyle</styleUrl>
    <Point>
        <coordinates>-81.4679338174,28.3747242458,500.0</coordinates>
    </Point>
</Placemark>
<Placemark>
    <name>HUNTERS CREEK RELO 2721623583</name>
    <description>(731) 439-5644  01/20/11 21:19:00</description>
    <styleUrl>#defaultStyle</styleUrl>
    <Point>
        <coordinates>-81.4674308291,28.3761721258,500.0</coordinates>
    </Point>
</Placemark>
<Placemark>
    <name>HUNTERS CREEK RELO 2721623583</name>
    <description>(731) 439-5644  01/20/11 21:19:00</description>
    <styleUrl>#defaultStyle</styleUrl>
    <Point>
        <coordinates>-81.4668707304,28.3776036945,500.0</coordinates>
    </Point>
</Placemark>
<Placemark>
    <name>HUNTERS CREEK RELO 2721623583</name>
    <description>(731) 439-5644  01/20/11 21:19:00</description>
    <styleUrl>#defaultStyle</styleUrl>
    <Point>
        <coordinates>-81.4662542039,28.3790172071,500.0</coordinates>
    </Point>
</Placemark>
<Placemark>
    <name>HUNTERS CREEK RELO 2721623583</name>
    <description>(731) 439-5644  01/20/11 21:19:00</description>
    <styleUrl>#defaultStyle</styleUrl>
    <Point>
        <coordinates>-81.4655820006,28.3804109408,500.0</coordinates>
    </Point>
</Placemark>
<Placemark>
    <name>HUNTERS CREEK RELO 2721623583</name>
    <description>(731) 439-5644  01/20/11 21:19:00</description>
    <styleUrl>#defaultStyle</styleUrl>
    <Point>
        <coordinates>-81.4648549395,28.3817831966,500.0</coordinates>
    </Point>
</Placemark>
<Placemark>
    <name>HUNTERS CREEK RELO 2721623583</name>
    <description>(731) 439-5644  01/20/11 21:19:00</description>
    <styleUrl>#defaultStyle</styleUrl>
    <Point>
        <coordinates>-81.4640739064,28.3831323018,500.0</coordinates>
    </Point>
</Placemark>
</Document>
</kml>
